transaction_id,txn_date,amount,party_name,gstin,category,invoice_number,is_tds_deducted,is_anomaly
TXN-2025-00001,2025-06-13,19878.05,Singhania Textiles Pvt Ltd,27BBBBB2654P5Z8,SAC 9983,INV/2025/38785,True,0
TXN-2025-00002,2025-06-25,11960.78,Verma Stationery Traders,27BBBBB7924C5Z3,HSN 4819,INV/2025/17331,True,0
TXN-2025-00003,2025-02-28,22429.91,Bharat Petroleum Dealer,09CCCCC2169F3Z9,HSN 8471,INV/2025/51347,True,0
TXN-2025-00004,2025-04-13,45180.64,Gupta Steel & Hardware Corp,19DDDDD4611P5Z1,HSN 8471,INV/2025/37653,True,0
TXN-2025-00005,2025-05-26,1000000.0,Chawla IT Services,27BBBBB3677P7Z5,SAC 9965,INV/2025/51245,True,1
TXN-2025-00006,2025-02-24,11077.71,Kapur Electronics,07AAAAA1750B5Z2,HSN 2710,INV/2025/61856,True,0
TXN-2025-00007,2025-06-14,47257.67,Aggarwal Auto Components,07AAAAA6881C5Z1,HSN 7208,INV/2025/44718,True,0
TXN-2025-00008,2025-02-05,24684.92,Sharma Logistics & Freight,33EEEEE1434F4Z9,SAC 9965,INV/2025/83579,True,0
TXN-2025-00009,2025-05-18,9176.68,Gupta Steel & Hardware Corp,19DDDDD4611P5Z1,SAC 9965,INV/2025/86622,True,0
TXN-2025-00010,2025-04-20,20620.64,Chawla IT Services,27BBBBB3677P7Z5,SAC 9983,INV/2025/62350,True,0
TXN-2025-00011,2025-04-03,9221.25,Sharma Logistics & Freight,33EEEEE1434F4Z9,HSN 7208,INV/2025/76784,True,0
TXN-2025-00012,2025-05-07,9204.21,Reliance Industries Ltd,27BBBBB2679F2Z7,HSN 4819,INV/2025/16175,True,0
TXN-2025-00013,2025-01-29,16213.02,Infosys Limited,07AAAAA1488A4Z4,SAC 9965,INV/2025/30969,True,0
TXN-2025-00014,2025-06-24,2891.05,Mehta Tech Solutions LLP,27BBBBB6514A2Z7,SAC 9983,INV/2025/18326,True,0
TXN-2025-00015,2025-04-09,3361.24,Mehta Tech Solutions LLP,27BBBBB6514A2Z7,SAC 9983,INV/2025/71348,True,0
TXN-2025-00016,2025-05-16,8519.99,Gupta Steel & Hardware Corp,19DDDDD4611P5Z1,SAC 9983,INV/2025/11504,True,0
TXN-2025-00017,2025-06-24,5941.61,Singhania Textiles Pvt Ltd,27BBBBB2654P5Z8,HSN 8471,INV/2025/99353,True,0
TXN-2025-00018,2025-05-18,17178.22,Apex Packaging Solutions,09CCCCC3664C6Z4,HSN 5208,INV/2025/94012,True,0
TXN-2025-00019,2025-03-29,124687.13,Reliance Industries Ltd,27BBBBB2679F2Z7,UNCLASSIFIED,INV/2025/66985,True,1
TXN-2025-00020,2025-02-10,4316.31,Aggarwal Auto Components,07AAAAA6881C5Z1,HSN 8471,INV/2025/44522,True,0
TXN-2025-00021,2025-05-09,43153.51,Apex Packaging Solutions,09CCCCC3664C6Z4,HSN 7208,INV/2025/76542,True,0
TXN-2025-00022,2025-01-28,11152.05,Bharat Petroleum Dealer,09CCCCC2169F3Z9,SAC 9965,INV/2025/49117,True,0
TXN-2025-00023,2025-06-13,14101.3,Delhi Distribution Network,19DDDDD9785A7Z2,SAC 9983,INV/2025/36071,True,0
TXN-2025-00024,2025-02-09,103208.85,Verma Stationery Traders,27BBBBB7924C5Z3,UNCLASSIFIED,INV/2025/31174,True,1
TXN-2025-00025,2025-05-19,8642.9,Apex Packaging Solutions,09CCCCC3664C6Z4,SAC 9983,INV/2025/10074,True,0
TXN-2025-00026,2025-06-03,14599.43,Verma Stationery Traders,27BBBBB7924C5Z3,HSN 2710,INV/2025/12552,True,0
TXN-2025-00027,2025-01-29,5319.88,Chawla IT Services,27BBBBB3677P7Z5,HSN 5208,INV/2025/50306,True,0
TXN-2025-00028,2025-03-03,18043.82,Tata Consultancy Services Ltd,07AAAAA1409C4Z4,HSN 7208,INV/2025/84364,True,0
TXN-2025-00029,2025-01-21,8262.55,Reliance Industries Ltd,27BBBBB2679F2Z7,SAC 9965,INV/2025/73699,True,0
TXN-2025-00030,2025-01-18,10579.2,Apex Packaging Solutions,07INVALIDGSTIN12,SAC 9983,INV/2025/26483,True,1
TXN-2025-00031,2025-02-02,8255.5,Kapur Electronics,07AAAAA1750B5Z2,HSN 2710,INV/2025/82063,True,0
TXN-2025-00032,2025-02-12,58795.61,Gupta Steel & Hardware Corp,19DDDDD4611P5Z1,SAC 9983,INV/2025/89507,True,0
TXN-2025-00033,2025-04-19,250715.89,Sharma Logistics & Freight,33EEEEE1434F4Z9,CASH PAYMENT,INV/2025/36365,True,1
TXN-2025-00034,2025-03-21,5732.07,Mehta Tech Solutions LLP,27BBBBB6514A2Z7,SAC 9965,INV/2025/95180,True,0
TXN-2025-00035,2025-04-06,25797.58,Aggarwal Auto Components,07AAAAA6881C5Z1,SAC 9983,INV/2025/69177,True,0
TXN-2025-00036,2025-01-31,5030.75,Sharma Logistics & Freight,33EEEEE1434F4Z9,HSN 7208,INV/2025/18392,True,0
TXN-2025-00037,2025-03-28,15789.35,Tata Consultancy Services Ltd,07AAAAA1409C4Z4,SAC 9983,INV/2025/82603,True,0
TXN-2025-00038,2025-02-28,2785.73,Global Enterprises,33EEEEE5803F6Z4,HSN 7208,INV/2025/10942,True,0
TXN-2025-00039,2025-01-19,4616.77,Singhania Textiles Pvt Ltd,27BBBBB2654P5Z8,SAC 9965,INV/2025/17716,True,0
TXN-2025-00040,2025-02-28,15638.47,Reliance Industries Ltd,27BBBBB2679F2Z7,HSN 8471,INV/2025/53309,True,0
TXN-2025-00041,2025-01-19,24119.44,Delhi Distribution Network,19DDDDD9785A7Z2,HSN 7208,INV/2025/46500,True,0
TXN-2025-00042,2025-06-21,15322.76,Aggarwal Auto Components,07AAAAA6881C5Z1,HSN 7208,INV/2025/80678,True,0
TXN-2025-00043,2025-02-03,500000.0,Singhania Textiles Pvt Ltd,27BBBBB2654P5Z8,SAC 9983,INV/2025/85525,True,1
TXN-2025-00044,2025-05-02,10499.86,Sharma Logistics & Freight,33EEEEE1434F4Z9,HSN 4819,INV/2025/71993,True,0
TXN-2025-00045,2025-04-15,4093.61,Sharma Logistics & Freight,33EEEEE1434F4Z9,HSN 8471,INV/2025/22704,True,0
TXN-2025-00046,2025-06-18,7511.01,Mehta Tech Solutions LLP,27BBBBB6514A2Z7,HSN 5208,INV/2025/65519,True,0
TXN-2025-00047,2025-04-16,9241.77,Aggarwal Auto Components,07AAAAA6881C5Z1,HSN 4819,INV/2025/17100,True,0
TXN-2025-00048,2025-06-22,31122.86,Kapur Electronics,07AAAAA1750B5Z2,SAC 9965,INV/2025/22899,True,0
TXN-2025-00049,2025-01-16,17586.64,Mehta Tech Solutions LLP,27BBBBB6514A2Z7,SAC 9965,INV/2025/54473,True,0
TXN-2025-00050,2025-01-28,3260.28,Sharma Logistics & Freight,33EEEEE1434F4Z9,HSN 7208,INV/2025/34931,True,0
TXN-2025-00051,2025-05-18,17313.94,Aggarwal Auto Components,07AAAAA6881C5Z1,HSN 7208,INV/2025/65296,True,0
TXN-2025-00052,2025-02-16,9817.62,Gupta Steel & Hardware Corp,19DDDDD4611P5Z1,HSN 2710,INV/2025/42742,True,0
TXN-2025-00053,2025-01-20,147958.25,Aggarwal Auto Components,07AAAAA6881C5Z1,HSN 4819,INV/2025/82132,True,1
TXN-2025-00054,2025-01-26,21792.93,Tata Consultancy Services Ltd,07AAAAA1409C4Z4,SAC 9965,INV/2025/80855,True,0
TXN-2025-00055,2025-01-04,30479.2,Reliance Industries Ltd,27BBBBB2679F2Z7,HSN 4819,INV/2025/40982,True,0
TXN-2025-00056,2025-02-12,28142.16,Mehta Tech Solutions LLP,27BBBBB6514A2Z7,HSN 2710,INV/2025/73092,True,0
TXN-2025-00057,2025-02-24,6826.9,Bharat Petroleum Dealer,09CCCCC2169F3Z9,HSN 2710,INV/2025/17685,True,0
TXN-2025-00058,2025-02-12,10431.97,Mehta Tech Solutions LLP,27BBBBB6514A2Z7,HSN 8471,INV/2025/61173,True,0
TXN-2025-00059,2025-03-09,17413.67,Chawla IT Services,27BBBBB3677P7Z5,HSN 4819,INV/2025/69638,True,0
TXN-2025-00060,2025-03-15,29156.59,Mehta Tech Solutions LLP,27BBBBB6514A2Z7,SAC 9965,INV/2025/82845,True,0
TXN-2025-00061,2025-06-19,9105.74,Singhania Textiles Pvt Ltd,27BBBBB2654P5Z8,HSN 2710,INV/2025/30289,True,0
TXN-2025-00062,2025-02-18,11515.77,Gupta Steel & Hardware Corp,19DDDDD4611P5Z1,HSN 7208,INV/2025/17665,True,0
TXN-2025-00063,2025-05-29,5513.37,Singhania Textiles Pvt Ltd,27BBBBB2654P5Z8,SAC 9983,INV/2025/17989,True,0
TXN-2025-00064,2025-03-22,5130.89,Tata Consultancy Services Ltd,07AAAAA1409C4Z4,HSN 8471,INV/2025/86569,True,0
TXN-2025-00065,2025-05-03,25591.63,Delhi Distribution Network,19DDDDD9785A7Z2,HSN 4819,INV/2025/79615,True,0
TXN-2025-00066,2025-02-10,39536.99,Tata Consultancy Services Ltd,07AAAAA1409C4Z4,SAC 9983,INV/2025/20500,True,0
TXN-2025-00067,2025-02-17,12611.85,Reliance Industries Ltd,27BBBBB2679F2Z7,SAC 9983,INV/2025/18907,True,0
TXN-2025-00068,2025-06-22,29816.77,Bharat Petroleum Dealer,09CCCCC2169F3Z9,HSN 7208,INV/2025/62923,True,0
TXN-2025-00069,2025-01-31,17841.97,Chawla IT Services,27BBBBB3677P7Z5,SAC 9983,INV/2025/42271,True,0
TXN-2025-00070,2025-05-29,7973.7,Global Enterprises,33EEEEE5803F6Z4,HSN 8471,INV/2025/91183,True,0
TXN-2025-00071,2025-01-21,17838.54,Mehta Tech Solutions LLP,27BBBBB6514A2Z7,SAC 9965,INV/2025/86503,True,0
TXN-2025-00072,2025-05-25,45726.32,Delhi Distribution Network,19DDDDD9785A7Z2,HSN 5208,INV/2025/44179,True,0
TXN-2025-00073,2025-02-22,12982.26,Kapur Electronics,07AAAAA1750B5Z2,SAC 9965,INV/2025/51180,True,0
TXN-2025-00074,2025-03-03,46710.06,Gupta Steel & Hardware Corp,19DDDDD4611P5Z1,HSN 2710,INV/2025/27154,True,0
TXN-2025-00075,2025-06-21,1642.88,Kapur Electronics,07AAAAA1750B5Z2,HSN 5208,INV/2025/69929,True,0
TXN-2025-00076,2025-03-22,25784.32,Chawla IT Services,27BBBBB3677P7Z5,HSN 4819,INV/2025/19508,True,0
TXN-2025-00077,2025-01-03,14323.23,Aggarwal Auto Components,07AAAAA6881C5Z1,SAC 9983,INV/2025/83792,True,0
TXN-2025-00078,2025-01-26,10517.48,Reliance Industries Ltd,27BBBBB2679F2Z7,SAC 9983,INV/2025/37938,True,0
TXN-2025-00079,2025-05-10,14377.34,Gupta Steel & Hardware Corp,19DDDDD4611P5Z1,HSN 7208,INV/2025/55745,True,0
TXN-2025-00080,2025-01-18,2724.24,Chawla IT Services,27BBBBB3677P7Z5,HSN 7208,INV/2025/58434,True,0
TXN-2025-00081,2025-03-14,11206.65,Infosys Limited,07AAAAA1488A4Z4,HSN 2710,INV/2025/81200,True,0
TXN-2025-00082,2025-01-03,17777.52,Gupta Steel & Hardware Corp,07AAAAA6881C5Z1,SAC 9983,INV/2025/83792,True,1
TXN-2025-00083,2025-05-16,43578.33,Tata Consultancy Services Ltd,07AAAAA1409C4Z4,SAC 9965,INV/2025/82692,True,0
TXN-2025-00084,2025-03-18,8825.35,Chawla IT Services,27BBBBB3677P7Z5,SAC 9965,INV/2025/23577,True,0
TXN-2025-00085,2025-02-04,6996.78,Gupta Steel & Hardware Corp,19DDDDD4611P5Z1,HSN 8471,INV/2025/24029,True,0
TXN-2025-00086,2025-05-22,8942.71,Infosys Limited,07AAAAA1488A4Z4,HSN 5208,INV/2025/46930,True,0
TXN-2025-00087,2025-06-04,27786.95,Sharma Logistics & Freight,33EEEEE1434F4Z9,SAC 9965,INV/2025/54942,True,0
TXN-2025-00088,2025-02-22,17378.71,Kapur Electronics,07AAAAA1750B5Z2,SAC 9965,INV/2025/44600,True,0
TXN-2025-00089,2025-05-10,8744.6,Aggarwal Auto Components,07AAAAA6881C5Z1,HSN 5208,INV/2025/16658,True,0
TXN-2025-00090,2025-01-24,20143.04,Kapur Electronics,07AAAAA1750B5Z2,HSN 2710,INV/2025/46265,True,0
TXN-2025-00091,2025-01-12,14438.62,Tata Consultancy Services Ltd,07AAAAA1409C4Z4,HSN 5208,INV/2025/27146,True,0
TXN-2025-00092,2025-06-13,1000000.0,Gupta Steel & Hardware Corp,19DDDDD4611P5Z1,HSN 7208,INV/2025/67912,True,1
TXN-2025-00093,2025-05-22,7618.67,Singhania Textiles Pvt Ltd,27BBBBB2654P5Z8,HSN 2710,INV/2025/83519,True,0
TXN-2025-00094,2025-01-03,10279.12,Reliance Industries Ltd,27BBBBB2679F2Z7,HSN 8471,INV/2025/29536,True,0
TXN-2025-00095,2025-05-20,9762.59,Tata Consultancy Services Ltd,07AAAAA1409C4Z4,HSN 4819,INV/2025/58393,True,0
TXN-2025-00096,2025-05-30,4143.05,Delhi Distribution Network,19DDDDD9785A7Z2,HSN 7208,INV/2025/66333,True,0
TXN-2025-00097,2025-02-02,16930.91,Tata Consultancy Services Ltd,07AAAAA1409C4Z4,HSN 5208,INV/2025/57795,True,0
TXN-2025-00098,2025-01-11,16462.56,Chawla IT Services,27BBBBB3677P7Z5,HSN 5208,INV/2025/37535,True,0
TXN-2025-00099,2025-06-24,13414.49,Sharma Logistics & Freight,33EEEEE1434F4Z9,SAC 9965,INV/2025/23473,True,0
TXN-2025-00100,2025-04-01,11073.72,Apex Packaging Solutions,09CCCCC3664C6Z4,SAC 9983,INV/2025/63264,True,0
TXN-2025-00101,2025-06-08,1000000.0,Singhania Textiles Pvt Ltd,27BBBBB2654P5Z8,HSN 7208,INV/2025/41029,True,1
TXN-2025-00102,2025-02-11,9542.24,Apex Packaging Solutions,09CCCCC3664C6Z4,HSN 4819,INV/2025/33206,True,0
TXN-2025-00103,2025-04-16,10156.09,Tata Consultancy Services Ltd,07AAAAA1409C4Z4,HSN 7208,INV/2025/53540,True,0
TXN-2025-00104,2025-04-16,7031.66,Apex Packaging Solutions,09CCCCC3664C6Z4,SAC 9965,INV/2025/42527,True,0
TXN-2025-00105,2025-03-10,11742.52,Infosys Limited,07AAAAA1488A4Z4,HSN 4819,INV/2025/24168,True,0
TXN-2025-00106,2025-04-08,18457.77,Bharat Petroleum Dealer,09CCCCC2169F3Z9,HSN 8471,INV/2025/71694,True,0
TXN-2025-00107,2025-02-26,60412.34,Sharma Logistics & Freight,33EEEEE1434F4Z9,HSN 4819,INV/2025/70332,True,0
TXN-2025-00108,2025-03-31,15362.15,Gupta Steel & Hardware Corp,19DDDDD4611P5Z1,HSN 4819,INV/2025/39831,True,0
TXN-2025-00109,2025-02-27,16416.47,Tata Consultancy Services Ltd,07AAAAA1409C4Z4,SAC 9965,INV/2025/35313,True,0
TXN-2025-00110,2025-03-10,12587.3,Verma Stationery Traders,07AAAAA1488A4Z4,HSN 5208,INV/2025/24168,True,1
TXN-2025-00111,2025-03-13,800000.0,Verma Stationery Traders,27BBBBB7924C5Z3,SAC 9965,INV/2025/76768,True,1
TXN-2025-00112,2025-04-13,13079.34,Kapur Electronics,07AAAAA1750B5Z2,HSN 4819,INV/2025/80282,True,0
TXN-2025-00113,2025-03-26,159907.75,Tata Consultancy Services Ltd,07AAAAA1409C4Z4,UNCLASSIFIED,INV/2025/44237,True,1
TXN-2025-00114,2025-02-15,95855.17,Global Enterprises,33EEEEE5803F6Z4,HSN 5208,INV/2025/15014,True,0
TXN-2025-00115,2025-01-28,11454.19,Global Enterprises,33EEEEE5803F6Z4,HSN 2710,INV/2025/55309,True,0
TXN-2025-00116,2025-03-22,17004.58,Mehta Tech Solutions LLP,27BBBBB6514A2Z7,SAC 9983,INV/2025/77033,True,0
TXN-2025-00117,2025-01-30,12993.84,Mehta Tech Solutions LLP,27BBBBB6514A2Z7,SAC 9983,INV/2025/34914,True,0
TXN-2025-00118,2025-03-07,5245.14,Tata Consultancy Services Ltd,07AAAAA1409C4Z4,SAC 9965,INV/2025/67154,True,0
TXN-2025-00119,2025-01-01,33331.5,Delhi Distribution Network,19DDDDD9785A7Z2,HSN 4819,INV/2025/80575,True,0
TXN-2025-00120,2025-06-25,24380.68,Singhania Textiles Pvt Ltd,27BBBBB2654P5Z8,SAC 9965,INV/2025/97900,True,0
TXN-2025-00121,2025-02-20,25155.34,Verma Stationery Traders,27BBBBB7924C5Z3,HSN 2710,INV/2025/19171,True,0
TXN-2025-00122,2025-06-20,6454.22,Chawla IT Services,27BBBBB3677P7Z5,HSN 5208,INV/2025/91678,True,0
TXN-2025-00123,2025-03-22,41037.25,Kapur Electronics,07AAAAA1750B5Z2,HSN 4819,INV/2025/26334,True,0
TXN-2025-00124,2025-03-18,4352.56,Delhi Distribution Network,19DDDDD9785A7Z2,HSN 5208,INV/2025/97410,True,0
TXN-2025-00125,2025-04-15,21364.49,Verma Stationery Traders,27BBBBB7924C5Z3,HSN 2710,INV/2025/48752,True,0
TXN-2025-00126,2025-05-22,77061.92,Infosys Limited,07AAAAA1488A4Z4,HSN 7208,INV/2025/65108,True,0
TXN-2025-00127,2025-06-20,6048.53,Mehta Tech Solutions LLP,27BBBBB6514A2Z7,SAC 9965,INV/2025/32810,True,0
TXN-2025-00128,2025-06-07,8492.7,Global Enterprises,33EEEEE5803F6Z4,HSN 5208,INV/2025/63225,True,0
TXN-2025-00129,2025-05-21,14468.38,Bharat Petroleum Dealer,09CCCCC2169F3Z9,HSN 8471,INV/2025/49829,True,0
TXN-2025-00130,2025-03-15,8930.43,Sharma Logistics & Freight,33EEEEE1434F4Z9,HSN 2710,INV/2025/86019,True,0
TXN-2025-00131,2025-06-05,3864.04,Kapur Electronics,07AAAAA1750B5Z2,HSN 5208,INV/2025/70946,True,0
TXN-2025-00132,2025-04-24,14112.98,Aggarwal Auto Components,07AAAAA6881C5Z1,SAC 9965,INV/2025/38010,True,0
TXN-2025-00133,2025-05-11,5711.04,Aggarwal Auto Components,07AAAAA6881C5Z1,HSN 4819,INV/2025/32241,True,0
TXN-2025-00134,2025-06-18,19513.74,Reliance Industries Ltd,27BBBBB2679F2Z7,HSN 5208,INV/2025/77561,True,0
TXN-2025-00135,2025-06-19,6402.61,Kapur Electronics,07AAAAA1750B5Z2,SAC 9983,INV/2025/53933,True,0
TXN-2025-00136,2025-01-24,46163.63,Bharat Petroleum Dealer,09CCCCC2169F3Z9,HSN 4819,INV/2025/40784,True,0
TXN-2025-00137,2025-06-22,7139.5,Gupta Steel & Hardware Corp,19DDDDD4611P5Z1,HSN 7208,INV/2025/36100,True,0
TXN-2025-00138,2025-02-07,10325.28,Tata Consultancy Services Ltd,07AAAAA1409C4Z4,HSN 8471,INV/2025/42092,True,0
TXN-2025-00139,2025-05-02,25611.94,Global Enterprises,33EEEEE5803F6Z4,HSN 4819,INV/2025/19545,True,0
TXN-2025-00140,2025-04-27,4990.59,Mehta Tech Solutions LLP,27BBBBB6514A2Z7,SAC 9965,INV/2025/85454,True,0
TXN-2025-00141,2025-02-19,16026.0,Singhania Textiles Pvt Ltd,27BBBBB2654P5Z8,SAC 9965,INV/2025/60328,True,0
TXN-2025-00142,2025-05-07,38014.17,Mehta Tech Solutions LLP,27BBBBB6514A2Z7,HSN 7208,INV/2025/29342,True,0
TXN-2025-00143,2025-06-17,3692.33,Singhania Textiles Pvt Ltd,27BBBBB2654P5Z8,HSN 8471,INV/2025/23970,True,0
TXN-2025-00144,2025-04-19,15486.24,Sharma Logistics & Freight,33EEEEE1434F4Z9,HSN 7208,INV/2025/77889,True,0
TXN-2025-00145,2025-04-29,16447.13,Tata Consultancy Services Ltd,07AAAAA1409C4Z4,SAC 9983,INV/2025/42662,True,0
TXN-2025-00146,2025-02-01,24970.7,Aggarwal Auto Components,07AAAAA6881C5Z1,HSN 7208,INV/2025/70901,True,0
TXN-2025-00147,2025-06-20,4966.34,Delhi Distribution Network,19DDDDD9785A7Z2,SAC 9983,INV/2025/88047,True,0
TXN-2025-00148,2025-03-23,4645.41,Apex Packaging Solutions,09CCCCC3664C6Z4,HSN 2710,INV/2025/90301,True,0
TXN-2025-00149,2025-05-10,20283.3,Mehta Tech Solutions LLP,27BBBBB6514A2Z7,HSN 4819,INV/2025/81810,True,0
TXN-2025-00150,2025-04-25,16942.62,Chawla IT Services,27BBBBB3677P7Z5,HSN 7208,INV/2025/72216,True,0
TXN-2025-00151,2025-04-26,16324.04,Gupta Steel & Hardware Corp,19DDDDD4611P5Z1,HSN 4819,INV/2025/42406,True,0
TXN-2025-00152,2025-06-13,17626.5,Gupta Steel & Hardware Corp,19DDDDD4611P5Z1,HSN 4819,INV/2025/78327,True,0
TXN-2025-00153,2025-05-05,7754.12,Kapur Electronics,07AAAAA1750B5Z2,HSN 7208,INV/2025/45992,True,0
TXN-2025-00154,2025-04-23,16087.58,Reliance Industries Ltd,27BBBBB2679F2Z7,SAC 9965,INV/2025/47450,True,0
TXN-2025-00155,2025-03-02,16889.68,Gupta Steel & Hardware Corp,19DDDDD4611P5Z1,HSN 5208,INV/2025/51904,True,0
TXN-2025-00156,2025-05-19,7544.08,Reliance Industries Ltd,27BBBBB2679F2Z7,HSN 7208,INV/2025/29769,True,0
TXN-2025-00157,2025-03-01,59433.87,Mehta Tech Solutions LLP,27BBBBB6514A2Z7,SAC 9965,INV/2025/30028,True,0
TXN-2025-00158,2025-06-30,19517.49,Sharma Logistics & Freight,33EEEEE1434F4Z9,HSN 8471,INV/2025/64377,True,0
TXN-2025-00159,2025-04-15,5151.06,Verma Stationery Traders,27BBBBB7924C5Z3,SAC 9983,INV/2025/71069,True,0
TXN-2025-00160,2025-04-17,22589.55,Tata Consultancy Services Ltd,07AAAAA1409C4Z4,HSN 7208,INV/2025/65069,True,0
TXN-2025-00161,2025-04-10,6125.74,Chawla IT Services,27BBBBB3677P7Z5,HSN 4819,INV/2025/86556,True,0
TXN-2025-00162,2025-06-28,25076.03,Tata Consultancy Services Ltd,07AAAAA1409C4Z4,HSN 4819,INV/2025/85456,True,0
TXN-2025-00163,2025-04-08,33754.75,Aggarwal Auto Components,07AAAAA6881C5Z1,HSN 8471,INV/2025/56105,True,0
TXN-2025-00164,2025-03-18,6928.88,Apex Packaging Solutions,09CCCCC3664C6Z4,HSN 2710,INV/2025/64921,True,0
TXN-2025-00165,2025-05-18,106810.42,Singhania Textiles Pvt Ltd,27BBBBB2654P5Z8,SAC 9983 (NO TDS),INV/2025/81582,False,1
TXN-2025-00166,2025-06-04,18587.13,Chawla IT Services,27BBBBB3677P7Z5,HSN 7208,INV/2025/73993,True,0
TXN-2025-00167,2025-02-26,85272.8,Gupta Steel & Hardware Corp,19DDDDD4611P5Z1,SAC 9983 (NO TDS),INV/2025/73654,False,1
TXN-2025-00168,2025-01-08,60927.16,Mehta Tech Solutions LLP,27BBBBB6514A2Z7,HSN 5208,INV/2025/97670,True,0
TXN-2025-00169,2025-06-23,10978.45,Apex Packaging Solutions,09CCCCC3664C6Z4,HSN 2710,INV/2025/31632,True,0
TXN-2025-00170,2025-04-30,7310.09,Chawla IT Services,27BBBBB3677P7Z5,HSN 7208,INV/2025/91560,True,0
TXN-2025-00171,2025-05-17,6557.66,Tata Consultancy Services Ltd,07AAAAA1409C4Z4,HSN 2710,INV/2025/87580,True,0
TXN-2025-00172,2025-05-25,6955.94,Kapur Electronics,07AAAAA1750B5Z2,HSN 8471,INV/2025/21003,True,0
TXN-2025-00173,2025-06-14,12560.58,Mehta Tech Solutions LLP,27BBBBB6514A2Z7,HSN 7208,INV/2025/70515,True,0
TXN-2025-00174,2025-02-16,17551.97,Tata Consultancy Services Ltd,07AAAAA1409C4Z4,HSN 5208,INV/2025/59689,True,0
TXN-2025-00175,2025-03-25,16669.78,Sharma Logistics & Freight,33EEEEE1434F4Z9,HSN 2710,INV/2025/52840,True,0
TXN-2025-00176,2025-03-28,25893.48,Apex Packaging Solutions,09CCCCC3664C6Z4,HSN 2710,INV/2025/46471,True,0
TXN-2025-00177,2025-04-18,13499.41,Gupta Steel & Hardware Corp,19DDDDD4611P5Z1,HSN 4819,INV/2025/20735,True,0
TXN-2025-00178,2025-05-01,42737.3,Tata Consultancy Services Ltd,07AAAAA1409C4Z4,SAC 9965,INV/2025/80702,True,0
TXN-2025-00179,2025-01-14,10810.51,Verma Stationery Traders,27BBBBB7924C5Z3,HSN 7208,INV/2025/95215,True,0
TXN-2025-00180,2025-01-18,117728.37,Apex Packaging Solutions,09CCCCC3664C6Z4,SAC 9965,INV/2025/15276,True,0
TXN-2025-00181,2025-01-08,22038.23,Sharma Logistics & Freight,33EEEEE1434F4Z9,HSN 7208,INV/2025/12671,True,0
TXN-2025-00182,2025-06-09,173701.18,Infosys Limited,07AAAAA1488A4Z4,UNCLASSIFIED,INV/2025/26544,True,1
TXN-2025-00183,2025-05-02,5671.94,Kapur Electronics,07AAAAA1750B5Z2,HSN 8471,INV/2025/83920,True,0
TXN-2025-00184,2025-02-25,19652.86,Aggarwal Auto Components,07AAAAA6881C5Z1,SAC 9965,INV/2025/43586,True,0
TXN-2025-00185,2025-04-05,11172.71,Infosys Limited,07AAAAA1488A4Z4,SAC 9983,INV/2025/89593,True,0
TXN-2025-00186,2025-01-08,23651.94,Apex Packaging Solutions,33EEEEE1434F4Z9,HSN 4819,INV/2025/12671,True,1
TXN-2025-00187,2025-03-21,19508.2,Reliance Industries Ltd,27BBBBB2679F2Z7,SAC 9983,INV/2025/13365,True,0
TXN-2025-00188,2025-03-21,12603.59,Global Enterprises,33EEEEE5803F6Z4,SAC 9965,INV/2025/59192,True,0
TXN-2025-00189,2025-04-12,6785.65,Singhania Textiles Pvt Ltd,27BBBBB2654P5Z8,HSN 7208,INV/2025/19961,True,0
TXN-2025-00190,2025-06-01,3976.36,Singhania Textiles Pvt Ltd,27BBBBB2654P5Z8,HSN 4819,INV/2025/92213,True,0
TXN-2025-00191,2025-03-04,9346.79,Reliance Industries Ltd,27BBBBB2679F2Z7,SAC 9965,INV/2025/49529,True,0
TXN-2025-00192,2025-06-25,26505.8,Global Enterprises,33EEEEE5803F6Z4,HSN 4819,INV/2025/25866,True,0
TXN-2025-00193,2025-05-25,15855.55,Apex Packaging Solutions,09CCCCC3664C6Z4,HSN 8471,INV/2025/55508,True,0
TXN-2025-00194,2025-05-17,4931.55,Mehta Tech Solutions LLP,27BBBBB6514A2Z7,SAC 9965,INV/2025/58571,True,0
TXN-2025-00195,2025-01-18,15345.0,Delhi Distribution Network,19DDDDD9785A7Z2,SAC 9965,INV/2025/54725,True,0
TXN-2025-00196,2025-01-04,18183.21,Bharat Petroleum Dealer,09CCCCC2169F3Z9,HSN 2710,INV/2025/74251,True,0
TXN-2025-00197,2025-01-28,400000.0,Mehta Tech Solutions LLP,27BBBBB6514A2Z7,HSN 5208,INV/2025/93307,True,1
TXN-2025-00198,2025-04-28,15108.01,Singhania Textiles Pvt Ltd,27BBBBB2654P5Z8,HSN 7208,INV/2025/67080,True,0
TXN-2025-00199,2025-02-15,13996.56,Singhania Textiles Pvt Ltd,27BBBBB2654P5Z8,SAC 9983,INV/2025/95256,True,0
TXN-2025-00200,2025-03-11,5354.13,Global Enterprises,33EEEEE5803F6Z4,HSN 4819,INV/2025/80539,True,0
TXN-2025-00201,2025-05-04,17787.12,Aggarwal Auto Components,07AAAAA6881C5Z1,HSN 2710,INV/2025/87656,True,0
TXN-2025-00202,2025-03-10,20923.49,Verma Stationery Traders,27BBBBB7924C5Z3,HSN 4819,INV/2025/42177,True,0
TXN-2025-00203,2025-01-23,31775.19,Gupta Steel & Hardware Corp,19DDDDD4611P5Z1,HSN 2710,INV/2025/41963,True,0
TXN-2025-00204,2025-04-29,31040.3,Global Enterprises,33EEEEE5803F6Z4,SAC 9983,INV/2025/97580,True,0
TXN-2025-00205,2025-04-08,4437.58,Verma Stationery Traders,27BBBBB7924C5Z3,HSN 8471,INV/2025/74789,True,0
TXN-2025-00206,2025-03-25,6309.05,Infosys Limited,07AAAAA1488A4Z4,HSN 2710,INV/2025/37802,True,0
TXN-2025-00207,2025-04-01,20171.54,Apex Packaging Solutions,09CCCCC3664C6Z4,HSN 5208,INV/2025/54608,True,0
TXN-2025-00208,2025-03-13,20151.39,Chawla IT Services,27BBBBB3677P7Z5,SAC 9983,INV/2025/46211,True,0
TXN-2025-00209,2025-05-23,20171.75,Tata Consultancy Services Ltd,07AAAAA1409C4Z4,SAC 9983,INV/2025/35042,True,0
TXN-2025-00210,2025-01-22,250000.0,Sharma Logistics & Freight,33EEEEE1434F4Z9,SAC 9965,INV/2025/63271,True,0
TXN-2025-00211,2025-05-06,21093.34,Delhi Distribution Network,19DDDDD9785A7Z2,HSN 4819,INV/2025/41499,True,0
TXN-2025-00212,2025-06-26,33138.55,Aggarwal Auto Components,07AAAAA6881C5Z1,SAC 9965,INV/2025/74332,True,0
TXN-2025-00213,2025-04-25,28658.39,Apex Packaging Solutions,09CCCCC3664C6Z4,HSN 8471,INV/2025/22196,True,0
TXN-2025-00214,2025-03-17,22496.45,Sharma Logistics & Freight,33EEEEE1434F4Z9,HSN 2710,INV/2025/41890,True,0
TXN-2025-00215,2025-03-20,10381.54,Kapur Electronics,07AAAAA1750B5Z2,SAC 9983,INV/2025/58368,True,0
TXN-2025-00216,2025-05-02,24518.31,Delhi Distribution Network,19DDDDD9785A7Z2,SAC 9983,INV/2025/55056,True,0
TXN-2025-00217,2025-04-19,7199.31,Singhania Textiles Pvt Ltd,27BBBBB2654P5Z8,SAC 9983,INV/2025/53357,True,0
TXN-2025-00218,2025-04-01,11053.97,Singhania Textiles Pvt Ltd,27BBBBB2654P5Z8,HSN 2710,INV/2025/45509,True,0
TXN-2025-00219,2025-03-20,9060.77,Gupta Steel & Hardware Corp,19DDDDD4611P5Z1,HSN 7208,INV/2025/25814,True,0
TXN-2025-00220,2025-02-19,14264.07,Verma Stationery Traders,27BBBBB7924C5Z3,HSN 8471,INV/2025/80236,True,0
TXN-2025-00221,2025-06-26,85112.3,Infosys Limited,07AAAAA1488A4Z4,HSN 7208,INV/2025/38361,True,0
TXN-2025-00222,2025-05-04,2999.46,Gupta Steel & Hardware Corp,19DDDDD4611P5Z1,SAC 9965,INV/2025/87278,True,0
TXN-2025-00223,2025-05-15,23132.83,Global Enterprises,33EEEEE5803F6Z4,HSN 5208,INV/2025/23176,True,0
TXN-2025-00224,2025-02-19,3676.91,Gupta Steel & Hardware Corp,19DDDDD4611P5Z1,HSN 7208,INV/2025/57301,True,0
TXN-2025-00225,2025-02-15,9158.65,Gupta Steel & Hardware Corp,19DDDDD4611P5Z1,HSN 8471,INV/2025/80010,True,0
TXN-2025-00226,2025-02-02,31925.5,Gupta Steel & Hardware Corp,19DDDDD4611P5Z1,HSN 8471,INV/2025/17146,True,0
TXN-2025-00227,2025-05-22,128893.95,Gupta Steel & Hardware Corp,19DDDDD4611P5Z1,UNCLASSIFIED,INV/2025/26551,True,1
TXN-2025-00228,2025-06-13,5640.93,Bharat Petroleum Dealer,09CCCCC2169F3Z9,HSN 4819,INV/2025/74340,True,0
TXN-2025-00229,2025-01-27,7538.34,Bharat Petroleum Dealer,09CCCCC2169F3Z9,HSN 8471,INV/2025/85243,True,0
TXN-2025-00230,2025-03-14,23009.86,Aggarwal Auto Components,07AAAAA6881C5Z1,HSN 2710,INV/2025/67733,True,0
TXN-2025-00231,2025-03-29,7448.04,Infosys Limited,07AAAAA1488A4Z4,HSN 8471,INV/2025/43092,True,0
TXN-2025-00232,2025-05-03,15885.58,Reliance Industries Ltd,27BBBBB2679F2Z7,HSN 4819,INV/2025/18564,True,0
TXN-2025-00233,2025-04-13,218142.78,Aggarwal Auto Components,07AAAAA6881C5Z1,UNCLASSIFIED,INV/2025/85631,True,1
TXN-2025-00234,2025-06-11,7932.47,Kapur Electronics,07AAAAA1750B5Z2,HSN 8471,INV/2025/29887,True,0
TXN-2025-00235,2025-02-08,74247.19,Apex Packaging Solutions,09CCCCC3664C6Z4,SAC 9983,INV/2025/49824,True,0
TXN-2025-00236,2025-01-22,22184.19,Sharma Logistics & Freight,33EEEEE1434F4Z9,HSN 8471,INV/2025/83147,True,0
TXN-2025-00237,2025-04-17,2643.57,Global Enterprises,33EEEEE5803F6Z4,SAC 9983,INV/2025/91057,True,0
TXN-2025-00238,2025-02-27,15508.81,Apex Packaging Solutions,09CCCCC3664C6Z4,SAC 9983,INV/2025/59856,True,0
TXN-2025-00239,2025-04-26,7868.09,Chawla IT Services,27BBBBB3677P7Z5,HSN 2710,INV/2025/48974,True,0
TXN-2025-00240,2025-05-31,26421.85,Mehta Tech Solutions LLP,27BBBBB6514A2Z7,HSN 5208,INV/2025/84531,True,0
TXN-2025-00241,2025-06-08,400000.0,Tata Consultancy Services Ltd,07AAAAA1409C4Z4,SAC 9983,INV/2025/23006,True,1
TXN-2025-00242,2025-02-23,12188.05,Kapur Electronics,07AAAAA1750B5Z2,HSN 7208,INV/2025/44687,True,0
TXN-2025-00243,2025-06-19,20010.05,Reliance Industries Ltd,27BBBBB2679F2Z7,HSN 7208,INV/2025/41439,True,0
TXN-2025-00244,2025-02-14,26704.95,Delhi Distribution Network,19DDDDD9785A7Z2,HSN 8471,INV/2025/30517,True,0
TXN-2025-00245,2025-01-01,5114.13,Mehta Tech Solutions LLP,27BBBBB6514A2Z7,HSN 2710,INV/2025/87832,True,0
TXN-2025-00246,2025-05-01,10223.04,Gupta Steel & Hardware Corp,19DDDDD4611P5Z1,HSN 8471,INV/2025/40340,True,0
TXN-2025-00247,2025-03-15,9136.6,Singhania Textiles Pvt Ltd,27BBBBB2654P5Z8,HSN 5208,INV/2025/69510,True,0
TXN-2025-00248,2025-01-19,7921.51,Kapur Electronics,07AAAAA1750B5Z2,HSN 7208,INV/2025/44675,True,0
TXN-2025-00249,2025-06-10,54850.33,Global Enterprises,33EEEEE5803F6Z4,SAC 9965,INV/2025/35928,True,0
TXN-2025-00250,2025-04-19,18471.52,Reliance Industries Ltd,27BBBBB2679F2Z7,SAC 9983,INV/2025/39466,True,0
TXN-2025-00251,2025-06-15,4872.16,Infosys Limited,07AAAAA1488A4Z4,HSN 5208,INV/2025/28643,True,0
TXN-2025-00252,2025-01-19,27841.68,Tata Consultancy Services Ltd,07AAAAA1409C4Z4,HSN 7208,INV/2025/50319,True,0
TXN-2025-00253,2025-06-02,72964.26,Singhania Textiles Pvt Ltd,27BBBBB2654P5Z8,HSN 4819,INV/2025/84607,True,0
TXN-2025-00254,2025-03-15,30514.96,Aggarwal Auto Components,07AAAAA6881C5Z1,HSN 8471,INV/2025/71433,True,0
TXN-2025-00255,2025-06-26,3962.0,Gupta Steel & Hardware Corp,19DDDDD4611P5Z1,SAC 9965,INV/2025/62757,True,0
TXN-2025-00256,2025-03-11,9068.96,Delhi Distribution Network,19DDDDD9785A7Z2,SAC 9983,INV/2025/74722,True,0
TXN-2025-00257,2025-04-23,36810.15,Reliance Industries Ltd,27BBBBB2679F2Z7,SAC 9983,INV/2025/15224,True,0
TXN-2025-00258,2025-04-21,7584.52,Singhania Textiles Pvt Ltd,27BBBBB2654P5Z8,HSN 5208,INV/2025/89129,True,0
TXN-2025-00259,2025-03-06,19054.44,Tata Consultancy Services Ltd,07AAAAA1409C4Z4,HSN 8471,INV/2025/40005,True,0
TXN-2025-00260,2025-06-22,400000.0,Bharat Petroleum Dealer,09CCCCC2169F3Z9,HSN 4819,INV/2025/85392,True,1
TXN-2025-00261,2025-05-31,6364.28,Tata Consultancy Services Ltd,07AAAAA1409C4Z4,HSN 4819,INV/2025/98117,True,0
TXN-2025-00262,2025-03-10,12738.44,Global Enterprises,33EEEEE5803F6Z4,HSN 8471,INV/2025/32962,True,0
TXN-2025-00263,2025-05-01,1000000.0,Delhi Distribution Network,19DDDDD9785A7Z2,SAC 9965,INV/2025/67963,True,1
TXN-2025-00264,2025-03-13,5886.93,Infosys Limited,07INVALIDGSTIN12,SAC 9983,INV/2025/67132,True,1
TXN-2025-00265,2025-06-12,10915.57,Bharat Petroleum Dealer,09CCCCC2169F3Z9,HSN 2710,INV/2025/21959,True,0
TXN-2025-00266,2025-05-01,4923.49,Verma Stationery Traders,27BBBBB7924C5Z3,HSN 2710,INV/2025/53687,True,0
TXN-2025-00267,2025-03-24,49312.31,Kapur Electronics,07AAAAA1750B5Z2,HSN 8471,INV/2025/31079,True,0
TXN-2025-00268,2025-03-26,4255.16,Mehta Tech Solutions LLP,27BBBBB6514A2Z7,SAC 9965,INV/2025/74942,True,0
TXN-2025-00269,2025-03-15,9395.3,Kapur Electronics,07AAAAA1750B5Z2,HSN 2710,INV/2025/82102,True,0
TXN-2025-00270,2025-01-10,14832.74,Aggarwal Auto Components,07AAAAA6881C5Z1,HSN 8471,INV/2025/51224,True,0
TXN-2025-00271,2025-03-06,42320.15,Verma Stationery Traders,27BBBBB7924C5Z3,HSN 8471,INV/2025/62976,True,0
TXN-2025-00272,2025-05-12,4235.73,Bharat Petroleum Dealer,09CCCCC2169F3Z9,HSN 8471,INV/2025/96200,True,0
TXN-2025-00273,2025-05-19,33878.33,Aggarwal Auto Components,07AAAAA6881C5Z1,HSN 2710,INV/2025/17104,True,0
TXN-2025-00274,2025-02-18,13469.54,Delhi Distribution Network,19DDDDD9785A7Z2,HSN 5208,INV/2025/91609,True,0
TXN-2025-00275,2025-05-08,6092.37,Kapur Electronics,07AAAAA1750B5Z2,HSN 2710,INV/2025/16764,True,0
TXN-2025-00276,2025-02-22,19335.2,Gupta Steel & Hardware Corp,19DDDDD4611P5Z1,SAC 9983,INV/2025/27172,True,0
TXN-2025-00277,2025-03-15,15666.0,Aggarwal Auto Components,07AAAAA6881C5Z1,SAC 9965,INV/2025/73532,True,0
TXN-2025-00278,2025-02-01,8265.34,Tata Consultancy Services Ltd,07AAAAA1409C4Z4,SAC 9965,INV/2025/89806,True,0
TXN-2025-00279,2025-03-03,14126.98,Singhania Textiles Pvt Ltd,27BBBBB2654P5Z8,HSN 7208,INV/2025/50730,True,0
TXN-2025-00280,2025-05-22,9815.81,Tata Consultancy Services Ltd,07AAAAA1409C4Z4,SAC 9983,INV/2025/63476,True,0
TXN-2025-00281,2025-01-24,14629.77,Sharma Logistics & Freight,33EEEEE1434F4Z9,HSN 4819,INV/2025/24871,True,0
TXN-2025-00282,2025-04-29,22690.57,Reliance Industries Ltd,27BBBBB2679F2Z7,SAC 9965,INV/2025/30181,True,0
TXN-2025-00283,2025-05-08,47515.6,Chawla IT Services,27BBBBB3677P7Z5,SAC 9965,INV/2025/48254,True,0
TXN-2025-00284,2025-05-11,4962.91,Singhania Textiles Pvt Ltd,27BBBBB2654P5Z8,HSN 5208,INV/2025/64459,True,0
TXN-2025-00285,2025-05-04,73601.94,Aggarwal Auto Components,07AAAAA6881C5Z1,HSN 7208,INV/2025/69871,True,0
TXN-2025-00286,2025-05-22,2802.68,Infosys Limited,07INVALIDGSTIN12,HSN 2710,INV/2025/34983,True,1
TXN-2025-00287,2025-06-03,11832.11,Delhi Distribution Network,19DDDDD9785A7Z2,SAC 9965,INV/2025/27892,True,0
TXN-2025-00288,2025-01-18,21389.46,Gupta Steel & Hardware Corp,19DDDDD4611P5Z1,HSN 4819,INV/2025/64387,True,0
TXN-2025-00289,2025-03-29,16727.23,Chawla IT Services,27BBBBB3677P7Z5,HSN 4819,INV/2025/76550,True,0
TXN-2025-00290,2025-03-10,8118.01,Bharat Petroleum Dealer,09CCCCC2169F3Z9,HSN 8471,INV/2025/47072,True,0
TXN-2025-00291,2025-03-18,11310.67,Bharat Petroleum Dealer,09CCCCC2169F3Z9,SAC 9983,INV/2025/86011,True,0
TXN-2025-00292,2025-06-18,9005.58,Aggarwal Auto Components,07AAAAA6881C5Z1,HSN 4819,INV/2025/29476,True,0
TXN-2025-00293,2025-04-25,8337.41,Delhi Distribution Network,19DDDDD9785A7Z2,HSN 2710,INV/2025/55236,True,0
TXN-2025-00294,2025-03-27,26362.07,Delhi Distribution Network,19DDDDD9785A7Z2,HSN 4819,INV/2025/81228,True,0
TXN-2025-00295,2025-04-07,92373.31,Aggarwal Auto Components,07AAAAA6881C5Z1,UNCLASSIFIED,INV/2025/34727,True,1
TXN-2025-00296,2025-06-28,7674.61,Sharma Logistics & Freight,33EEEEE1434F4Z9,SAC 9983,INV/2025/60196,True,0
TXN-2025-00297,2025-03-01,800000.0,Bharat Petroleum Dealer,09CCCCC2169F3Z9,HSN 4819,INV/2025/63841,True,1
TXN-2025-00298,2025-01-12,17083.01,Verma Stationery Traders,27BBBBB7924C5Z3,SAC 9965,INV/2025/71993,True,0
TXN-2025-00299,2025-06-30,25598.52,Chawla IT Services,27BBBBB3677P7Z5,HSN 4819,INV/2025/59968,True,0
TXN-2025-00300,2025-04-09,22108.18,Kapur Electronics,07AAAAA1750B5Z2,HSN 4819,INV/2025/95461,True,0
TXN-2025-00301,2025-02-08,6882.96,Aggarwal Auto Components,07AAAAA6881C5Z1,HSN 8471,INV/2025/26547,True,0
TXN-2025-00302,2025-05-09,8534.36,Global Enterprises,33EEEEE5803F6Z4,HSN 5208,INV/2025/23154,True,0
TXN-2025-00303,2025-04-23,24290.36,Reliance Industries Ltd,27BBBBB2679F2Z7,SAC 9983,INV/2025/69890,True,0
TXN-2025-00304,2025-01-04,21770.18,Singhania Textiles Pvt Ltd,27BBBBB2654P5Z8,HSN 7208,INV/2025/63736,True,0
TXN-2025-00305,2025-06-17,13138.19,Infosys Limited,07AAAAA1488A4Z4,HSN 8471,INV/2025/71537,True,0
TXN-2025-00306,2025-03-09,349366.14,Verma Stationery Traders,27BBBBB7924C5Z3,CASH PAYMENT,INV/2025/62098,True,1
TXN-2025-00307,2025-06-16,37128.19,Reliance Industries Ltd,27BBBBB2679F2Z7,HSN 4819,INV/2025/53065,True,0
TXN-2025-00308,2025-06-22,8322.71,Bharat Petroleum Dealer,09CCCCC2169F3Z9,SAC 9983,INV/2025/59808,True,0
TXN-2025-00309,2025-03-23,20695.63,Kapur Electronics,07AAAAA1750B5Z2,SAC 9965,INV/2025/73956,True,0
TXN-2025-00310,2025-05-19,58537.73,Tata Consultancy Services Ltd,07AAAAA1409C4Z4,SAC 9983 (NO TDS),INV/2025/18968,False,1
TXN-2025-00311,2025-03-02,11224.51,Kapur Electronics,07AAAAA1750B5Z2,SAC 9965,INV/2025/47667,True,0
TXN-2025-00312,2025-02-28,32177.46,Singhania Textiles Pvt Ltd,27BBBBB2654P5Z8,HSN 8471,INV/2025/66881,True,0
TXN-2025-00313,2025-01-26,1000000.0,Apex Packaging Solutions,09CCCCC3664C6Z4,SAC 9965,INV/2025/23173,True,1
TXN-2025-00314,2025-04-24,25611.78,Infosys Limited,07AAAAA1488A4Z4,SAC 9965,INV/2025/49251,True,0
TXN-2025-00315,2025-01-08,37963.6,Tata Consultancy Services Ltd,07AAAAA1409C4Z4,HSN 5208,INV/2025/17355,True,0
TXN-2025-00316,2025-03-17,13586.11,Verma Stationery Traders,27BBBBB7924C5Z3,HSN 5208,INV/2025/66450,True,0
TXN-2025-00317,2025-02-07,23053.26,Sharma Logistics & Freight,33EEEEE1434F4Z9,SAC 9983,INV/2025/64008,True,0
TXN-2025-00318,2025-05-25,10423.17,Kapur Electronics,07AAAAA1750B5Z2,HSN 4819,INV/2025/33600,True,0
TXN-2025-00319,2025-02-13,17315.08,Infosys Limited,07AAAAA1488A4Z4,HSN 8471,INV/2025/89887,True,0
TXN-2025-00320,2025-04-08,12038.75,Global Enterprises,33EEEEE5803F6Z4,SAC 9965,INV/2025/41566,True,0
TXN-2025-00321,2025-05-08,14437.68,Chawla IT Services,27BBBBB3677P7Z5,SAC 9983,INV/2025/28758,True,0
TXN-2025-00322,2025-03-01,21506.83,Aggarwal Auto Components,07AAAAA6881C5Z1,SAC 9965,INV/2025/43289,True,0
TXN-2025-00323,2025-04-28,6942.54,Gupta Steel & Hardware Corp,19DDDDD4611P5Z1,SAC 9965,INV/2025/11231,True,0
TXN-2025-00324,2025-04-30,71247.13,Chawla IT Services,27BBBBB3677P7Z5,HSN 5208,INV/2025/98815,True,0
TXN-2025-00325,2025-05-20,5974.08,Infosys Limited,07AAAAA1488A4Z4,HSN 8471,INV/2025/67898,True,0
TXN-2025-00326,2025-03-30,5057.61,Global Enterprises,33EEEEE5803F6Z4,HSN 5208,INV/2025/93746,True,0
TXN-2025-00327,2025-04-19,33741.66,Singhania Textiles Pvt Ltd,27BBBBB2654P5Z8,HSN 5208,INV/2025/69878,True,0
TXN-2025-00328,2025-03-19,25168.04,Sharma Logistics & Freight,33EEEEE1434F4Z9,HSN 2710,INV/2025/73335,True,0
TXN-2025-00329,2025-01-28,22010.96,Sharma Logistics & Freight,33EEEEE1434F4Z9,HSN 2710,INV/2025/84963,True,0
TXN-2025-00330,2025-04-02,22085.5,Global Enterprises,33EEEEE5803F6Z4,HSN 5208,INV/2025/48696,True,0
TXN-2025-00331,2025-01-06,1000000.0,Bharat Petroleum Dealer,09CCCCC2169F3Z9,SAC 9965,INV/2025/61879,True,1
TXN-2025-00332,2025-03-12,121170.73,Tata Consultancy Services Ltd,07AAAAA1409C4Z4,SAC 9983,INV/2025/99889,True,1
TXN-2025-00333,2025-01-13,14194.98,Chawla IT Services,27BBBBB3677P7Z5,SAC 9983,INV/2025/75107,True,0
TXN-2025-00334,2025-03-15,7771.91,Apex Packaging Solutions,09CCCCC3664C6Z4,HSN 4819,INV/2025/40162,True,0
TXN-2025-00335,2025-06-05,29146.67,Apex Packaging Solutions,09CCCCC3664C6Z4,HSN 5208,INV/2025/38705,True,0
TXN-2025-00336,2025-06-12,11876.94,Sharma Logistics & Freight,33EEEEE1434F4Z9,SAC 9983,INV/2025/42850,True,0
TXN-2025-00337,2025-06-23,151826.58,Apex Packaging Solutions,09CCCCC3664C6Z4,UNCLASSIFIED,INV/2025/96400,True,1
TXN-2025-00338,2025-06-24,10330.87,Bharat Petroleum Dealer,09CCCCC2169F3Z9,HSN 7208,INV/2025/92345,True,0
TXN-2025-00339,2025-01-25,18589.37,Chawla IT Services,27BBBBB3677P7Z5,SAC 9965,INV/2025/94717,True,0
TXN-2025-00340,2025-01-11,8510.2,Gupta Steel & Hardware Corp,19DDDDD4611P5Z1,HSN 4819,INV/2025/67779,True,0
TXN-2025-00341,2025-01-09,6920.36,Global Enterprises,33EEEEE5803F6Z4,HSN 5208,INV/2025/27224,True,0
TXN-2025-00342,2025-01-24,16235.41,Chawla IT Services,27BBBBB3677P7Z5,HSN 5208,INV/2025/52823,True,0
TXN-2025-00343,2025-04-17,361960.15,Infosys Limited,07AAAAA1488A4Z4,HSN 7208,INV/2025/27322,True,1
TXN-2025-00344,2025-05-19,8905.69,Chawla IT Services,27BBBBB3677P7Z5,HSN 5208,INV/2025/79579,True,0
TXN-2025-00345,2025-05-09,9165.2,Chawla IT Services,27BBBBB3677P7Z5,HSN 5208,INV/2025/31567,True,0
TXN-2025-00346,2025-03-07,16084.96,Chawla IT Services,27BBBBB3677P7Z5,HSN 4819,INV/2025/73156,True,0
TXN-2025-00347,2025-03-17,87652.37,Singhania Textiles Pvt Ltd,27BBBBB2654P5Z8,HSN 4819,INV/2025/54396,True,1
TXN-2025-00348,2025-01-30,4333.06,Aggarwal Auto Components,07AAAAA6881C5Z1,HSN 8471,INV/2025/28449,True,0
TXN-2025-00349,2025-02-27,334316.37,Bharat Petroleum Dealer,09CCCCC2169F3Z9,CASH PAYMENT,INV/2025/98395,True,1
TXN-2025-00350,2025-04-12,800000.0,Bharat Petroleum Dealer,09CCCCC2169F3Z9,HSN 4819,INV/2025/83048,True,1
TXN-2025-00351,2025-04-04,17132.39,Reliance Industries Ltd,27BBBBB2679F2Z7,HSN 4819,INV/2025/61717,True,0
TXN-2025-00352,2025-01-04,43489.94,Gupta Steel & Hardware Corp,19DDDDD4611P5Z1,SAC 9983,INV/2025/26199,True,0
TXN-2025-00353,2025-04-27,26532.55,Verma Stationery Traders,27BBBBB7924C5Z3,SAC 9965,INV/2025/98125,True,0
TXN-2025-00354,2025-03-09,11755.18,Global Enterprises,33EEEEE5803F6Z4,HSN 2710,INV/2025/93695,True,0
TXN-2025-00355,2025-04-06,13158.02,Reliance Industries Ltd,27BBBBB2679F2Z7,SAC 9965,INV/2025/40647,True,0
TXN-2025-00356,2025-05-01,5990.78,Tata Consultancy Services Ltd,07AAAAA1409C4Z4,SAC 9983,INV/2025/83584,True,0
TXN-2025-00357,2025-01-04,13163.32,Chawla IT Services,19DDDDD4611P5Z1,SAC 9983,INV/2025/26199,True,1
TXN-2025-00358,2025-06-15,10604.92,Reliance Industries Ltd,27BBBBB2679F2Z7,SAC 9965,INV/2025/70852,True,0
TXN-2025-00359,2025-06-29,201273.13,Gupta Steel & Hardware Corp,19DDDDD4611P5Z1,UNCLASSIFIED,INV/2025/63516,True,1
TXN-2025-00360,2025-01-30,6892.68,Infosys Limited,07AAAAA1488A4Z4,HSN 8471,INV/2025/14877,True,0
TXN-2025-00361,2025-03-19,20241.24,Aggarwal Auto Components,07AAAAA6881C5Z1,HSN 8471,INV/2025/22739,True,0
TXN-2025-00362,2025-03-02,500000.0,Chawla IT Services,27BBBBB3677P7Z5,SAC 9983,INV/2025/27781,True,1
TXN-2025-00363,2025-04-10,12246.46,Aggarwal Auto Components,07AAAAA6881C5Z1,HSN 5208,INV/2025/97881,True,0
TXN-2025-00364,2025-06-28,18423.26,Delhi Distribution Network,19DDDDD9785A7Z2,HSN 2710,INV/2025/86983,True,0
TXN-2025-00365,2025-02-09,23204.82,Chawla IT Services,27BBBBB3677P7Z5,HSN 2710,INV/2025/95841,True,0
TXN-2025-00366,2025-01-26,9691.69,Bharat Petroleum Dealer,09CCCCC2169F3Z9,HSN 2710,INV/2025/90694,True,0
TXN-2025-00367,2025-04-15,15982.89,Gupta Steel & Hardware Corp,19DDDDD4611P5Z1,HSN 8471,INV/2025/58566,True,0
TXN-2025-00368,2025-02-25,13494.99,Aggarwal Auto Components,07AAAAA6881C5Z1,HSN 2710,INV/2025/40947,True,0
TXN-2025-00369,2025-04-03,14445.54,Reliance Industries Ltd,27BBBBB2679F2Z7,SAC 9965,INV/2025/58147,True,0
TXN-2025-00370,2025-05-20,7198.24,Chawla IT Services,27BBBBB3677P7Z5,SAC 9965,INV/2025/57012,True,0
TXN-2025-00371,2025-01-16,117820.1,Mehta Tech Solutions LLP,27BBBBB6514A2Z7,SAC 9983 (NO TDS),INV/2025/34878,False,1
TXN-2025-00372,2025-02-01,19898.48,Bharat Petroleum Dealer,09CCCCC2169F3Z9,HSN 4819,INV/2025/69600,True,0
TXN-2025-00373,2025-01-24,42655.64,Kapur Electronics,07AAAAA1750B5Z2,HSN 7208,INV/2025/94109,True,0
TXN-2025-00374,2025-06-13,28779.44,Global Enterprises,33EEEEE5803F6Z4,HSN 8471,INV/2025/16629,True,0
TXN-2025-00375,2025-03-27,74797.97,Sharma Logistics & Freight,33EEEEE1434F4Z9,HSN 7208,INV/2025/84000,True,0
TXN-2025-00376,2025-02-22,7230.92,Reliance Industries Ltd,27BBBBB2679F2Z7,HSN 4819,INV/2025/82641,True,0
TXN-2025-00377,2025-02-23,26845.58,Global Enterprises,33EEEEE5803F6Z4,HSN 7208,INV/2025/40539,True,0
TXN-2025-00378,2025-03-26,15470.24,Apex Packaging Solutions,09CCCCC3664C6Z4,HSN 7208,INV/2025/88116,True,0
TXN-2025-00379,2025-01-01,77021.69,Gupta Steel & Hardware Corp,19DDDDD4611P5Z1,HSN 4819,INV/2025/28964,True,0
TXN-2025-00380,2025-02-03,6997.87,Delhi Distribution Network,19DDDDD9785A7Z2,HSN 5208,INV/2025/32871,True,0
TXN-2025-00381,2025-01-29,6824.15,Kapur Electronics,07AAAAA1750B5Z2,HSN 4819,INV/2025/13379,True,0
TXN-2025-00382,2025-02-03,8270.79,Tata Consultancy Services Ltd,07AAAAA1409C4Z4,HSN 5208,INV/2025/41186,True,0
TXN-2025-00383,2025-05-31,2442.76,Verma Stationery Traders,27BBBBB7924C5Z3,HSN 8471,INV/2025/32838,True,0
TXN-2025-00384,2025-03-09,8772.67,Tata Consultancy Services Ltd,07AAAAA1409C4Z4,HSN 7208,INV/2025/65176,True,0
TXN-2025-00385,2025-05-15,7278.6,Reliance Industries Ltd,27BBBBB2679F2Z7,SAC 9965,INV/2025/18330,True,0
TXN-2025-00386,2025-05-02,15067.8,Aggarwal Auto Components,07AAAAA6881C5Z1,HSN 4819,INV/2025/57453,True,0
TXN-2025-00387,2025-05-12,17560.46,Global Enterprises,33EEEEE5803F6Z4,HSN 8471,INV/2025/69245,True,0
TXN-2025-00388,2025-05-09,59930.25,Sharma Logistics & Freight,33EEEEE1434F4Z9,SAC 9983,INV/2025/15683,True,0
TXN-2025-00389,2025-06-18,28576.47,Delhi Distribution Network,19DDDDD9785A7Z2,HSN 5208,INV/2025/70036,True,0
TXN-2025-00390,2025-06-14,8420.94,Tata Consultancy Services Ltd,07AAAAA1409C4Z4,HSN 8471,INV/2025/72781,True,0
TXN-2025-00391,2025-04-13,6511.13,Mehta Tech Solutions LLP,27BBBBB6514A2Z7,SAC 9965,INV/2025/24150,True,0
TXN-2025-00392,2025-05-06,19801.94,Singhania Textiles Pvt Ltd,27BBBBB2654P5Z8,HSN 2710,INV/2025/19632,True,0
TXN-2025-00393,2025-01-21,4646.24,Verma Stationery Traders,27BBBBB7924C5Z3,SAC 9983,INV/2025/29442,True,0
TXN-2025-00394,2025-01-17,57824.45,Infosys Limited,07AAAAA1488A4Z4,HSN 5208,INV/2025/91830,True,0
TXN-2025-00395,2025-06-12,34322.35,Global Enterprises,33EEEEE5803F6Z4,SAC 9983,INV/2025/52622,True,0
TXN-2025-00396,2025-04-08,9178.87,Global Enterprises,33EEEEE5803F6Z4,SAC 9983,INV/2025/48652,True,0
TXN-2025-00397,2025-04-27,3393.08,Delhi Distribution Network,19DDDDD9785A7Z2,SAC 9983,INV/2025/66387,True,0
TXN-2025-00398,2025-01-26,39462.18,Apex Packaging Solutions,09CCCCC3664C6Z4,SAC 9965,INV/2025/24996,True,0
TXN-2025-00399,2025-06-17,12189.96,Kapur Electronics,07INVALIDGSTIN12,HSN 4819,INV/2025/82264,True,1
TXN-2025-00400,2025-02-25,257296.92,Mehta Tech Solutions LLP,27BBBBB6514A2Z7,CASH PAYMENT,INV/2025/39949,True,1
TXN-2025-00401,2025-04-16,3731.1,Verma Stationery Traders,27BBBBB7924C5Z3,HSN 4819,INV/2025/69441,True,0
TXN-2025-00402,2025-04-13,8270.91,Mehta Tech Solutions LLP,27BBBBB6514A2Z7,SAC 9965,INV/2025/22463,True,0
TXN-2025-00403,2025-03-22,13415.89,Mehta Tech Solutions LLP,27BBBBB6514A2Z7,HSN 5208,INV/2025/97177,True,0
TXN-2025-00404,2025-03-07,13871.4,Verma Stationery Traders,27BBBBB7924C5Z3,HSN 7208,INV/2025/72163,True,0
TXN-2025-00405,2025-01-18,9320.28,Reliance Industries Ltd,27BBBBB2679F2Z7,HSN 4819,INV/2025/21188,True,0
TXN-2025-00406,2025-01-24,21988.61,Mehta Tech Solutions LLP,27BBBBB6514A2Z7,HSN 8471,INV/2025/58843,True,0
TXN-2025-00407,2025-02-03,5686.8,Delhi Distribution Network,19DDDDD9785A7Z2,HSN 8471,INV/2025/86869,True,0
TXN-2025-00408,2025-05-24,11921.47,Delhi Distribution Network,19DDDDD9785A7Z2,HSN 5208,INV/2025/97819,True,0
TXN-2025-00409,2025-02-01,800000.0,Mehta Tech Solutions LLP,27BBBBB6514A2Z7,HSN 5208,INV/2025/97207,True,1
TXN-2025-00410,2025-04-19,500000.0,Bharat Petroleum Dealer,09CCCCC2169F3Z9,SAC 9965,INV/2025/16743,True,1
TXN-2025-00411,2025-03-15,23606.84,Global Enterprises,33EEEEE5803F6Z4,HSN 5208,INV/2025/56090,True,0
TXN-2025-00412,2025-01-27,5433.22,Global Enterprises,33EEEEE5803F6Z4,SAC 9983,INV/2025/37884,True,0
TXN-2025-00413,2025-02-09,3915.54,Kapur Electronics,07AAAAA1750B5Z2,HSN 2710,INV/2025/39392,True,0
TXN-2025-00414,2025-01-28,37128.55,Verma Stationery Traders,27BBBBB7924C5Z3,HSN 4819,INV/2025/82910,True,0
TXN-2025-00415,2025-04-05,17428.31,Reliance Industries Ltd,27BBBBB2679F2Z7,HSN 4819,INV/2025/46512,True,0
TXN-2025-00416,2025-05-27,7340.86,Sharma Logistics & Freight,33EEEEE1434F4Z9,HSN 4819,INV/2025/66244,True,0
TXN-2025-00417,2025-05-24,46208.62,Apex Packaging Solutions,09CCCCC3664C6Z4,HSN 4819,INV/2025/91490,True,0
TXN-2025-00418,2025-06-07,14655.04,Kapur Electronics,07AAAAA1750B5Z2,SAC 9965,INV/2025/82972,True,0
TXN-2025-00419,2025-01-07,800000.0,Global Enterprises,33EEEEE5803F6Z4,SAC 9965,INV/2025/45054,True,1
TXN-2025-00420,2025-01-08,14101.19,Infosys Limited,07AAAAA1488A4Z4,HSN 5208,INV/2025/50499,True,0
TXN-2025-00421,2025-03-28,400000.0,Verma Stationery Traders,27BBBBB7924C5Z3,HSN 8471,INV/2025/33777,True,1
TXN-2025-00422,2025-02-06,54408.34,Global Enterprises,33EEEEE5803F6Z4,SAC 9965,INV/2025/62531,True,0
TXN-2025-00423,2025-01-18,10947.09,Infosys Limited,07AAAAA1488A4Z4,SAC 9965,INV/2025/92991,True,0
TXN-2025-00424,2025-01-08,29064.03,Reliance Industries Ltd,27BBBBB2679F2Z7,SAC 9965,INV/2025/79531,True,0
TXN-2025-00425,2025-02-25,22388.46,Mehta Tech Solutions LLP,27BBBBB6514A2Z7,HSN 2710,INV/2025/69460,True,0
TXN-2025-00426,2025-03-29,39930.88,Infosys Limited,07AAAAA1488A4Z4,HSN 5208,INV/2025/50846,True,0
TXN-2025-00427,2025-03-25,6173.75,Apex Packaging Solutions,09CCCCC3664C6Z4,SAC 9983,INV/2025/88148,True,0
TXN-2025-00428,2025-01-22,23128.97,Chawla IT Services,27BBBBB3677P7Z5,HSN 8471,INV/2025/30392,True,0
TXN-2025-00429,2025-01-08,31155.3,Apex Packaging Solutions,27BBBBB2679F2Z7,SAC 9983,INV/2025/79531,True,1
TXN-2025-00430,2025-06-22,3271.51,Reliance Industries Ltd,27BBBBB2679F2Z7,HSN 5208,INV/2025/68079,True,0
TXN-2025-00431,2025-06-19,5184.32,Mehta Tech Solutions LLP,27BBBBB6514A2Z7,HSN 2710,INV/2025/89570,True,0
TXN-2025-00432,2025-04-24,2613.94,Mehta Tech Solutions LLP,27BBBBB6514A2Z7,HSN 5208,INV/2025/38255,True,0
TXN-2025-00433,2025-05-12,10769.51,Reliance Industries Ltd,27BBBBB2679F2Z7,HSN 5208,INV/2025/66349,True,0
TXN-2025-00434,2025-01-29,23719.05,Gupta Steel & Hardware Corp,19DDDDD4611P5Z1,SAC 9965,INV/2025/98930,True,0
TXN-2025-00435,2025-06-01,44439.57,Aggarwal Auto Components,07AAAAA6881C5Z1,SAC 9983,INV/2025/97442,True,0
TXN-2025-00436,2025-03-20,14175.58,Tata Consultancy Services Ltd,07AAAAA1409C4Z4,HSN 7208,INV/2025/61807,True,0
TXN-2025-00437,2025-06-03,49162.8,Tata Consultancy Services Ltd,07AAAAA1409C4Z4,HSN 8471,INV/2025/36794,True,0
TXN-2025-00438,2025-03-19,4428.95,Sharma Logistics & Freight,33EEEEE1434F4Z9,HSN 4819,INV/2025/27987,True,0
TXN-2025-00439,2025-03-07,3419.65,Gupta Steel & Hardware Corp,07INVALIDGSTIN12,HSN 5208,INV/2025/25726,True,1
TXN-2025-00440,2025-01-02,12779.04,Aggarwal Auto Components,07AAAAA6881C5Z1,SAC 9965,INV/2025/66446,True,0
TXN-2025-00441,2025-02-14,18165.01,Infosys Limited,07AAAAA1488A4Z4,HSN 2710,INV/2025/79806,True,0
TXN-2025-00442,2025-06-30,13014.82,Sharma Logistics & Freight,33EEEEE1434F4Z9,SAC 9983,INV/2025/83233,True,0
TXN-2025-00443,2025-06-21,1000000.0,Apex Packaging Solutions,09CCCCC3664C6Z4,HSN 5208,INV/2025/19447,True,1
TXN-2025-00444,2025-04-12,12440.39,Bharat Petroleum Dealer,09CCCCC2169F3Z9,SAC 9965,INV/2025/15544,True,0
TXN-2025-00445,2025-04-22,4705.2,Tata Consultancy Services Ltd,07AAAAA1409C4Z4,HSN 2710,INV/2025/20205,True,0
TXN-2025-00446,2025-03-22,22827.88,Global Enterprises,33EEEEE5803F6Z4,HSN 2710,INV/2025/85156,True,0
TXN-2025-00447,2025-04-14,17912.94,Singhania Textiles Pvt Ltd,27BBBBB2654P5Z8,SAC 9965,INV/2025/64747,True,0
TXN-2025-00448,2025-03-16,6298.69,Reliance Industries Ltd,27BBBBB2679F2Z7,HSN 2710,INV/2025/12733,True,0
TXN-2025-00449,2025-03-25,500000.0,Infosys Limited,07AAAAA1488A4Z4,HSN 4819,INV/2025/91018,True,1
TXN-2025-00450,2025-04-28,138446.61,Bharat Petroleum Dealer,09CCCCC2169F3Z9,SAC 9965,INV/2025/57428,True,1
TXN-2025-00451,2025-01-23,12706.34,Mehta Tech Solutions LLP,27BBBBB6514A2Z7,HSN 4819,INV/2025/23875,True,0
TXN-2025-00452,2025-03-04,28684.55,Mehta Tech Solutions LLP,27BBBBB6514A2Z7,SAC 9983,INV/2025/62487,True,0
TXN-2025-00453,2025-05-15,6071.85,Reliance Industries Ltd,27BBBBB2679F2Z7,HSN 2710,INV/2025/50668,True,0
TXN-2025-00454,2025-03-28,19994.99,Sharma Logistics & Freight,33EEEEE1434F4Z9,HSN 5208,INV/2025/32037,True,0
TXN-2025-00455,2025-01-20,8741.12,Delhi Distribution Network,19DDDDD9785A7Z2,SAC 9965,INV/2025/24945,True,0
TXN-2025-00456,2025-05-16,7084.76,Delhi Distribution Network,19DDDDD9785A7Z2,HSN 7208,INV/2025/55793,True,0
TXN-2025-00457,2025-03-31,12263.41,Singhania Textiles Pvt Ltd,27BBBBB2654P5Z8,HSN 4819,INV/2025/94599,True,0
TXN-2025-00458,2025-02-07,5836.03,Sharma Logistics & Freight,33EEEEE1434F4Z9,HSN 8471,INV/2025/29194,True,0
TXN-2025-00459,2025-03-07,8579.07,Sharma Logistics & Freight,33EEEEE1434F4Z9,HSN 7208,INV/2025/88957,True,0
TXN-2025-00460,2025-02-09,5124.04,Apex Packaging Solutions,09CCCCC3664C6Z4,HSN 4819,INV/2025/95918,True,0
TXN-2025-00461,2025-01-20,64329.92,Infosys Limited,07AAAAA1488A4Z4,HSN 4819,INV/2025/92306,True,0
TXN-2025-00462,2025-05-07,13741.98,Aggarwal Auto Components,07AAAAA6881C5Z1,HSN 4819,INV/2025/83889,True,0
TXN-2025-00463,2025-05-29,7632.87,Aggarwal Auto Components,07AAAAA6881C5Z1,SAC 9965,INV/2025/83989,True,0
TXN-2025-00464,2025-06-14,15854.11,Kapur Electronics,07AAAAA1750B5Z2,SAC 9983,INV/2025/52363,True,0
TXN-2025-00465,2025-06-10,12211.55,Verma Stationery Traders,27BBBBB7924C5Z3,HSN 7208,INV/2025/67640,True,0
TXN-2025-00466,2025-01-18,92078.31,Aggarwal Auto Components,07AAAAA6881C5Z1,UNCLASSIFIED,INV/2025/92756,True,1
TXN-2025-00467,2025-03-19,21836.4,Apex Packaging Solutions,09CCCCC3664C6Z4,HSN 5208,INV/2025/87518,True,0
TXN-2025-00468,2025-01-15,24489.66,Verma Stationery Traders,27BBBBB7924C5Z3,SAC 9983,INV/2025/19724,True,0
TXN-2025-00469,2025-03-21,8739.42,Aggarwal Auto Components,07AAAAA6881C5Z1,HSN 2710,INV/2025/14929,True,0
TXN-2025-00470,2025-01-15,8428.26,Verma Stationery Traders,27BBBBB7924C5Z3,HSN 4819,INV/2025/47627,True,0
TXN-2025-00471,2025-01-20,10720.99,Kapur Electronics,07AAAAA1750B5Z2,HSN 4819,INV/2025/21835,True,0
TXN-2025-00472,2025-06-07,2118.5,Global Enterprises,33EEEEE5803F6Z4,SAC 9983,INV/2025/60394,True,0
TXN-2025-00473,2025-04-29,3975.27,Global Enterprises,33EEEEE5803F6Z4,SAC 9983,INV/2025/15376,True,0
TXN-2025-00474,2025-04-26,39874.78,Chawla IT Services,27BBBBB3677P7Z5,HSN 4819,INV/2025/84928,True,0
TXN-2025-00475,2025-06-16,49810.16,Sharma Logistics & Freight,33EEEEE1434F4Z9,HSN 5208,INV/2025/89299,True,0
TXN-2025-00476,2025-05-02,10946.46,Delhi Distribution Network,19DDDDD9785A7Z2,HSN 7208,INV/2025/18109,True,0
TXN-2025-00477,2025-04-26,21189.17,Reliance Industries Ltd,27BBBBB2679F2Z7,HSN 4819,INV/2025/55015,True,0
TXN-2025-00478,2025-01-22,17137.09,Delhi Distribution Network,19DDDDD9785A7Z2,SAC 9965,INV/2025/32617,True,0
TXN-2025-00479,2025-01-11,156859.32,Sharma Logistics & Freight,33EEEEE1434F4Z9,SAC 9965,INV/2025/67377,True,0
TXN-2025-00480,2025-04-23,32717.32,Delhi Distribution Network,19DDDDD9785A7Z2,SAC 9983,INV/2025/89928,True,0
TXN-2025-00481,2025-02-10,12060.2,Verma Stationery Traders,27BBBBB7924C5Z3,HSN 5208,INV/2025/47079,True,0
TXN-2025-00482,2025-04-10,6220.26,Mehta Tech Solutions LLP,27BBBBB6514A2Z7,HSN 4819,INV/2025/54350,True,0
TXN-2025-00483,2025-06-23,3695.4,Global Enterprises,33EEEEE5803F6Z4,HSN 8471,INV/2025/92691,True,0
TXN-2025-00484,2025-06-15,15721.29,Verma Stationery Traders,27BBBBB7924C5Z3,HSN 8471,INV/2025/53213,True,0
TXN-2025-00485,2025-01-25,7294.82,Delhi Distribution Network,19DDDDD9785A7Z2,SAC 9965,INV/2025/60667,True,0
TXN-2025-00486,2025-03-14,4282.09,Gupta Steel & Hardware Corp,19DDDDD4611P5Z1,SAC 9965,INV/2025/96057,True,0
TXN-2025-00487,2025-06-04,81156.73,Bharat Petroleum Dealer,09CCCCC2169F3Z9,SAC 9983 (NO TDS),INV/2025/53694,False,1
TXN-2025-00488,2025-01-21,5623.79,Global Enterprises,33EEEEE5803F6Z4,SAC 9965,INV/2025/28537,True,0
TXN-2025-00489,2025-03-31,51519.38,Gupta Steel & Hardware Corp,19DDDDD4611P5Z1,SAC 9965,INV/2025/96787,True,0
TXN-2025-00490,2025-04-11,27046.47,Infosys Limited,07AAAAA1488A4Z4,SAC 9983,INV/2025/21104,True,0
TXN-2025-00491,2025-03-21,13274.79,Delhi Distribution Network,19DDDDD9785A7Z2,HSN 2710,INV/2025/94343,True,0
TXN-2025-00492,2025-03-26,43649.86,Bharat Petroleum Dealer,09CCCCC2169F3Z9,HSN 7208,INV/2025/97833,True,0
TXN-2025-00493,2025-06-29,166987.53,Bharat Petroleum Dealer,09CCCCC2169F3Z9,UNCLASSIFIED,INV/2025/99838,True,1
TXN-2025-00494,2025-05-15,6707.44,Reliance Industries Ltd,27BBBBB2679F2Z7,SAC 9965,INV/2025/97878,True,0
TXN-2025-00495,2025-04-19,45184.04,Delhi Distribution Network,19DDDDD9785A7Z2,HSN 5208,INV/2025/12389,True,0
TXN-2025-00496,2025-04-03,459337.77,Gupta Steel & Hardware Corp,19DDDDD4611P5Z1,HSN 7208,INV/2025/38074,True,1
TXN-2025-00497,2025-03-29,5826.68,Apex Packaging Solutions,09CCCCC3664C6Z4,HSN 2710,INV/2025/35166,True,0
TXN-2025-00498,2025-02-27,11472.74,Infosys Limited,07AAAAA1488A4Z4,HSN 7208,INV/2025/20114,True,0
TXN-2025-00499,2025-03-17,6630.96,Bharat Petroleum Dealer,09CCCCC2169F3Z9,HSN 4819,INV/2025/23256,True,0
TXN-2025-00500,2025-05-10,4419.4,Apex Packaging Solutions,09CCCCC3664C6Z4,SAC 9983,INV/2025/79013,True,0
TXN-2025-00501,2025-01-10,28027.52,Kapur Electronics,07INVALIDGSTIN12,HSN 5208,INV/2025/91006,True,1
TXN-2025-00502,2025-02-03,61545.58,Global Enterprises,33EEEEE5803F6Z4,HSN 2710,INV/2025/30218,True,0
TXN-2025-00503,2025-02-11,4364.01,Infosys Limited,07AAAAA1488A4Z4,HSN 4819,INV/2025/91885,True,0
TXN-2025-00504,2025-02-12,20960.09,Singhania Textiles Pvt Ltd,27BBBBB2654P5Z8,HSN 2710,INV/2025/15726,True,0
TXN-2025-00505,2025-04-16,7938.55,Verma Stationery Traders,27BBBBB7924C5Z3,SAC 9965,INV/2025/41133,True,0
TXN-2025-00506,2025-04-24,9048.01,Global Enterprises,33EEEEE5803F6Z4,HSN 5208,INV/2025/68841,True,0
TXN-2025-00507,2025-03-01,8317.23,Delhi Distribution Network,19DDDDD9785A7Z2,HSN 7208,INV/2025/50562,True,0
TXN-2025-00508,2025-05-01,6692.93,Chawla IT Services,27BBBBB3677P7Z5,HSN 4819,INV/2025/35430,True,0
TXN-2025-00509,2025-04-05,13888.51,Kapur Electronics,07AAAAA1750B5Z2,SAC 9983,INV/2025/67749,True,0
TXN-2025-00510,2025-04-29,400000.0,Apex Packaging Solutions,09CCCCC3664C6Z4,HSN 5208,INV/2025/60052,True,1
TXN-2025-00511,2025-05-09,16586.85,Delhi Distribution Network,19DDDDD9785A7Z2,HSN 2710,INV/2025/31241,True,0
TXN-2025-00512,2025-02-21,12833.44,Apex Packaging Solutions,09CCCCC3664C6Z4,SAC 9983,INV/2025/28140,True,0
TXN-2025-00513,2025-03-06,11035.16,Tata Consultancy Services Ltd,07AAAAA1409C4Z4,SAC 9965,INV/2025/72991,True,0
TXN-2025-00514,2025-04-06,6463.65,Delhi Distribution Network,19DDDDD9785A7Z2,HSN 8471,INV/2025/77621,True,0
TXN-2025-00515,2025-02-01,8421.83,Gupta Steel & Hardware Corp,19DDDDD4611P5Z1,HSN 8471,INV/2025/31012,True,0
TXN-2025-00516,2025-03-11,24448.23,Aggarwal Auto Components,07AAAAA6881C5Z1,SAC 9983,INV/2025/29313,True,0
TXN-2025-00517,2025-04-22,19945.0,Reliance Industries Ltd,27BBBBB2679F2Z7,HSN 7208,INV/2025/69130,True,0
TXN-2025-00518,2025-03-31,6111.67,Chawla IT Services,27BBBBB3677P7Z5,HSN 8471,INV/2025/64381,True,0
TXN-2025-00519,2025-01-14,14464.69,Mehta Tech Solutions LLP,27BBBBB6514A2Z7,SAC 9983,INV/2025/59015,True,0
TXN-2025-00520,2025-03-02,24370.04,Mehta Tech Solutions LLP,27BBBBB6514A2Z7,HSN 8471,INV/2025/59140,True,0
TXN-2025-00521,2025-02-27,3513.88,Tata Consultancy Services Ltd,07AAAAA1409C4Z4,HSN 5208,INV/2025/22987,True,0
TXN-2025-00522,2025-06-16,20633.85,Verma Stationery Traders,27BBBBB7924C5Z3,HSN 4819,INV/2025/29142,True,0
TXN-2025-00523,2025-02-05,7862.82,Tata Consultancy Services Ltd,07AAAAA1409C4Z4,HSN 5208,INV/2025/71925,True,0
TXN-2025-00524,2025-06-28,21088.41,Bharat Petroleum Dealer,09CCCCC2169F3Z9,HSN 7208,INV/2025/71487,True,0
TXN-2025-00525,2025-04-25,7254.61,Global Enterprises,33EEEEE5803F6Z4,HSN 8471,INV/2025/20384,True,0
TXN-2025-00526,2025-01-05,3152.95,Gupta Steel & Hardware Corp,19DDDDD4611P5Z1,HSN 7208,INV/2025/29597,True,0
TXN-2025-00527,2025-05-21,3633.55,Singhania Textiles Pvt Ltd,27BBBBB2654P5Z8,SAC 9983,INV/2025/79176,True,0
TXN-2025-00528,2025-04-19,13883.66,Reliance Industries Ltd,27BBBBB2679F2Z7,HSN 4819,INV/2025/47762,True,0
TXN-2025-00529,2025-03-02,16445.02,Gupta Steel & Hardware Corp,19DDDDD4611P5Z1,HSN 8471,INV/2025/16258,True,0
TXN-2025-00530,2025-03-03,6480.46,Mehta Tech Solutions LLP,27BBBBB6514A2Z7,SAC 9965,INV/2025/91633,True,0
TXN-2025-00531,2025-04-28,22267.29,Reliance Industries Ltd,27BBBBB2679F2Z7,HSN 8471,INV/2025/75513,True,0
TXN-2025-00532,2025-06-02,3536.12,Delhi Distribution Network,19DDDDD9785A7Z2,HSN 8471,INV/2025/92831,True,0
TXN-2025-00533,2025-05-12,12671.82,Global Enterprises,33EEEEE5803F6Z4,HSN 7208,INV/2025/28818,True,0
TXN-2025-00534,2025-03-16,5070.46,Mehta Tech Solutions LLP,27BBBBB6514A2Z7,HSN 8471,INV/2025/90584,True,0
TXN-2025-00535,2025-04-01,7930.97,Sharma Logistics & Freight,33EEEEE1434F4Z9,SAC 9983,INV/2025/64600,True,0
TXN-2025-00536,2025-02-17,13876.04,Kapur Electronics,07AAAAA1750B5Z2,SAC 9965,INV/2025/21221,True,0
TXN-2025-00537,2025-05-15,6712.11,Verma Stationery Traders,27BBBBB7924C5Z3,HSN 8471,INV/2025/78951,True,0
TXN-2025-00538,2025-05-20,9821.76,Delhi Distribution Network,19DDDDD9785A7Z2,HSN 4819,INV/2025/76535,True,0
TXN-2025-00539,2025-05-22,29882.68,Tata Consultancy Services Ltd,07AAAAA1409C4Z4,HSN 2710,INV/2025/71621,True,0
TXN-2025-00540,2025-01-12,8421.02,Kapur Electronics,07AAAAA1750B5Z2,HSN 2710,INV/2025/58929,True,0
TXN-2025-00541,2025-03-06,26070.34,Singhania Textiles Pvt Ltd,27BBBBB2654P5Z8,HSN 8471,INV/2025/56805,True,0
TXN-2025-00542,2025-01-18,5411.25,Verma Stationery Traders,27BBBBB7924C5Z3,HSN 7208,INV/2025/96127,True,0
TXN-2025-00543,2025-06-10,20411.29,Reliance Industries Ltd,27BBBBB2679F2Z7,HSN 4819,INV/2025/86271,True,0
TXN-2025-00544,2025-03-27,42330.15,Infosys Limited,07AAAAA1488A4Z4,HSN 8471,INV/2025/56176,True,0
TXN-2025-00545,2025-05-20,500000.0,Verma Stationery Traders,27BBBBB7924C5Z3,HSN 4819,INV/2025/94252,True,1
TXN-2025-00546,2025-02-14,7062.0,Bharat Petroleum Dealer,09CCCCC2169F3Z9,HSN 4819,INV/2025/99742,True,0
TXN-2025-00547,2025-04-29,21197.91,Singhania Textiles Pvt Ltd,27BBBBB2654P5Z8,HSN 2710,INV/2025/92802,True,0
TXN-2025-00548,2025-02-16,11356.71,Apex Packaging Solutions,09CCCCC3664C6Z4,HSN 7208,INV/2025/18270,True,0
TXN-2025-00549,2025-04-28,17978.23,Tata Consultancy Services Ltd,07AAAAA1409C4Z4,HSN 5208,INV/2025/36422,True,0
TXN-2025-00550,2025-01-12,8240.46,Apex Packaging Solutions,09CCCCC3664C6Z4,HSN 7208,INV/2025/15492,True,0
TXN-2025-00551,2025-03-22,14317.99,Chawla IT Services,27BBBBB3677P7Z5,HSN 5208,INV/2025/77552,True,0
TXN-2025-00552,2025-04-12,11795.32,Bharat Petroleum Dealer,09CCCCC2169F3Z9,SAC 9983,INV/2025/72049,True,0
TXN-2025-00553,2025-03-06,554670.81,Tata Consultancy Services Ltd,07AAAAA1409C4Z4,HSN 4819,INV/2025/94790,True,1
TXN-2025-00554,2025-02-18,16375.42,Gupta Steel & Hardware Corp,19DDDDD4611P5Z1,HSN 5208,INV/2025/16265,True,0
TXN-2025-00555,2025-06-17,17502.2,Verma Stationery Traders,27BBBBB7924C5Z3,HSN 5208,INV/2025/26315,True,0
TXN-2025-00556,2025-04-05,9609.41,Mehta Tech Solutions LLP,27BBBBB6514A2Z7,HSN 2710,INV/2025/67637,True,0
TXN-2025-00557,2025-04-09,9044.53,Verma Stationery Traders,27BBBBB7924C5Z3,HSN 7208,INV/2025/75038,True,0
TXN-2025-00558,2025-06-27,9451.73,Aggarwal Auto Components,07AAAAA6881C5Z1,HSN 5208,INV/2025/78062,True,0
TXN-2025-00559,2025-03-10,18316.58,Apex Packaging Solutions,09CCCCC3664C6Z4,HSN 8471,INV/2025/65640,True,0
TXN-2025-00560,2025-01-21,9539.65,Mehta Tech Solutions LLP,27BBBBB6514A2Z7,SAC 9983,INV/2025/33652,True,0
TXN-2025-00561,2025-05-20,82783.16,Gupta Steel & Hardware Corp,19DDDDD4611P5Z1,UNCLASSIFIED,INV/2025/23447,True,1
TXN-2025-00562,2025-01-21,70285.49,Verma Stationery Traders,27BBBBB7924C5Z3,SAC 9965,INV/2025/48750,True,0
TXN-2025-00563,2025-03-20,26819.91,Aggarwal Auto Components,07AAAAA6881C5Z1,SAC 9983,INV/2025/65851,True,0
TXN-2025-00564,2025-02-12,10292.61,Singhania Textiles Pvt Ltd,27BBBBB2654P5Z8,HSN 2710,INV/2025/56077,True,0
TXN-2025-00565,2025-04-25,1000000.0,Tata Consultancy Services Ltd,07AAAAA1409C4Z4,SAC 9965,INV/2025/56210,True,1
TXN-2025-00566,2025-06-07,9638.68,Mehta Tech Solutions LLP,27BBBBB6514A2Z7,HSN 5208,INV/2025/93816,True,0
TXN-2025-00567,2025-01-15,2616.26,Reliance Industries Ltd,27BBBBB2679F2Z7,SAC 9965,INV/2025/93560,True,0
TXN-2025-00568,2025-04-14,5964.2,Verma Stationery Traders,27BBBBB7924C5Z3,SAC 9983,INV/2025/99051,True,0
TXN-2025-00569,2025-02-10,2991.01,Tata Consultancy Services Ltd,07AAAAA1409C4Z4,HSN 7208,INV/2025/89635,True,0
TXN-2025-00570,2025-06-23,10084.85,Apex Packaging Solutions,09CCCCC3664C6Z4,HSN 2710,INV/2025/14561,True,0
TXN-2025-00571,2025-02-02,293491.79,Reliance Industries Ltd,27BBBBB2679F2Z7,CASH PAYMENT,INV/2025/94562,True,1
TXN-2025-00572,2025-04-04,51080.08,Verma Stationery Traders,27BBBBB7924C5Z3,HSN 2710,INV/2025/84349,True,0
TXN-2025-00573,2025-01-09,17353.37,Global Enterprises,33EEEEE5803F6Z4,HSN 7208,INV/2025/99006,True,0
TXN-2025-00574,2025-04-26,11211.77,Verma Stationery Traders,27BBBBB7924C5Z3,HSN 5208,INV/2025/68188,True,0
TXN-2025-00575,2025-01-20,25939.56,Global Enterprises,07INVALIDGSTIN12,HSN 7208,INV/2025/79397,True,1
TXN-2025-00576,2025-04-04,2278.09,Mehta Tech Solutions LLP,27BBBBB6514A2Z7,HSN 5208,INV/2025/95139,True,0
TXN-2025-00577,2025-03-13,16130.89,Sharma Logistics & Freight,33EEEEE1434F4Z9,HSN 8471,INV/2025/13396,True,0
TXN-2025-00578,2025-02-17,24752.76,Aggarwal Auto Components,07AAAAA6881C5Z1,SAC 9983,INV/2025/60723,True,0
TXN-2025-00579,2025-05-24,4093.4,Reliance Industries Ltd,27BBBBB2679F2Z7,HSN 5208,INV/2025/44116,True,0
TXN-2025-00580,2025-06-30,33356.34,Aggarwal Auto Components,07AAAAA6881C5Z1,HSN 7208,INV/2025/90199,True,0
TXN-2025-00581,2025-03-15,17514.72,Singhania Textiles Pvt Ltd,27BBBBB2654P5Z8,HSN 2710,INV/2025/36237,True,0
TXN-2025-00582,2025-02-01,9583.23,Infosys Limited,07AAAAA1488A4Z4,HSN 4819,INV/2025/19706,True,0
TXN-2025-00583,2025-04-26,22164.02,Infosys Limited,07AAAAA1488A4Z4,SAC 9965,INV/2025/68341,True,0
TXN-2025-00584,2025-01-23,82170.72,Apex Packaging Solutions,09CCCCC3664C6Z4,SAC 9965,INV/2025/51889,True,0
TXN-2025-00585,2025-06-20,15451.99,Verma Stationery Traders,27BBBBB7924C5Z3,SAC 9965,INV/2025/18511,True,0
TXN-2025-00586,2025-05-21,16294.4,Delhi Distribution Network,19DDDDD9785A7Z2,HSN 5208,INV/2025/49315,True,0
TXN-2025-00587,2025-02-10,9251.23,Singhania Textiles Pvt Ltd,27BBBBB2654P5Z8,SAC 9965,INV/2025/93584,True,0
TXN-2025-00588,2025-02-14,6769.11,Apex Packaging Solutions,09CCCCC3664C6Z4,HSN 5208,INV/2025/76683,True,0
TXN-2025-00589,2025-02-27,25958.87,Reliance Industries Ltd,27BBBBB2679F2Z7,HSN 7208,INV/2025/28202,True,0
TXN-2025-00590,2025-03-02,6735.4,Apex Packaging Solutions,09CCCCC3664C6Z4,HSN 2710,INV/2025/13445,True,0
TXN-2025-00591,2025-04-03,14146.93,Delhi Distribution Network,19DDDDD9785A7Z2,SAC 9983,INV/2025/58353,True,0
TXN-2025-00592,2025-04-30,9116.8,Apex Packaging Solutions,09CCCCC3664C6Z4,SAC 9983,INV/2025/27009,True,0
TXN-2025-00593,2025-06-06,19598.02,Chawla IT Services,27BBBBB3677P7Z5,HSN 8471,INV/2025/18617,True,0
TXN-2025-00594,2025-03-21,17447.12,Mehta Tech Solutions LLP,27BBBBB6514A2Z7,SAC 9965,INV/2025/72739,True,0
TXN-2025-00595,2025-05-15,30639.09,Mehta Tech Solutions LLP,27BBBBB6514A2Z7,HSN 4819,INV/2025/63665,True,0
TXN-2025-00596,2025-05-28,8883.82,Reliance Industries Ltd,27BBBBB2679F2Z7,HSN 7208,INV/2025/51553,True,0
TXN-2025-00597,2025-06-14,10765.48,Reliance Industries Ltd,27BBBBB2679F2Z7,HSN 2710,INV/2025/71057,True,0
TXN-2025-00598,2025-06-24,6105.77,Delhi Distribution Network,19DDDDD9785A7Z2,HSN 5208,INV/2025/26821,True,0
TXN-2025-00599,2025-05-22,9363.42,Kapur Electronics,07AAAAA1750B5Z2,SAC 9983,INV/2025/33850,True,0
TXN-2025-00600,2025-02-03,18066.96,Mehta Tech Solutions LLP,27BBBBB6514A2Z7,SAC 9983,INV/2025/17263,True,0
TXN-2025-00601,2025-02-01,24479.49,Delhi Distribution Network,19DDDDD9785A7Z2,HSN 7208,INV/2025/49862,True,0
TXN-2025-00602,2025-02-12,6388.58,Infosys Limited,07AAAAA1488A4Z4,HSN 5208,INV/2025/39552,True,0
TXN-2025-00603,2025-03-30,26787.34,Delhi Distribution Network,19DDDDD9785A7Z2,HSN 5208,INV/2025/20336,True,0
TXN-2025-00604,2025-03-06,39517.95,Sharma Logistics & Freight,33EEEEE1434F4Z9,SAC 9965,INV/2025/82199,True,0
TXN-2025-00605,2025-03-12,18596.86,Infosys Limited,07AAAAA1488A4Z4,SAC 9965,INV/2025/49691,True,0
TXN-2025-00606,2025-06-07,59960.22,Delhi Distribution Network,19DDDDD9785A7Z2,HSN 8471,INV/2025/75873,True,0
TXN-2025-00607,2025-06-14,7193.76,Infosys Limited,07AAAAA1488A4Z4,SAC 9983,INV/2025/86106,True,0
TXN-2025-00608,2025-02-09,4935.83,Infosys Limited,07AAAAA1488A4Z4,SAC 9965,INV/2025/91851,True,0
TXN-2025-00609,2025-06-04,3219.64,Verma Stationery Traders,27BBBBB7924C5Z3,HSN 4819,INV/2025/83874,True,0
TXN-2025-00610,2025-01-11,44215.71,Bharat Petroleum Dealer,09CCCCC2169F3Z9,HSN 4819,INV/2025/13718,True,0
TXN-2025-00611,2025-01-21,22550.05,Tata Consultancy Services Ltd,07INVALIDGSTIN12,SAC 9965,INV/2025/85598,True,1
TXN-2025-00612,2025-03-09,12778.67,Kapur Electronics,07AAAAA1750B5Z2,HSN 7208,INV/2025/84991,True,0
TXN-2025-00613,2025-04-17,16713.55,Global Enterprises,33EEEEE5803F6Z4,SAC 9965,INV/2025/13969,True,0
TXN-2025-00614,2025-05-08,5429.53,Chawla IT Services,27BBBBB3677P7Z5,SAC 9965,INV/2025/81509,True,0
TXN-2025-00615,2025-03-16,94523.29,Kapur Electronics,07AAAAA1750B5Z2,HSN 5208,INV/2025/73300,True,0
TXN-2025-00616,2025-03-04,14814.73,Apex Packaging Solutions,09CCCCC3664C6Z4,HSN 4819,INV/2025/99783,True,0
TXN-2025-00617,2025-04-14,14581.6,Gupta Steel & Hardware Corp,19DDDDD4611P5Z1,HSN 2710,INV/2025/19564,True,0
TXN-2025-00618,2025-06-26,23875.62,Tata Consultancy Services Ltd,07AAAAA1409C4Z4,HSN 7208,INV/2025/67619,True,0
TXN-2025-00619,2025-04-17,116058.55,Aggarwal Auto Components,07AAAAA6881C5Z1,SAC 9983 (NO TDS),INV/2025/36741,False,1
TXN-2025-00620,2025-03-29,15980.22,Global Enterprises,33EEEEE5803F6Z4,HSN 7208,INV/2025/50970,True,0
TXN-2025-00621,2025-03-23,7098.37,Singhania Textiles Pvt Ltd,27BBBBB2654P5Z8,HSN 4819,INV/2025/55268,True,0
TXN-2025-00622,2025-04-13,19480.61,Infosys Limited,07AAAAA1488A4Z4,HSN 4819,INV/2025/58567,True,0
TXN-2025-00623,2025-05-12,60211.56,Delhi Distribution Network,19DDDDD9785A7Z2,HSN 8471,INV/2025/51827,True,0
TXN-2025-00624,2025-03-03,39196.24,Aggarwal Auto Components,07AAAAA6881C5Z1,HSN 8471,INV/2025/45058,True,0
TXN-2025-00625,2025-04-26,47788.93,Sharma Logistics & Freight,33EEEEE1434F4Z9,HSN 7208,INV/2025/22689,True,0
TXN-2025-00626,2025-01-13,8875.3,Gupta Steel & Hardware Corp,07INVALIDGSTIN12,HSN 2710,INV/2025/90658,True,1
TXN-2025-00627,2025-04-18,6053.04,Sharma Logistics & Freight,33EEEEE1434F4Z9,HSN 4819,INV/2025/30932,True,0
TXN-2025-00628,2025-03-25,12080.77,Chawla IT Services,27BBBBB3677P7Z5,SAC 9983,INV/2025/50988,True,0
TXN-2025-00629,2025-02-18,13968.78,Apex Packaging Solutions,09CCCCC3664C6Z4,HSN 7208,INV/2025/75308,True,0
TXN-2025-00630,2025-05-12,159145.4,Aggarwal Auto Components,07AAAAA6881C5Z1,UNCLASSIFIED,INV/2025/50441,True,1
TXN-2025-00631,2025-05-08,3449.65,Tata Consultancy Services Ltd,07AAAAA1409C4Z4,HSN 8471,INV/2025/61543,True,0
TXN-2025-00632,2025-05-10,45416.93,Aggarwal Auto Components,07AAAAA6881C5Z1,HSN 7208,INV/2025/38199,True,0
TXN-2025-00633,2025-05-30,11773.35,Verma Stationery Traders,27BBBBB7924C5Z3,HSN 8471,INV/2025/16624,True,0
TXN-2025-00634,2025-02-18,9494.76,Aggarwal Auto Components,09CCCCC3664C6Z4,SAC 9983,INV/2025/75308,True,1
TXN-2025-00635,2025-06-22,5945.06,Aggarwal Auto Components,07AAAAA6881C5Z1,HSN 5208,INV/2025/80345,True,0
TXN-2025-00636,2025-01-03,3555.02,Bharat Petroleum Dealer,09CCCCC2169F3Z9,HSN 8471,INV/2025/66482,True,0
TXN-2025-00637,2025-02-04,25810.49,Chawla IT Services,27BBBBB3677P7Z5,HSN 5208,INV/2025/57943,True,0
TXN-2025-00638,2025-04-14,14166.77,Verma Stationery Traders,27BBBBB7924C5Z3,HSN 8471,INV/2025/62505,True,0
TXN-2025-00639,2025-01-14,4760.13,Global Enterprises,33EEEEE5803F6Z4,SAC 9983,INV/2025/35513,True,0
TXN-2025-00640,2025-04-03,4740.69,Delhi Distribution Network,19DDDDD9785A7Z2,HSN 5208,INV/2025/19637,True,0
TXN-2025-00641,2025-04-09,10212.55,Delhi Distribution Network,19DDDDD9785A7Z2,HSN 2710,INV/2025/82070,True,0
TXN-2025-00642,2025-03-13,311896.47,Bharat Petroleum Dealer,09CCCCC2169F3Z9,CASH PAYMENT,INV/2025/99181,True,1
TXN-2025-00643,2025-06-06,10854.41,Reliance Industries Ltd,27BBBBB2679F2Z7,HSN 7208,INV/2025/22672,True,0
TXN-2025-00644,2025-04-11,4013.77,Verma Stationery Traders,27BBBBB7924C5Z3,HSN 4819,INV/2025/54444,True,0
TXN-2025-00645,2025-05-23,10975.33,Verma Stationery Traders,27BBBBB7924C5Z3,HSN 4819,INV/2025/28909,True,0
TXN-2025-00646,2025-02-20,10740.97,Global Enterprises,33EEEEE5803F6Z4,SAC 9983,INV/2025/62610,True,0
TXN-2025-00647,2025-05-09,400000.0,Tata Consultancy Services Ltd,07AAAAA1409C4Z4,HSN 8471,INV/2025/15100,True,1
TXN-2025-00648,2025-02-05,164994.93,Singhania Textiles Pvt Ltd,27BBBBB2654P5Z8,UNCLASSIFIED,INV/2025/72094,True,1
TXN-2025-00649,2025-05-13,11106.13,Aggarwal Auto Components,07AAAAA6881C5Z1,HSN 7208,INV/2025/89463,True,0
TXN-2025-00650,2025-05-12,23317.63,Infosys Limited,07AAAAA1488A4Z4,HSN 5208,INV/2025/90356,True,0
TXN-2025-00651,2025-03-23,58639.56,Infosys Limited,07AAAAA1488A4Z4,HSN 2710,INV/2025/90805,True,0
TXN-2025-00652,2025-03-18,32900.79,Global Enterprises,33EEEEE5803F6Z4,HSN 5208,INV/2025/76494,True,0
TXN-2025-00653,2025-05-11,10773.98,Delhi Distribution Network,19DDDDD9785A7Z2,HSN 2710,INV/2025/83783,True,0
TXN-2025-00654,2025-03-18,5512.53,Aggarwal Auto Components,07AAAAA6881C5Z1,HSN 4819,INV/2025/12180,True,0
TXN-2025-00655,2025-04-05,96862.88,Verma Stationery Traders,27BBBBB7924C5Z3,UNCLASSIFIED,INV/2025/24366,True,1
TXN-2025-00656,2025-04-17,14007.87,Global Enterprises,33EEEEE5803F6Z4,HSN 5208,INV/2025/92478,True,0
TXN-2025-00657,2025-01-07,13509.43,Global Enterprises,33EEEEE5803F6Z4,HSN 2710,INV/2025/44803,True,0
TXN-2025-00658,2025-06-17,142245.29,Apex Packaging Solutions,09CCCCC3664C6Z4,UNCLASSIFIED,INV/2025/85821,True,1
TXN-2025-00659,2025-05-28,15653.78,Sharma Logistics & Freight,33EEEEE1434F4Z9,SAC 9965,INV/2025/16731,True,0
TXN-2025-00660,2025-05-30,11902.59,Aggarwal Auto Components,07AAAAA6881C5Z1,HSN 7208,INV/2025/78712,True,0
TXN-2025-00661,2025-06-11,8442.81,Singhania Textiles Pvt Ltd,27BBBBB2654P5Z8,SAC 9983,INV/2025/59832,True,0
TXN-2025-00662,2025-02-07,8625.8,Bharat Petroleum Dealer,09CCCCC2169F3Z9,SAC 9965,INV/2025/41745,True,0
TXN-2025-00663,2025-01-09,143471.85,Global Enterprises,33EEEEE5803F6Z4,UNCLASSIFIED,INV/2025/24404,True,1
TXN-2025-00664,2025-02-18,8649.53,Tata Consultancy Services Ltd,07AAAAA1409C4Z4,HSN 2710,INV/2025/51116,True,0
TXN-2025-00665,2025-04-18,7553.18,Infosys Limited,07AAAAA1488A4Z4,HSN 2710,INV/2025/36724,True,0
TXN-2025-00666,2025-04-16,14547.06,Delhi Distribution Network,19DDDDD9785A7Z2,HSN 4819,INV/2025/90147,True,0
TXN-2025-00667,2025-05-01,10894.55,Bharat Petroleum Dealer,09CCCCC2169F3Z9,HSN 4819,INV/2025/18163,True,0
TXN-2025-00668,2025-06-30,500000.0,Infosys Limited,07AAAAA1488A4Z4,SAC 9983,INV/2025/37176,True,1
TXN-2025-00669,2025-02-18,1602.35,Verma Stationery Traders,07AAAAA1409C4Z4,SAC 9965,INV/2025/51116,True,1
TXN-2025-00670,2025-05-15,31990.86,Mehta Tech Solutions LLP,27BBBBB6514A2Z7,HSN 5208,INV/2025/32699,True,0
TXN-2025-00671,2025-04-28,36201.95,Chawla IT Services,27BBBBB3677P7Z5,SAC 9983,INV/2025/54869,True,0
TXN-2025-00672,2025-05-20,2543.48,Verma Stationery Traders,27BBBBB7924C5Z3,SAC 9965,INV/2025/99226,True,0
TXN-2025-00673,2025-06-14,10156.3,Apex Packaging Solutions,09CCCCC3664C6Z4,SAC 9965,INV/2025/44650,True,0
TXN-2025-00674,2025-06-06,9925.35,Aggarwal Auto Components,07AAAAA6881C5Z1,HSN 7208,INV/2025/42311,True,0
TXN-2025-00675,2025-03-13,4332.89,Delhi Distribution Network,19DDDDD9785A7Z2,HSN 5208,INV/2025/39473,True,0
TXN-2025-00676,2025-03-18,7170.61,Apex Packaging Solutions,09CCCCC3664C6Z4,HSN 5208,INV/2025/37168,True,0
TXN-2025-00677,2025-06-26,800000.0,Singhania Textiles Pvt Ltd,27BBBBB2654P5Z8,HSN 2710,INV/2025/51555,True,1
TXN-2025-00678,2025-05-03,54274.86,Verma Stationery Traders,27BBBBB7924C5Z3,SAC 9983,INV/2025/45842,True,0
TXN-2025-00679,2025-03-15,28241.36,Reliance Industries Ltd,27BBBBB2679F2Z7,SAC 9983,INV/2025/98686,True,0
TXN-2025-00680,2025-05-20,36947.16,Mehta Tech Solutions LLP,27BBBBB6514A2Z7,HSN 2710,INV/2025/55237,True,0
TXN-2025-00681,2025-02-07,23797.54,Gupta Steel & Hardware Corp,19DDDDD4611P5Z1,HSN 8471,INV/2025/47700,True,0
TXN-2025-00682,2025-01-21,5414.08,Verma Stationery Traders,27BBBBB7924C5Z3,HSN 2710,INV/2025/95979,True,0
TXN-2025-00683,2025-03-07,8781.34,Singhania Textiles Pvt Ltd,27BBBBB2654P5Z8,HSN 2710,INV/2025/38047,True,0
TXN-2025-00684,2025-02-21,19761.67,Bharat Petroleum Dealer,09CCCCC2169F3Z9,SAC 9983,INV/2025/45537,True,0
TXN-2025-00685,2025-05-24,62537.12,Singhania Textiles Pvt Ltd,27BBBBB2654P5Z8,SAC 9983 (NO TDS),INV/2025/27992,False,1
TXN-2025-00686,2025-01-28,23632.99,Global Enterprises,33EEEEE5803F6Z4,SAC 9965,INV/2025/86917,True,0
TXN-2025-00687,2025-03-03,11023.0,Sharma Logistics & Freight,33EEEEE1434F4Z9,HSN 8471,INV/2025/97796,True,0
TXN-2025-00688,2025-05-16,400000.0,Sharma Logistics & Freight,33EEEEE1434F4Z9,SAC 9965,INV/2025/40518,True,1
TXN-2025-00689,2025-01-14,1000000.0,Reliance Industries Ltd,27BBBBB2679F2Z7,HSN 2710,INV/2025/53292,True,1
TXN-2025-00690,2025-05-01,19061.21,Reliance Industries Ltd,27BBBBB2679F2Z7,SAC 9965,INV/2025/28018,True,0
TXN-2025-00691,2025-01-02,10008.87,Delhi Distribution Network,19DDDDD9785A7Z2,HSN 7208,INV/2025/63334,True,0
TXN-2025-00692,2025-06-17,33774.58,Chawla IT Services,27BBBBB3677P7Z5,HSN 2710,INV/2025/72580,True,0
TXN-2025-00693,2025-06-16,5625.97,Sharma Logistics & Freight,33EEEEE1434F4Z9,HSN 4819,INV/2025/47649,True,0
TXN-2025-00694,2025-03-24,21867.32,Gupta Steel & Hardware Corp,19DDDDD4611P5Z1,SAC 9965,INV/2025/17754,True,0
TXN-2025-00695,2025-01-23,21471.48,Kapur Electronics,07AAAAA1750B5Z2,SAC 9983,INV/2025/40437,True,0
TXN-2025-00696,2025-05-17,10429.18,Singhania Textiles Pvt Ltd,27BBBBB2654P5Z8,SAC 9965,INV/2025/14888,True,0
TXN-2025-00697,2025-02-14,17342.34,Mehta Tech Solutions LLP,27BBBBB6514A2Z7,HSN 4819,INV/2025/33040,True,0
TXN-2025-00698,2025-01-10,4910.39,Bharat Petroleum Dealer,09CCCCC2169F3Z9,HSN 2710,INV/2025/74930,True,0
TXN-2025-00699,2025-02-17,27979.34,Chawla IT Services,27BBBBB3677P7Z5,SAC 9965,INV/2025/47941,True,0
TXN-2025-00700,2025-01-10,11522.75,Tata Consultancy Services Ltd,07AAAAA1409C4Z4,HSN 5208,INV/2025/84443,True,0
TXN-2025-00701,2025-06-04,8793.97,Reliance Industries Ltd,27BBBBB2679F2Z7,HSN 5208,INV/2025/47298,True,0
TXN-2025-00702,2025-04-27,30921.51,Kapur Electronics,07AAAAA1750B5Z2,SAC 9983,INV/2025/78723,True,0
TXN-2025-00703,2025-05-07,7604.73,Chawla IT Services,27BBBBB3677P7Z5,HSN 7208,INV/2025/76088,True,0
TXN-2025-00704,2025-04-30,4329.6,Gupta Steel & Hardware Corp,19DDDDD4611P5Z1,HSN 7208,INV/2025/24764,True,0
TXN-2025-00705,2025-03-26,3845.65,Infosys Limited,07AAAAA1488A4Z4,SAC 9965,INV/2025/70150,True,0
TXN-2025-00706,2025-06-15,21694.37,Gupta Steel & Hardware Corp,19DDDDD4611P5Z1,SAC 9965,INV/2025/34405,True,0
TXN-2025-00707,2025-01-04,4796.57,Singhania Textiles Pvt Ltd,27BBBBB2654P5Z8,HSN 5208,INV/2025/48669,True,0
TXN-2025-00708,2025-05-26,54384.55,Kapur Electronics,07AAAAA1750B5Z2,HSN 4819,INV/2025/35318,True,0
TXN-2025-00709,2025-02-14,2526.16,Global Enterprises,07INVALIDGSTIN12,HSN 4819,INV/2025/93719,True,1
TXN-2025-00710,2025-04-14,51904.72,Bharat Petroleum Dealer,09CCCCC2169F3Z9,HSN 2710,INV/2025/77538,True,0
TXN-2025-00711,2025-03-25,15816.58,Reliance Industries Ltd,27BBBBB2679F2Z7,HSN 2710,INV/2025/97720,True,0
TXN-2025-00712,2025-01-25,12365.05,Infosys Limited,07AAAAA1488A4Z4,HSN 7208,INV/2025/72580,True,0
TXN-2025-00713,2025-03-24,8639.2,Chawla IT Services,27BBBBB3677P7Z5,HSN 7208,INV/2025/10895,True,0
TXN-2025-00714,2025-03-08,18385.34,Mehta Tech Solutions LLP,27BBBBB6514A2Z7,HSN 7208,INV/2025/68554,True,0
TXN-2025-00715,2025-03-10,12963.49,Verma Stationery Traders,27BBBBB7924C5Z3,HSN 5208,INV/2025/86344,True,0
TXN-2025-00716,2025-05-27,32294.15,Tata Consultancy Services Ltd,07AAAAA1409C4Z4,HSN 5208,INV/2025/95679,True,0
TXN-2025-00717,2025-04-03,14638.09,Singhania Textiles Pvt Ltd,27BBBBB2654P5Z8,HSN 7208,INV/2025/18142,True,0
TXN-2025-00718,2025-06-20,15066.69,Reliance Industries Ltd,07INVALIDGSTIN12,HSN 2710,INV/2025/50213,True,1
TXN-2025-00719,2025-02-10,9987.71,Mehta Tech Solutions LLP,27BBBBB6514A2Z7,SAC 9965,INV/2025/75866,True,0
TXN-2025-00720,2025-06-30,12764.76,Apex Packaging Solutions,09CCCCC3664C6Z4,HSN 5208,INV/2025/25389,True,0
TXN-2025-00721,2025-06-13,17089.87,Chawla IT Services,27BBBBB3677P7Z5,HSN 5208,INV/2025/58174,True,0
TXN-2025-00722,2025-06-07,3401.14,Sharma Logistics & Freight,33EEEEE1434F4Z9,HSN 7208,INV/2025/27507,True,0
TXN-2025-00723,2025-05-03,4543.49,Infosys Limited,07AAAAA1488A4Z4,HSN 2710,INV/2025/89395,True,0
TXN-2025-00724,2025-04-06,24212.18,Mehta Tech Solutions LLP,27BBBBB6514A2Z7,SAC 9965,INV/2025/81989,True,0
TXN-2025-00725,2025-05-01,15316.6,Apex Packaging Solutions,09CCCCC3664C6Z4,SAC 9983,INV/2025/97044,True,0
TXN-2025-00726,2025-02-25,11531.22,Apex Packaging Solutions,09CCCCC3664C6Z4,HSN 7208,INV/2025/99173,True,0
TXN-2025-00727,2025-06-02,13558.2,Bharat Petroleum Dealer,09CCCCC2169F3Z9,HSN 4819,INV/2025/20730,True,0
TXN-2025-00728,2025-05-15,17642.49,Aggarwal Auto Components,07AAAAA6881C5Z1,SAC 9983,INV/2025/57419,True,0
TXN-2025-00729,2025-01-20,8674.93,Chawla IT Services,27BBBBB3677P7Z5,SAC 9983,INV/2025/24707,True,0
TXN-2025-00730,2025-01-16,7167.82,Bharat Petroleum Dealer,09CCCCC2169F3Z9,SAC 9983,INV/2025/76255,True,0
TXN-2025-00731,2025-02-21,15625.76,Global Enterprises,07INVALIDGSTIN12,SAC 9983,INV/2025/29641,True,1
TXN-2025-00732,2025-02-12,6107.68,Verma Stationery Traders,27BBBBB7924C5Z3,HSN 4819,INV/2025/78202,True,0
TXN-2025-00733,2025-04-24,18519.92,Reliance Industries Ltd,27BBBBB2679F2Z7,SAC 9965,INV/2025/36922,True,0
TXN-2025-00734,2025-05-30,3421.84,Aggarwal Auto Components,07AAAAA6881C5Z1,HSN 8471,INV/2025/76895,True,0
TXN-2025-00735,2025-04-25,30434.27,Apex Packaging Solutions,09CCCCC3664C6Z4,HSN 8471,INV/2025/69432,True,0
TXN-2025-00736,2025-02-03,19498.21,Delhi Distribution Network,19DDDDD9785A7Z2,HSN 2710,INV/2025/69873,True,0
TXN-2025-00737,2025-05-25,16396.51,Tata Consultancy Services Ltd,07AAAAA1409C4Z4,SAC 9983,INV/2025/70604,True,0
TXN-2025-00738,2025-06-22,29323.74,Apex Packaging Solutions,09CCCCC3664C6Z4,HSN 5208,INV/2025/12853,True,0
TXN-2025-00739,2025-04-12,50634.05,Gupta Steel & Hardware Corp,19DDDDD4611P5Z1,HSN 4819,INV/2025/10395,True,0
TXN-2025-00740,2025-02-25,30076.4,Global Enterprises,33EEEEE5803F6Z4,HSN 8471,INV/2025/15936,True,0
TXN-2025-00741,2025-04-19,3063.46,Verma Stationery Traders,27BBBBB7924C5Z3,SAC 9965,INV/2025/18357,True,0
TXN-2025-00742,2025-05-19,71126.43,Tata Consultancy Services Ltd,07AAAAA1409C4Z4,SAC 9983 (NO TDS),INV/2025/71875,False,1
TXN-2025-00743,2025-01-09,8104.26,Gupta Steel & Hardware Corp,19DDDDD4611P5Z1,HSN 2710,INV/2025/33590,True,0
TXN-2025-00744,2025-02-04,13641.51,Apex Packaging Solutions,09CCCCC3664C6Z4,SAC 9965,INV/2025/94656,True,0
TXN-2025-00745,2025-04-18,500000.0,Verma Stationery Traders,27BBBBB7924C5Z3,HSN 2710,INV/2025/68790,True,1
TXN-2025-00746,2025-04-07,7475.64,Mehta Tech Solutions LLP,27BBBBB6514A2Z7,HSN 8471,INV/2025/99486,True,0
TXN-2025-00747,2025-06-19,15512.69,Bharat Petroleum Dealer,07INVALIDGSTIN12,SAC 9983,INV/2025/27431,True,1
TXN-2025-00748,2025-06-17,7300.47,Bharat Petroleum Dealer,09CCCCC2169F3Z9,HSN 5208,INV/2025/25549,True,0
TXN-2025-00749,2025-02-15,8190.95,Delhi Distribution Network,19DDDDD9785A7Z2,HSN 2710,INV/2025/79316,True,0
TXN-2025-00750,2025-02-02,4335.84,Singhania Textiles Pvt Ltd,27BBBBB2654P5Z8,HSN 7208,INV/2025/10455,True,0
TXN-2025-00751,2025-01-06,6383.13,Gupta Steel & Hardware Corp,19DDDDD4611P5Z1,HSN 2710,INV/2025/98276,True,0
TXN-2025-00752,2025-05-20,4530.79,Mehta Tech Solutions LLP,27BBBBB6514A2Z7,SAC 9983,INV/2025/59712,True,0
TXN-2025-00753,2025-02-28,76311.24,Sharma Logistics & Freight,33EEEEE1434F4Z9,SAC 9983 (NO TDS),INV/2025/55371,False,1
TXN-2025-00754,2025-02-09,31036.32,Gupta Steel & Hardware Corp,19DDDDD4611P5Z1,HSN 7208,INV/2025/24790,True,0
TXN-2025-00755,2025-01-09,500000.0,Apex Packaging Solutions,09CCCCC3664C6Z4,SAC 9965,INV/2025/64950,True,1
TXN-2025-00756,2025-06-07,109744.0,Apex Packaging Solutions,09CCCCC3664C6Z4,HSN 8471,INV/2025/41544,True,0
TXN-2025-00757,2025-02-22,19824.11,Reliance Industries Ltd,27BBBBB2679F2Z7,HSN 8471,INV/2025/87849,True,0
TXN-2025-00758,2025-01-09,15488.74,Aggarwal Auto Components,07AAAAA6881C5Z1,SAC 9983,INV/2025/98083,True,0
TXN-2025-00759,2025-06-30,6723.16,Bharat Petroleum Dealer,09CCCCC2169F3Z9,HSN 8471,INV/2025/42077,True,0
TXN-2025-00760,2025-01-12,23394.31,Mehta Tech Solutions LLP,27BBBBB6514A2Z7,HSN 2710,INV/2025/40715,True,0
TXN-2025-00761,2025-05-19,8429.47,Sharma Logistics & Freight,33EEEEE1434F4Z9,HSN 4819,INV/2025/17398,True,0
TXN-2025-00762,2025-02-05,14729.5,Delhi Distribution Network,19DDDDD9785A7Z2,HSN 5208,INV/2025/40692,True,0
TXN-2025-00763,2025-05-28,103576.69,Verma Stationery Traders,27BBBBB7924C5Z3,SAC 9983,INV/2025/88370,True,0
TXN-2025-00764,2025-06-22,12371.52,Bharat Petroleum Dealer,09CCCCC2169F3Z9,HSN 5208,INV/2025/41051,True,0
TXN-2025-00765,2025-03-19,33503.95,Chawla IT Services,27BBBBB3677P7Z5,HSN 7208,INV/2025/96535,True,0
TXN-2025-00766,2025-05-14,7611.83,Sharma Logistics & Freight,33EEEEE1434F4Z9,HSN 2710,INV/2025/49387,True,0
TXN-2025-00767,2025-03-12,12990.96,Tata Consultancy Services Ltd,07AAAAA1409C4Z4,SAC 9983,INV/2025/87550,True,0
TXN-2025-00768,2025-02-14,55085.43,Kapur Electronics,07AAAAA1750B5Z2,SAC 9965,INV/2025/65994,True,0
TXN-2025-00769,2025-05-23,8090.34,Aggarwal Auto Components,07AAAAA6881C5Z1,HSN 8471,INV/2025/55143,True,0
TXN-2025-00770,2025-06-14,56951.7,Kapur Electronics,07AAAAA1750B5Z2,HSN 2710,INV/2025/78742,True,0
TXN-2025-00771,2025-03-23,23534.0,Singhania Textiles Pvt Ltd,27BBBBB2654P5Z8,HSN 2710,INV/2025/63511,True,0
TXN-2025-00772,2025-02-08,8518.76,Gupta Steel & Hardware Corp,19DDDDD4611P5Z1,HSN 2710,INV/2025/34101,True,0
TXN-2025-00773,2025-05-18,22157.39,Aggarwal Auto Components,07AAAAA6881C5Z1,HSN 7208,INV/2025/39536,True,0
TXN-2025-00774,2025-03-18,29086.91,Bharat Petroleum Dealer,09CCCCC2169F3Z9,SAC 9965,INV/2025/28920,True,0
TXN-2025-00775,2025-04-29,21970.33,Chawla IT Services,27BBBBB3677P7Z5,HSN 8471,INV/2025/83713,True,0
TXN-2025-00776,2025-04-16,3804.04,Mehta Tech Solutions LLP,27BBBBB6514A2Z7,SAC 9983,INV/2025/79467,True,0
TXN-2025-00777,2025-02-04,7467.31,Mehta Tech Solutions LLP,27BBBBB6514A2Z7,HSN 7208,INV/2025/43422,True,0
TXN-2025-00778,2025-02-22,10959.75,Verma Stationery Traders,27BBBBB7924C5Z3,SAC 9965,INV/2025/20363,True,0
TXN-2025-00779,2025-04-26,12587.42,Bharat Petroleum Dealer,09CCCCC2169F3Z9,HSN 5208,INV/2025/22119,True,0
TXN-2025-00780,2025-05-18,21950.33,Singhania Textiles Pvt Ltd,27BBBBB2654P5Z8,HSN 4819,INV/2025/34966,True,0
TXN-2025-00781,2025-01-14,15400.59,Gupta Steel & Hardware Corp,19DDDDD4611P5Z1,HSN 2710,INV/2025/98299,True,0
TXN-2025-00782,2025-06-04,4590.41,Global Enterprises,33EEEEE5803F6Z4,HSN 8471,INV/2025/19539,True,0
TXN-2025-00783,2025-02-18,443320.9,Apex Packaging Solutions,09CCCCC3664C6Z4,HSN 4819,INV/2025/87015,True,1
TXN-2025-00784,2025-06-21,21773.93,Delhi Distribution Network,19DDDDD9785A7Z2,HSN 7208,INV/2025/72835,True,0
TXN-2025-00785,2025-02-23,20906.85,Bharat Petroleum Dealer,09CCCCC2169F3Z9,HSN 5208,INV/2025/49739,True,0
TXN-2025-00786,2025-01-04,31717.52,Sharma Logistics & Freight,33EEEEE1434F4Z9,HSN 7208,INV/2025/25376,True,0
TXN-2025-00787,2025-05-03,26033.46,Chawla IT Services,27BBBBB3677P7Z5,HSN 7208,INV/2025/89220,True,0
TXN-2025-00788,2025-06-30,19290.04,Sharma Logistics & Freight,33EEEEE1434F4Z9,HSN 2710,INV/2025/41369,True,0
TXN-2025-00789,2025-05-22,12630.47,Verma Stationery Traders,27BBBBB7924C5Z3,HSN 4819,INV/2025/47101,True,0
TXN-2025-00790,2025-04-08,3537.7,Aggarwal Auto Components,07AAAAA6881C5Z1,SAC 9983,INV/2025/95029,True,0
TXN-2025-00791,2025-04-02,18839.19,Gupta Steel & Hardware Corp,19DDDDD4611P5Z1,HSN 5208,INV/2025/57139,True,0
TXN-2025-00792,2025-05-12,15774.5,Chawla IT Services,27BBBBB3677P7Z5,HSN 2710,INV/2025/71080,True,0
TXN-2025-00793,2025-01-26,16601.74,Apex Packaging Solutions,09CCCCC3664C6Z4,SAC 9965,INV/2025/71537,True,0
TXN-2025-00794,2025-03-23,4810.72,Chawla IT Services,27BBBBB3677P7Z5,HSN 7208,INV/2025/58589,True,0
TXN-2025-00795,2025-03-22,5626.0,Mehta Tech Solutions LLP,27BBBBB6514A2Z7,HSN 8471,INV/2025/83731,True,0
TXN-2025-00796,2025-02-26,31024.18,Singhania Textiles Pvt Ltd,27BBBBB2654P5Z8,HSN 7208,INV/2025/12125,True,0
TXN-2025-00797,2025-03-08,12943.59,Delhi Distribution Network,19DDDDD9785A7Z2,SAC 9983,INV/2025/85909,True,0
TXN-2025-00798,2025-04-17,23044.92,Gupta Steel & Hardware Corp,19DDDDD4611P5Z1,HSN 7208,INV/2025/35715,True,0
TXN-2025-00799,2025-03-26,13665.84,Sharma Logistics & Freight,33EEEEE1434F4Z9,HSN 2710,INV/2025/84683,True,0
TXN-2025-00800,2025-03-04,13681.57,Aggarwal Auto Components,07AAAAA6881C5Z1,SAC 9983,INV/2025/95800,True,0
TXN-2025-00801,2025-06-25,110802.13,Verma Stationery Traders,27BBBBB7924C5Z3,SAC 9983 (NO TDS),INV/2025/74044,False,1
TXN-2025-00802,2025-06-14,8841.08,Singhania Textiles Pvt Ltd,27BBBBB2654P5Z8,HSN 2710,INV/2025/70401,True,0
TXN-2025-00803,2025-02-13,14427.58,Singhania Textiles Pvt Ltd,27BBBBB2654P5Z8,HSN 4819,INV/2025/56160,True,0
TXN-2025-00804,2025-02-13,9229.68,Infosys Limited,07AAAAA1488A4Z4,SAC 9965,INV/2025/81636,True,0
TXN-2025-00805,2025-05-06,9437.09,Infosys Limited,07AAAAA1488A4Z4,SAC 9983,INV/2025/94123,True,0
TXN-2025-00806,2025-01-16,336193.73,Delhi Distribution Network,19DDDDD9785A7Z2,CASH PAYMENT,INV/2025/19742,True,1
TXN-2025-00807,2025-06-21,15957.86,Tata Consultancy Services Ltd,07AAAAA1409C4Z4,HSN 4819,INV/2025/10836,True,0
TXN-2025-00808,2025-04-16,9108.84,Infosys Limited,07AAAAA1488A4Z4,HSN 4819,INV/2025/92667,True,0
TXN-2025-00809,2025-03-01,36483.12,Reliance Industries Ltd,27BBBBB2679F2Z7,SAC 9965,INV/2025/29795,True,0
TXN-2025-00810,2025-01-03,6530.99,Sharma Logistics & Freight,33EEEEE1434F4Z9,SAC 9983,INV/2025/69770,True,0
TXN-2025-00811,2025-04-06,11504.61,Tata Consultancy Services Ltd,07AAAAA1409C4Z4,SAC 9983,INV/2025/93588,True,0
TXN-2025-00812,2025-06-20,9397.65,Chawla IT Services,27BBBBB3677P7Z5,SAC 9983,INV/2025/73334,True,0
TXN-2025-00813,2025-06-18,42513.73,Aggarwal Auto Components,07AAAAA6881C5Z1,HSN 8471,INV/2025/10866,True,0
TXN-2025-00814,2025-05-17,15634.63,Delhi Distribution Network,19DDDDD9785A7Z2,HSN 2710,INV/2025/11553,True,0
TXN-2025-00815,2025-01-05,30499.81,Delhi Distribution Network,19DDDDD9785A7Z2,SAC 9965,INV/2025/46010,True,0
TXN-2025-00816,2025-05-18,4070.62,Gupta Steel & Hardware Corp,19DDDDD4611P5Z1,HSN 8471,INV/2025/75826,True,0
TXN-2025-00817,2025-06-28,16541.71,Kapur Electronics,07AAAAA1750B5Z2,HSN 2710,INV/2025/33496,True,0
TXN-2025-00818,2025-01-28,27219.93,Chawla IT Services,27BBBBB3677P7Z5,HSN 8471,INV/2025/78732,True,0
TXN-2025-00819,2025-02-08,14268.75,Sharma Logistics & Freight,33EEEEE1434F4Z9,HSN 7208,INV/2025/91235,True,0
TXN-2025-00820,2025-05-15,31331.66,Gupta Steel & Hardware Corp,19DDDDD4611P5Z1,HSN 4819,INV/2025/56457,True,0
TXN-2025-00821,2025-03-10,8832.29,Apex Packaging Solutions,09CCCCC3664C6Z4,HSN 2710,INV/2025/20357,True,0
TXN-2025-00822,2025-04-06,41252.95,Mehta Tech Solutions LLP,27BBBBB6514A2Z7,HSN 2710,INV/2025/84055,True,0
TXN-2025-00823,2025-03-04,84045.91,Singhania Textiles Pvt Ltd,27BBBBB2654P5Z8,HSN 7208,INV/2025/49318,True,0
TXN-2025-00824,2025-06-25,9993.89,Bharat Petroleum Dealer,09CCCCC2169F3Z9,HSN 4819,INV/2025/20566,True,0
TXN-2025-00825,2025-06-17,9354.36,Bharat Petroleum Dealer,09CCCCC2169F3Z9,SAC 9965,INV/2025/14152,True,0
TXN-2025-00826,2025-01-24,42732.18,Mehta Tech Solutions LLP,27BBBBB6514A2Z7,HSN 2710,INV/2025/59436,True,0
TXN-2025-00827,2025-05-22,47271.26,Aggarwal Auto Components,07AAAAA6881C5Z1,HSN 8471,INV/2025/93459,True,0
TXN-2025-00828,2025-01-03,8793.01,Singhania Textiles Pvt Ltd,27BBBBB2654P5Z8,HSN 7208,INV/2025/20837,True,0
TXN-2025-00829,2025-05-08,9545.74,Bharat Petroleum Dealer,09CCCCC2169F3Z9,HSN 2710,INV/2025/94529,True,0
TXN-2025-00830,2025-03-26,10663.4,Global Enterprises,33EEEEE5803F6Z4,HSN 4819,INV/2025/22499,True,0
TXN-2025-00831,2025-05-16,4557.09,Chawla IT Services,27BBBBB3677P7Z5,HSN 8471,INV/2025/40115,True,0
TXN-2025-00832,2025-02-24,6406.56,Chawla IT Services,27BBBBB3677P7Z5,HSN 4819,INV/2025/84289,True,0
TXN-2025-00833,2025-05-02,5983.06,Gupta Steel & Hardware Corp,19DDDDD4611P5Z1,HSN 8471,INV/2025/19744,True,0
TXN-2025-00834,2025-06-25,7228.32,Chawla IT Services,27BBBBB3677P7Z5,HSN 5208,INV/2025/81176,True,0
TXN-2025-00835,2025-05-25,12994.12,Kapur Electronics,07AAAAA1750B5Z2,HSN 8471,INV/2025/33508,True,0
TXN-2025-00836,2025-03-22,16112.84,Tata Consultancy Services Ltd,07AAAAA1409C4Z4,HSN 7208,INV/2025/86943,True,0
TXN-2025-00837,2025-02-06,46184.54,Apex Packaging Solutions,09CCCCC3664C6Z4,HSN 4819,INV/2025/62205,True,0
TXN-2025-00838,2025-01-20,6010.82,Gupta Steel & Hardware Corp,19DDDDD4611P5Z1,HSN 7208,INV/2025/83919,True,0
TXN-2025-00839,2025-03-03,29362.04,Global Enterprises,33EEEEE5803F6Z4,HSN 4819,INV/2025/61007,True,0
TXN-2025-00840,2025-06-23,11257.71,Chawla IT Services,27BBBBB3677P7Z5,SAC 9983,INV/2025/53480,True,0
TXN-2025-00841,2025-04-09,12841.39,Apex Packaging Solutions,09CCCCC3664C6Z4,SAC 9965,INV/2025/28343,True,0
TXN-2025-00842,2025-06-26,22922.07,Singhania Textiles Pvt Ltd,27BBBBB2654P5Z8,HSN 8471,INV/2025/75639,True,0
TXN-2025-00843,2025-03-30,5441.57,Tata Consultancy Services Ltd,07AAAAA1409C4Z4,HSN 8471,INV/2025/67290,True,0
TXN-2025-00844,2025-03-01,18140.96,Bharat Petroleum Dealer,09CCCCC2169F3Z9,HSN 8471,INV/2025/54642,True,0
TXN-2025-00845,2025-06-04,15262.62,Apex Packaging Solutions,09CCCCC3664C6Z4,SAC 9983,INV/2025/88067,True,0
TXN-2025-00846,2025-04-12,19810.37,Apex Packaging Solutions,09CCCCC3664C6Z4,HSN 5208,INV/2025/13883,True,0
TXN-2025-00847,2025-06-12,16837.01,Gupta Steel & Hardware Corp,19DDDDD4611P5Z1,HSN 4819,INV/2025/69054,True,0
TXN-2025-00848,2025-05-06,95248.08,Sharma Logistics & Freight,33EEEEE1434F4Z9,HSN 5208,INV/2025/82487,True,0
TXN-2025-00849,2025-04-07,8020.92,Mehta Tech Solutions LLP,27BBBBB6514A2Z7,HSN 7208,INV/2025/99088,True,0
TXN-2025-00850,2025-05-30,8735.95,Kapur Electronics,07AAAAA1750B5Z2,HSN 2710,INV/2025/21232,True,0
TXN-2025-00851,2025-06-08,8115.15,Gupta Steel & Hardware Corp,19DDDDD4611P5Z1,HSN 4819,INV/2025/42302,True,0
TXN-2025-00852,2025-01-19,8566.53,Reliance Industries Ltd,27BBBBB2679F2Z7,HSN 5208,INV/2025/30214,True,0
TXN-2025-00853,2025-04-08,138674.11,Singhania Textiles Pvt Ltd,27BBBBB2654P5Z8,HSN 4819,INV/2025/93086,True,1
TXN-2025-00854,2025-02-09,34586.31,Singhania Textiles Pvt Ltd,27BBBBB2654P5Z8,HSN 2710,INV/2025/51507,True,0
TXN-2025-00855,2025-04-03,41622.8,Reliance Industries Ltd,27BBBBB2679F2Z7,HSN 8471,INV/2025/10680,True,0
TXN-2025-00856,2025-03-20,8462.53,Aggarwal Auto Components,07AAAAA6881C5Z1,HSN 5208,INV/2025/45358,True,0
TXN-2025-00857,2025-01-27,6864.48,Infosys Limited,07AAAAA1488A4Z4,HSN 8471,INV/2025/34561,True,0
TXN-2025-00858,2025-04-21,19479.78,Aggarwal Auto Components,07AAAAA6881C5Z1,SAC 9983,INV/2025/82710,True,0
TXN-2025-00859,2025-05-12,145016.55,Mehta Tech Solutions LLP,27BBBBB6514A2Z7,HSN 8471,INV/2025/13442,True,1
TXN-2025-00860,2025-01-23,22166.68,Verma Stationery Traders,27BBBBB7924C5Z3,SAC 9983,INV/2025/22198,True,0
TXN-2025-00861,2025-06-02,15714.49,Global Enterprises,33EEEEE5803F6Z4,HSN 4819,INV/2025/52523,True,0
TXN-2025-00862,2025-04-09,3973.51,Tata Consultancy Services Ltd,07AAAAA1409C4Z4,HSN 5208,INV/2025/64238,True,0
TXN-2025-00863,2025-04-10,46074.0,Apex Packaging Solutions,09CCCCC3664C6Z4,HSN 8471,INV/2025/83339,True,0
TXN-2025-00864,2025-03-04,56201.69,Global Enterprises,33EEEEE5803F6Z4,SAC 9983,INV/2025/32227,True,0
TXN-2025-00865,2025-06-25,8182.63,Mehta Tech Solutions LLP,27BBBBB6514A2Z7,HSN 7208,INV/2025/28198,True,0
TXN-2025-00866,2025-03-10,134900.55,Gupta Steel & Hardware Corp,19DDDDD4611P5Z1,UNCLASSIFIED,INV/2025/74634,True,1
TXN-2025-00867,2025-02-07,16792.58,Reliance Industries Ltd,27BBBBB2679F2Z7,HSN 7208,INV/2025/66973,True,0
TXN-2025-00868,2025-03-12,17458.21,Mehta Tech Solutions LLP,27BBBBB6514A2Z7,HSN 5208,INV/2025/73469,True,0
TXN-2025-00869,2025-01-20,22625.56,Verma Stationery Traders,27BBBBB7924C5Z3,HSN 5208,INV/2025/42321,True,0
TXN-2025-00870,2025-06-10,66713.57,Aggarwal Auto Components,07AAAAA6881C5Z1,SAC 9983,INV/2025/90828,True,0
TXN-2025-00871,2025-02-20,11596.31,Aggarwal Auto Components,07AAAAA6881C5Z1,HSN 8471,INV/2025/27758,True,0
TXN-2025-00872,2025-03-19,7054.09,Tata Consultancy Services Ltd,07AAAAA1409C4Z4,HSN 2710,INV/2025/53544,True,0
TXN-2025-00873,2025-06-08,4431.73,Mehta Tech Solutions LLP,27BBBBB6514A2Z7,HSN 4819,INV/2025/53193,True,0
TXN-2025-00874,2025-04-23,7444.69,Verma Stationery Traders,27BBBBB7924C5Z3,HSN 2710,INV/2025/95332,True,0
TXN-2025-00875,2025-06-02,13010.32,Infosys Limited,07AAAAA1488A4Z4,HSN 5208,INV/2025/52030,True,0
TXN-2025-00876,2025-06-04,56142.38,Singhania Textiles Pvt Ltd,27BBBBB2654P5Z8,HSN 7208,INV/2025/72784,True,0
TXN-2025-00877,2025-03-22,257982.6,Infosys Limited,07AAAAA1488A4Z4,CASH PAYMENT,INV/2025/51830,True,1
TXN-2025-00878,2025-03-16,15979.0,Singhania Textiles Pvt Ltd,27BBBBB2654P5Z8,SAC 9965,INV/2025/92955,True,0
TXN-2025-00879,2025-05-06,13185.35,Global Enterprises,33EEEEE5803F6Z4,HSN 4819,INV/2025/41775,True,0
TXN-2025-00880,2025-03-25,34569.07,Mehta Tech Solutions LLP,27BBBBB6514A2Z7,HSN 5208,INV/2025/61502,True,0
TXN-2025-00881,2025-04-04,100865.77,Reliance Industries Ltd,27BBBBB2679F2Z7,SAC 9983,INV/2025/36188,True,0
TXN-2025-00882,2025-06-01,8736.85,Delhi Distribution Network,19DDDDD9785A7Z2,HSN 7208,INV/2025/99353,True,0
TXN-2025-00883,2025-05-21,9031.27,Tata Consultancy Services Ltd,07AAAAA1409C4Z4,SAC 9965,INV/2025/70505,True,0
TXN-2025-00884,2025-02-23,30801.81,Aggarwal Auto Components,07AAAAA6881C5Z1,HSN 4819,INV/2025/48185,True,0
TXN-2025-00885,2025-06-27,23052.12,Reliance Industries Ltd,27BBBBB2679F2Z7,HSN 4819,INV/2025/63627,True,0
TXN-2025-00886,2025-06-22,131503.6,Aggarwal Auto Components,07AAAAA6881C5Z1,SAC 9983 (NO TDS),INV/2025/93012,False,1
TXN-2025-00887,2025-03-19,21314.49,Sharma Logistics & Freight,33EEEEE1434F4Z9,HSN 5208,INV/2025/96332,True,0
TXN-2025-00888,2025-02-09,10022.28,Singhania Textiles Pvt Ltd,27BBBBB2654P5Z8,HSN 2710,INV/2025/59412,True,0
TXN-2025-00889,2025-01-19,21429.5,Aggarwal Auto Components,07AAAAA6881C5Z1,SAC 9983,INV/2025/72814,True,0
TXN-2025-00890,2025-05-30,32434.01,Mehta Tech Solutions LLP,27BBBBB6514A2Z7,SAC 9983,INV/2025/76402,True,0
TXN-2025-00891,2025-06-27,25755.04,Mehta Tech Solutions LLP,27BBBBB6514A2Z7,SAC 9983,INV/2025/14818,True,0
TXN-2025-00892,2025-04-03,218890.44,Singhania Textiles Pvt Ltd,27BBBBB2654P5Z8,UNCLASSIFIED,INV/2025/80373,True,1
TXN-2025-00893,2025-06-02,31361.61,Kapur Electronics,07AAAAA1750B5Z2,HSN 8471,INV/2025/24335,True,0
TXN-2025-00894,2025-03-05,34044.93,Kapur Electronics,07AAAAA1750B5Z2,SAC 9965,INV/2025/56531,True,0
TXN-2025-00895,2025-02-12,40365.36,Kapur Electronics,07AAAAA1750B5Z2,SAC 9983,INV/2025/15806,True,0
TXN-2025-00896,2025-05-25,22448.25,Kapur Electronics,07AAAAA1750B5Z2,SAC 9965,INV/2025/94769,True,0
TXN-2025-00897,2025-04-13,11687.85,Apex Packaging Solutions,09CCCCC3664C6Z4,HSN 5208,INV/2025/66420,True,0
TXN-2025-00898,2025-01-28,15023.5,Tata Consultancy Services Ltd,07AAAAA1409C4Z4,HSN 8471,INV/2025/43913,True,0
TXN-2025-00899,2025-02-26,35073.71,Delhi Distribution Network,19DDDDD9785A7Z2,SAC 9965,INV/2025/77999,True,0
TXN-2025-00900,2025-05-23,6949.68,Global Enterprises,33EEEEE5803F6Z4,SAC 9965,INV/2025/85397,True,0
TXN-2025-00901,2025-02-26,17942.7,Aggarwal Auto Components,07AAAAA6881C5Z1,HSN 5208,INV/2025/61266,True,0
TXN-2025-00902,2025-04-29,9752.99,Apex Packaging Solutions,09CCCCC3664C6Z4,SAC 9965,INV/2025/87147,True,0
TXN-2025-00903,2025-06-26,13670.5,Delhi Distribution Network,07INVALIDGSTIN12,HSN 7208,INV/2025/55215,True,1
TXN-2025-00904,2025-01-07,37151.58,Aggarwal Auto Components,07AAAAA6881C5Z1,HSN 8471,INV/2025/48722,True,0
TXN-2025-00905,2025-04-17,15566.54,Chawla IT Services,27BBBBB3677P7Z5,HSN 8471,INV/2025/25213,True,0
TXN-2025-00906,2025-02-06,13865.36,Verma Stationery Traders,27BBBBB7924C5Z3,HSN 5208,INV/2025/54966,True,0
TXN-2025-00907,2025-04-27,4501.27,Apex Packaging Solutions,09CCCCC3664C6Z4,HSN 7208,INV/2025/78303,True,0
TXN-2025-00908,2025-05-04,24270.16,Verma Stationery Traders,27BBBBB7924C5Z3,HSN 2710,INV/2025/22795,True,0
TXN-2025-00909,2025-04-23,22390.39,Singhania Textiles Pvt Ltd,27BBBBB2654P5Z8,SAC 9965,INV/2025/69303,True,0
TXN-2025-00910,2025-03-23,75403.11,Reliance Industries Ltd,27BBBBB2679F2Z7,HSN 5208,INV/2025/15856,True,0
TXN-2025-00911,2025-01-30,10443.94,Tata Consultancy Services Ltd,07AAAAA1409C4Z4,HSN 4819,INV/2025/54967,True,0
TXN-2025-00912,2025-06-15,15919.82,Reliance Industries Ltd,27BBBBB2679F2Z7,SAC 9965,INV/2025/31542,True,0
TXN-2025-00913,2025-03-04,16309.56,Delhi Distribution Network,19DDDDD9785A7Z2,HSN 7208,INV/2025/82339,True,0
TXN-2025-00914,2025-02-10,47191.2,Verma Stationery Traders,27BBBBB7924C5Z3,SAC 9983,INV/2025/65885,True,0
TXN-2025-00915,2025-04-29,12379.08,Sharma Logistics & Freight,33EEEEE1434F4Z9,HSN 4819,INV/2025/63090,True,0
TXN-2025-00916,2025-06-11,16700.89,Infosys Limited,07AAAAA1488A4Z4,HSN 7208,INV/2025/93948,True,0
TXN-2025-00917,2025-06-18,21727.13,Mehta Tech Solutions LLP,27BBBBB6514A2Z7,HSN 2710,INV/2025/13826,True,0
TXN-2025-00918,2025-06-07,15510.73,Chawla IT Services,27BBBBB3677P7Z5,HSN 7208,INV/2025/68926,True,0
TXN-2025-00919,2025-06-01,9347.4,Mehta Tech Solutions LLP,27BBBBB6514A2Z7,HSN 2710,INV/2025/10583,True,0
TXN-2025-00920,2025-06-30,15603.83,Sharma Logistics & Freight,33EEEEE1434F4Z9,HSN 7208,INV/2025/46483,True,0
TXN-2025-00921,2025-06-30,31536.64,Apex Packaging Solutions,09CCCCC3664C6Z4,HSN 4819,INV/2025/18200,True,0
TXN-2025-00922,2025-05-28,5876.92,Reliance Industries Ltd,27BBBBB2679F2Z7,HSN 4819,INV/2025/80371,True,0
TXN-2025-00923,2025-02-17,14859.22,Verma Stationery Traders,27BBBBB7924C5Z3,HSN 5208,INV/2025/35830,True,0
TXN-2025-00924,2025-04-28,7630.46,Reliance Industries Ltd,27BBBBB2679F2Z7,HSN 5208,INV/2025/97910,True,0
TXN-2025-00925,2025-05-06,34753.56,Delhi Distribution Network,19DDDDD9785A7Z2,SAC 9965,INV/2025/51078,True,0
TXN-2025-00926,2025-06-02,3949.92,Mehta Tech Solutions LLP,27BBBBB6514A2Z7,SAC 9983,INV/2025/61451,True,0
TXN-2025-00927,2025-05-31,8542.96,Reliance Industries Ltd,27BBBBB2679F2Z7,HSN 5208,INV/2025/56135,True,0
TXN-2025-00928,2025-04-28,18065.68,Global Enterprises,33EEEEE5803F6Z4,HSN 7208,INV/2025/98288,True,0
TXN-2025-00929,2025-06-30,46742.97,Apex Packaging Solutions,09CCCCC3664C6Z4,HSN 5208,INV/2025/90541,True,0
TXN-2025-00930,2025-06-01,12675.16,Reliance Industries Ltd,27BBBBB2679F2Z7,SAC 9965,INV/2025/27556,True,0
TXN-2025-00931,2025-03-22,8568.43,Reliance Industries Ltd,27BBBBB2679F2Z7,HSN 7208,INV/2025/50026,True,0
TXN-2025-00932,2025-01-30,60169.79,Infosys Limited,07AAAAA1488A4Z4,HSN 5208,INV/2025/28528,True,0
TXN-2025-00933,2025-05-11,4194.75,Mehta Tech Solutions LLP,27BBBBB6514A2Z7,HSN 2710,INV/2025/88174,True,0
TXN-2025-00934,2025-02-05,2300.67,Global Enterprises,33EEEEE5803F6Z4,HSN 2710,INV/2025/65448,True,0
TXN-2025-00935,2025-02-17,18996.53,Aggarwal Auto Components,07AAAAA6881C5Z1,SAC 9965,INV/2025/80435,True,0
TXN-2025-00936,2025-06-27,8940.59,Chawla IT Services,27BBBBB3677P7Z5,SAC 9965,INV/2025/32706,True,0
TXN-2025-00937,2025-05-23,400000.0,Infosys Limited,07AAAAA1488A4Z4,HSN 2710,INV/2025/47858,True,1
TXN-2025-00938,2025-02-05,23545.39,Infosys Limited,07AAAAA1488A4Z4,HSN 5208,INV/2025/69113,True,0
TXN-2025-00939,2025-06-08,16236.88,Tata Consultancy Services Ltd,07AAAAA1409C4Z4,HSN 4819,INV/2025/57059,True,0
TXN-2025-00940,2025-01-03,8507.79,Aggarwal Auto Components,07AAAAA6881C5Z1,HSN 7208,INV/2025/35575,True,0
TXN-2025-00941,2025-04-09,4797.05,Delhi Distribution Network,19DDDDD9785A7Z2,SAC 9983,INV/2025/95599,True,0
TXN-2025-00942,2025-05-07,26848.52,Mehta Tech Solutions LLP,27BBBBB6514A2Z7,SAC 9965,INV/2025/74451,True,0
TXN-2025-00943,2025-04-17,22475.05,Singhania Textiles Pvt Ltd,27BBBBB2654P5Z8,HSN 4819,INV/2025/68176,True,0
TXN-2025-00944,2025-05-06,12340.72,Infosys Limited,07AAAAA1488A4Z4,HSN 8471,INV/2025/84107,True,0
TXN-2025-00945,2025-01-08,58530.87,Apex Packaging Solutions,09CCCCC3664C6Z4,HSN 4819,INV/2025/38905,True,0
TXN-2025-00946,2025-03-16,5675.6,Tata Consultancy Services Ltd,07AAAAA1409C4Z4,HSN 5208,INV/2025/39470,True,0
TXN-2025-00947,2025-05-18,3942.54,Gupta Steel & Hardware Corp,19DDDDD4611P5Z1,HSN 7208,INV/2025/69942,True,0
TXN-2025-00948,2025-05-25,7680.76,Singhania Textiles Pvt Ltd,27BBBBB2654P5Z8,HSN 4819,INV/2025/74921,True,0
TXN-2025-00949,2025-05-21,12881.29,Delhi Distribution Network,19DDDDD9785A7Z2,HSN 8471,INV/2025/85066,True,0
TXN-2025-00950,2025-01-30,16230.89,Gupta Steel & Hardware Corp,19DDDDD4611P5Z1,HSN 4819,INV/2025/81186,True,0
TXN-2025-00951,2025-04-04,11014.98,Delhi Distribution Network,19DDDDD9785A7Z2,HSN 4819,INV/2025/15453,True,0
TXN-2025-00952,2025-04-23,17705.74,Delhi Distribution Network,19DDDDD9785A7Z2,HSN 7208,INV/2025/65725,True,0
TXN-2025-00953,2025-01-27,500000.0,Singhania Textiles Pvt Ltd,27BBBBB2654P5Z8,HSN 4819,INV/2025/95678,True,1
TXN-2025-00954,2025-03-05,42404.58,Gupta Steel & Hardware Corp,19DDDDD4611P5Z1,HSN 4819,INV/2025/14224,True,0
TXN-2025-00955,2025-04-26,12509.94,Gupta Steel & Hardware Corp,19DDDDD4611P5Z1,HSN 5208,INV/2025/21401,True,0
TXN-2025-00956,2025-04-23,32657.72,Bharat Petroleum Dealer,09CCCCC2169F3Z9,HSN 8471,INV/2025/41056,True,0
TXN-2025-00957,2025-02-23,17574.08,Apex Packaging Solutions,09CCCCC3664C6Z4,SAC 9965,INV/2025/87060,True,0
TXN-2025-00958,2025-06-26,19252.62,Verma Stationery Traders,27BBBBB7924C5Z3,HSN 4819,INV/2025/89988,True,0
TXN-2025-00959,2025-06-11,21074.39,Mehta Tech Solutions LLP,27BBBBB6514A2Z7,HSN 7208,INV/2025/90760,True,0
TXN-2025-00960,2025-02-05,19113.82,Apex Packaging Solutions,09CCCCC3664C6Z4,HSN 7208,INV/2025/37124,True,0
TXN-2025-00961,2025-01-16,22340.99,Global Enterprises,33EEEEE5803F6Z4,HSN 5208,INV/2025/79767,True,0
TXN-2025-00962,2025-03-13,38689.44,Global Enterprises,33EEEEE5803F6Z4,SAC 9983,INV/2025/32069,True,0
TXN-2025-00963,2025-03-24,15634.21,Singhania Textiles Pvt Ltd,27BBBBB2654P5Z8,HSN 5208,INV/2025/47923,True,0
TXN-2025-00964,2025-05-27,23557.58,Gupta Steel & Hardware Corp,19DDDDD4611P5Z1,HSN 4819,INV/2025/77425,True,0
TXN-2025-00965,2025-06-23,12434.27,Bharat Petroleum Dealer,09CCCCC2169F3Z9,HSN 8471,INV/2025/27771,True,0
TXN-2025-00966,2025-04-16,42281.03,Chawla IT Services,27BBBBB3677P7Z5,HSN 8471,INV/2025/46349,True,0
TXN-2025-00967,2025-06-17,7776.69,Infosys Limited,07AAAAA1488A4Z4,SAC 9965,INV/2025/27392,True,0
TXN-2025-00968,2025-03-05,56429.78,Infosys Limited,07AAAAA1488A4Z4,SAC 9965,INV/2025/52217,True,0
TXN-2025-00969,2025-03-05,12937.35,Apex Packaging Solutions,09CCCCC3664C6Z4,HSN 4819,INV/2025/98635,True,0
TXN-2025-00970,2025-04-11,4253.0,Aggarwal Auto Components,07AAAAA6881C5Z1,HSN 7208,INV/2025/85684,True,0
TXN-2025-00971,2025-06-11,1000000.0,Gupta Steel & Hardware Corp,19DDDDD4611P5Z1,SAC 9965,INV/2025/64293,True,1
TXN-2025-00972,2025-04-07,7747.76,Aggarwal Auto Components,07AAAAA6881C5Z1,HSN 8471,INV/2025/93050,True,0
TXN-2025-00973,2025-01-24,26173.82,Mehta Tech Solutions LLP,27BBBBB6514A2Z7,SAC 9983,INV/2025/46467,True,0
TXN-2025-00974,2025-06-27,7925.98,Chawla IT Services,27BBBBB3677P7Z5,HSN 5208,INV/2025/69597,True,0
TXN-2025-00975,2025-05-05,9349.27,Verma Stationery Traders,27BBBBB7924C5Z3,SAC 9983,INV/2025/10324,True,0
TXN-2025-00976,2025-01-24,2946.48,Singhania Textiles Pvt Ltd,27BBBBB2654P5Z8,HSN 2710,INV/2025/93209,True,0
TXN-2025-00977,2025-06-20,9303.58,Singhania Textiles Pvt Ltd,27BBBBB2654P5Z8,HSN 5208,INV/2025/18300,True,0
TXN-2025-00978,2025-05-17,1921.57,Mehta Tech Solutions LLP,27BBBBB6514A2Z7,HSN 7208,INV/2025/66314,True,0
TXN-2025-00979,2025-02-24,3762.65,Aggarwal Auto Components,07AAAAA6881C5Z1,HSN 5208,INV/2025/52318,True,0
TXN-2025-00980,2025-03-14,24546.68,Verma Stationery Traders,27BBBBB7924C5Z3,SAC 9983,INV/2025/85750,True,0
TXN-2025-00981,2025-02-03,25050.28,Global Enterprises,33EEEEE5803F6Z4,HSN 4819,INV/2025/73614,True,0
TXN-2025-00982,2025-03-29,18776.59,Chawla IT Services,27BBBBB3677P7Z5,SAC 9965,INV/2025/16345,True,0
TXN-2025-00983,2025-01-12,6163.62,Reliance Industries Ltd,27BBBBB2679F2Z7,SAC 9965,INV/2025/70238,True,0
TXN-2025-00984,2025-01-05,12859.41,Reliance Industries Ltd,27BBBBB2679F2Z7,HSN 4819,INV/2025/30707,True,0
TXN-2025-00985,2025-04-23,13321.28,Aggarwal Auto Components,07AAAAA6881C5Z1,HSN 8471,INV/2025/66072,True,0
TXN-2025-00986,2025-02-21,5288.6,Singhania Textiles Pvt Ltd,27BBBBB2654P5Z8,HSN 7208,INV/2025/95196,True,0
TXN-2025-00987,2025-03-19,44476.61,Infosys Limited,07AAAAA1488A4Z4,HSN 4819,INV/2025/45916,True,0
TXN-2025-00988,2025-01-24,26954.08,Kapur Electronics,07AAAAA1750B5Z2,HSN 5208,INV/2025/42819,True,0
TXN-2025-00989,2025-01-22,11195.07,Verma Stationery Traders,27BBBBB7924C5Z3,SAC 9965,INV/2025/95054,True,0
TXN-2025-00990,2025-02-12,13650.19,Tata Consultancy Services Ltd,07AAAAA1409C4Z4,HSN 2710,INV/2025/91999,True,0
TXN-2025-00991,2025-03-20,15783.28,Singhania Textiles Pvt Ltd,27BBBBB2654P5Z8,SAC 9965,INV/2025/40689,True,0
TXN-2025-00992,2025-04-20,2608.71,Kapur Electronics,07AAAAA1750B5Z2,HSN 8471,INV/2025/22475,True,0
TXN-2025-00993,2025-01-01,10962.75,Sharma Logistics & Freight,33EEEEE1434F4Z9,HSN 2710,INV/2025/20215,True,0
TXN-2025-00994,2025-02-03,7741.98,Global Enterprises,33EEEEE5803F6Z4,HSN 7208,INV/2025/78084,True,0
TXN-2025-00995,2025-06-24,5995.14,Aggarwal Auto Components,07AAAAA6881C5Z1,HSN 8471,INV/2025/11056,True,0
TXN-2025-00996,2025-06-28,10669.24,Verma Stationery Traders,27BBBBB7924C5Z3,HSN 4819,INV/2025/25806,True,0
TXN-2025-00997,2025-04-19,56283.08,Singhania Textiles Pvt Ltd,27BBBBB2654P5Z8,HSN 7208,INV/2025/72613,True,0
TXN-2025-00998,2025-01-19,22307.41,Sharma Logistics & Freight,33EEEEE1434F4Z9,HSN 2710,INV/2025/21708,True,0
TXN-2025-00999,2025-01-27,8459.6,Reliance Industries Ltd,27BBBBB2679F2Z7,HSN 5208,INV/2025/58177,True,0
TXN-2025-01000,2025-03-18,21121.91,Infosys Limited,07AAAAA1488A4Z4,HSN 2710,INV/2025/27451,True,0
