transaction_id,txn_date,amount,party_name,gstin,category,invoice_number,is_tds_deducted,is_anomaly
TXN-2025-00001,2025-01-17,116480.58,Tata Consultancy Services Ltd,33EEEEE4190F6Z8,SAC 9983,INV/2025/55320,True,0
TXN-2025-00002,2025-05-17,22081.74,Singhania Textiles Pvt Ltd,09CCCCC3512A7Z3,HSN 2710,INV/2025/25580,True,0
TXN-2025-00003,2025-06-23,27622.21,Singhania Textiles Pvt Ltd,09CCCCC3512A7Z3,SAC 9983,INV/2025/89356,True,0
TXN-2025-00004,2025-04-28,19991.46,Apex Packaging Solutions,09CCCCC2077B7Z6,SAC 9965,INV/2025/28391,True,0
TXN-2025-00005,2025-06-25,22491.54,Infosys Limited,19DDDDD4479C8Z2,HSN 4819,INV/2025/36327,True,0
TXN-2025-00006,2025-05-21,10347.97,Aggarwal Auto Components,33EEEEE6382C7Z7,HSN 7208,INV/2025/20645,True,0
TXN-2025-00007,2025-02-08,6778.69,Chawla IT Services,09CCCCC3968F1Z2,HSN 5208,INV/2025/54244,True,0
TXN-2025-00008,2025-04-07,21693.59,Reliance Industries Ltd,07AAAAA9249B4Z5,HSN 8471,INV/2025/81897,True,0
TXN-2025-00009,2025-05-21,2658.36,Singhania Textiles Pvt Ltd,09CCCCC3512A7Z3,HSN 5208,INV/2025/70688,True,0
TXN-2025-00010,2025-01-15,24151.4,Sharma Logistics & Freight,09CCCCC4166B2Z8,HSN 5208,INV/2025/99006,True,0
TXN-2025-00011,2025-03-25,20395.12,Reliance Industries Ltd,07AAAAA9249B4Z5,HSN 5208,INV/2025/30190,True,0
TXN-2025-00012,2025-03-06,8339.84,Aggarwal Auto Components,33EEEEE6382C7Z7,HSN 7208,INV/2025/65703,True,0
TXN-2025-00013,2025-01-29,15536.64,Delhi Distribution Network,27BBBBB7929A7Z7,HSN 4819,INV/2025/51832,True,0
TXN-2025-00014,2025-03-04,7280.12,Reliance Industries Ltd,07AAAAA9249B4Z5,HSN 5208,INV/2025/95630,True,0
TXN-2025-00015,2025-02-15,250000.0,Tata Consultancy Services Ltd,33EEEEE4190F6Z8,CASH PAYMENT,INV/2025/92974,True,1
TXN-2025-00016,2025-04-12,28682.58,Bharat Petroleum Dealer,33EEEEE8784B8Z9,SAC 9983,INV/2025/70138,True,0
TXN-2025-00017,2025-06-17,15562.75,Global Enterprises,07AAAAA8603B9Z2,HSN 8471,INV/2025/54102,True,0
TXN-2025-00018,2025-03-03,250000.0,Apex Packaging Solutions,09CCCCC2077B7Z6,CASH PAYMENT,INV/2025/71768,True,1
TXN-2025-00019,2025-06-19,107449.24,Sharma Logistics & Freight,09CCCCC4166B2Z8,SAC 9983,INV/2025/87741,True,0
TXN-2025-00020,2025-05-18,500000.0,Verma Stationery Traders,27BBBBB7617P4Z2,HSN 5208,INV/2025/12427,True,1
TXN-2025-00021,2025-02-04,17019.8,Gupta Steel & Hardware Corp,33EEEEE7004B8Z6,HSN 5208,INV/2025/98982,True,0
TXN-2025-00022,2025-04-04,51791.35,Chawla IT Services,09CCCCC3968F1Z2,HSN 2710,INV/2025/62533,True,0
TXN-2025-00023,2025-06-13,3412.26,Tata Consultancy Services Ltd,33EEEEE4190F6Z8,SAC 9965,INV/2025/38888,True,0
TXN-2025-00024,2025-05-13,5285.4,Reliance Industries Ltd,07AAAAA9249B4Z5,HSN 7208,INV/2025/29415,True,0
TXN-2025-00025,2025-06-20,11993.59,Reliance Industries Ltd,07AAAAA9249B4Z5,HSN 7208,INV/2025/54891,True,0
TXN-2025-00026,2025-02-01,18259.16,Verma Stationery Traders,27BBBBB7617P4Z2,HSN 8471,INV/2025/68639,True,0
TXN-2025-00027,2025-06-20,15268.14,Sharma Logistics & Freight,09CCCCC4166B2Z8,SAC 9965,INV/2025/97986,True,0
TXN-2025-00028,2025-06-25,15484.6,Bharat Petroleum Dealer,33EEEEE8784B8Z9,HSN 5208,INV/2025/77260,True,0
TXN-2025-00029,2025-06-19,25493.14,Kapur Electronics,09CCCCC1358C6Z1,SAC 9983,INV/2025/37384,True,0
TXN-2025-00030,2025-02-02,14162.71,Aggarwal Auto Components,33EEEEE6382C7Z7,SAC 9983,INV/2025/82890,True,0
TXN-2025-00031,2025-03-23,22270.75,Gupta Steel & Hardware Corp,33EEEEE7004B8Z6,SAC 9965,INV/2025/49468,True,0
TXN-2025-00032,2025-03-07,120000.0,Sharma Logistics & Freight,09CCCCC4166B2Z8,SAC 9983 (NO TDS),INV/2025/36680,False,1
TXN-2025-00033,2025-04-27,8976.06,Gupta Steel & Hardware Corp,33EEEEE7004B8Z6,HSN 4819,INV/2025/15309,True,0
TXN-2025-00034,2025-03-04,7308.14,Tata Consultancy Services Ltd,33EEEEE4190F6Z8,SAC 9983,INV/2025/54907,True,0
TXN-2025-00035,2025-04-23,6280.94,Aggarwal Auto Components,33EEEEE6382C7Z7,SAC 9965,INV/2025/16766,True,0
TXN-2025-00036,2025-03-10,19688.72,Delhi Distribution Network,27BBBBB7929A7Z7,SAC 9965,INV/2025/36799,True,0
TXN-2025-00037,2025-01-09,12168.2,Apex Packaging Solutions,09CCCCC2077B7Z6,HSN 2710,INV/2025/91062,True,0
TXN-2025-00038,2025-01-15,61169.49,Tata Consultancy Services Ltd,33EEEEE4190F6Z8,HSN 2710,INV/2025/69254,True,0
TXN-2025-00039,2025-06-20,16163.35,Gupta Steel & Hardware Corp,33EEEEE7004B8Z6,HSN 4819,INV/2025/90799,True,0
TXN-2025-00040,2025-02-06,65994.18,Aggarwal Auto Components,33EEEEE6382C7Z7,SAC 9965,INV/2025/93334,True,0
TXN-2025-00041,2025-01-16,6035.35,Tata Consultancy Services Ltd,33EEEEE4190F6Z8,SAC 9965,INV/2025/44862,True,0
TXN-2025-00042,2025-06-04,15637.69,Kapur Electronics,09CCCCC1358C6Z1,HSN 8471,INV/2025/21287,True,0
TXN-2025-00043,2025-06-09,5381.29,Apex Packaging Solutions,09CCCCC2077B7Z6,HSN 2710,INV/2025/54428,True,0
TXN-2025-00044,2025-05-14,13363.64,Singhania Textiles Pvt Ltd,09CCCCC3512A7Z3,HSN 8471,INV/2025/29241,True,0
TXN-2025-00045,2025-05-01,30357.15,Singhania Textiles Pvt Ltd,09CCCCC3512A7Z3,HSN 2710,INV/2025/24241,True,0
TXN-2025-00046,2025-03-09,11786.64,Tata Consultancy Services Ltd,33EEEEE4190F6Z8,HSN 7208,INV/2025/56793,True,0
TXN-2025-00047,2025-02-25,13026.44,Kapur Electronics,09CCCCC1358C6Z1,HSN 4819,INV/2025/79684,True,0
TXN-2025-00048,2025-01-25,22468.3,Sharma Logistics & Freight,09CCCCC4166B2Z8,SAC 9965,INV/2025/35203,True,0
TXN-2025-00049,2025-06-16,74897.6,Infosys Limited,19DDDDD4479C8Z2,HSN 7208,INV/2025/86983,True,0
TXN-2025-00050,2025-06-20,8199.21,Singhania Textiles Pvt Ltd,09CCCCC3512A7Z3,HSN 7208,INV/2025/68816,True,0
TXN-2025-00051,2025-02-05,7300.8,Tata Consultancy Services Ltd,33EEEEE4190F6Z8,HSN 7208,INV/2025/77705,True,0
TXN-2025-00052,2025-06-24,10126.04,Delhi Distribution Network,27BBBBB7929A7Z7,HSN 7208,INV/2025/23764,True,0
TXN-2025-00053,2025-06-01,15027.26,Delhi Distribution Network,27BBBBB7929A7Z7,HSN 8471,INV/2025/53644,True,0
TXN-2025-00054,2025-05-11,9103.75,Chawla IT Services,09CCCCC3968F1Z2,HSN 7208,INV/2025/85613,True,0
TXN-2025-00055,2025-06-18,20889.78,Aggarwal Auto Components,33EEEEE6382C7Z7,HSN 7208,INV/2025/24376,True,0
TXN-2025-00056,2025-01-29,30328.65,Tata Consultancy Services Ltd,33EEEEE4190F6Z8,HSN 2710,INV/2025/90135,True,0
TXN-2025-00057,2025-05-27,6369.66,Singhania Textiles Pvt Ltd,09CCCCC3512A7Z3,HSN 4819,INV/2025/90377,True,0
TXN-2025-00058,2025-06-04,59295.65,Reliance Industries Ltd,07AAAAA9249B4Z5,HSN 5208,INV/2025/62810,True,0
TXN-2025-00059,2025-02-04,5393.48,Singhania Textiles Pvt Ltd,09CCCCC3512A7Z3,HSN 8471,INV/2025/25260,True,0
TXN-2025-00060,2025-03-15,21772.05,Kapur Electronics,09CCCCC1358C6Z1,SAC 9983,INV/2025/18102,True,0
TXN-2025-00061,2025-01-25,18193.58,Gupta Steel & Hardware Corp,33EEEEE7004B8Z6,HSN 5208,INV/2025/40827,True,0
TXN-2025-00062,2025-02-12,70771.72,Singhania Textiles Pvt Ltd,09CCCCC3512A7Z3,HSN 4819,INV/2025/60910,True,0
TXN-2025-00063,2025-06-17,9885.11,Delhi Distribution Network,27BBBBB7929A7Z7,HSN 2710,INV/2025/29846,True,0
TXN-2025-00064,2025-06-12,16062.92,Verma Stationery Traders,27BBBBB7617P4Z2,SAC 9965,INV/2025/14249,True,0
TXN-2025-00065,2025-03-03,23039.55,Gupta Steel & Hardware Corp,33EEEEE7004B8Z6,HSN 2710,INV/2025/41657,True,0
TXN-2025-00066,2025-05-01,30579.96,Sharma Logistics & Freight,07INVALIDGSTIN12,HSN 7208,INV/2025/63474,True,1
TXN-2025-00067,2025-02-08,13030.81,Global Enterprises,07AAAAA8603B9Z2,HSN 7208,INV/2025/74946,True,0
TXN-2025-00068,2025-04-23,120000.0,Aggarwal Auto Components,33EEEEE6382C7Z7,SAC 9983 (NO TDS),INV/2025/45881,False,1
TXN-2025-00069,2025-01-07,5978.05,Apex Packaging Solutions,09CCCCC2077B7Z6,HSN 7208,INV/2025/53150,True,0
TXN-2025-00070,2025-01-10,7380.29,Sharma Logistics & Freight,09CCCCC4166B2Z8,HSN 5208,INV/2025/78902,True,0
TXN-2025-00071,2025-03-09,15517.13,Tata Consultancy Services Ltd,33EEEEE4190F6Z8,HSN 4819,INV/2025/59169,True,0
TXN-2025-00072,2025-02-02,7433.29,Gupta Steel & Hardware Corp,33EEEEE7004B8Z6,SAC 9983,INV/2025/96798,True,0
TXN-2025-00073,2025-06-14,4418.98,Kapur Electronics,09CCCCC1358C6Z1,SAC 9983,INV/2025/58406,True,0
TXN-2025-00074,2025-04-28,43739.04,Global Enterprises,07AAAAA8603B9Z2,HSN 5208,INV/2025/17278,True,0
TXN-2025-00075,2025-04-27,28829.85,Kapur Electronics,09CCCCC1358C6Z1,HSN 5208,INV/2025/21990,True,0
TXN-2025-00076,2025-02-15,2409.15,Kapur Electronics,09CCCCC1358C6Z1,HSN 8471,INV/2025/58668,True,0
TXN-2025-00077,2025-05-04,29556.49,Bharat Petroleum Dealer,33EEEEE8784B8Z9,HSN 8471,INV/2025/60370,True,0
TXN-2025-00078,2025-01-12,34675.63,Verma Stationery Traders,27BBBBB7617P4Z2,HSN 8471,INV/2025/40380,True,0
TXN-2025-00079,2025-01-01,5782.41,Mehta Tech Solutions LLP,19DDDDD8663C4Z2,HSN 7208,INV/2025/74078,True,0
TXN-2025-00080,2025-04-11,37579.41,Bharat Petroleum Dealer,33EEEEE8784B8Z9,HSN 8471,INV/2025/34423,True,0
TXN-2025-00081,2025-04-18,4129.82,Singhania Textiles Pvt Ltd,09CCCCC3512A7Z3,SAC 9965,INV/2025/67471,True,0
TXN-2025-00082,2025-03-11,8997.7,Verma Stationery Traders,27BBBBB7617P4Z2,HSN 4819,INV/2025/38115,True,0
TXN-2025-00083,2025-06-25,11730.79,Global Enterprises,07AAAAA8603B9Z2,HSN 5208,INV/2025/62079,True,0
TXN-2025-00084,2025-02-05,19705.38,Apex Packaging Solutions,09CCCCC2077B7Z6,HSN 7208,INV/2025/77677,True,0
TXN-2025-00085,2025-06-19,18287.83,Aggarwal Auto Components,33EEEEE6382C7Z7,HSN 5208,INV/2025/40303,True,0
TXN-2025-00086,2025-04-18,15949.66,Chawla IT Services,09CCCCC3968F1Z2,HSN 4819,INV/2025/78887,True,0
TXN-2025-00087,2025-01-12,6740.19,Tata Consultancy Services Ltd,33EEEEE4190F6Z8,SAC 9983,INV/2025/24069,True,0
TXN-2025-00088,2025-01-03,45871.18,Apex Packaging Solutions,09CCCCC2077B7Z6,SAC 9965,INV/2025/74212,True,0
TXN-2025-00089,2025-03-15,22766.73,Aggarwal Auto Components,33EEEEE6382C7Z7,SAC 9965,INV/2025/58877,True,0
TXN-2025-00090,2025-06-09,8685.52,Gupta Steel & Hardware Corp,33EEEEE7004B8Z6,HSN 7208,INV/2025/57834,True,0
TXN-2025-00091,2025-05-03,8477.2,Sharma Logistics & Freight,09CCCCC4166B2Z8,HSN 4819,INV/2025/27884,True,0
TXN-2025-00092,2025-04-24,41186.7,Singhania Textiles Pvt Ltd,09CCCCC3512A7Z3,HSN 8471,INV/2025/60933,True,0
TXN-2025-00093,2025-01-26,22324.6,Global Enterprises,07AAAAA8603B9Z2,HSN 4819,INV/2025/73121,True,0
TXN-2025-00094,2025-01-25,6476.4,Delhi Distribution Network,27BBBBB7929A7Z7,HSN 8471,INV/2025/98734,True,0
TXN-2025-00095,2025-04-27,9770.03,Gupta Steel & Hardware Corp,33EEEEE7004B8Z6,HSN 4819,INV/2025/55316,True,0
TXN-2025-00096,2025-04-08,30413.28,Infosys Limited,19DDDDD4479C8Z2,HSN 4819,INV/2025/20026,True,0
TXN-2025-00097,2025-05-23,1000000.0,Apex Packaging Solutions,09CCCCC2077B7Z6,HSN 7208,INV/2025/80619,True,1
TXN-2025-00098,2025-05-11,250000.0,Apex Packaging Solutions,09CCCCC2077B7Z6,CASH PAYMENT,INV/2025/64859,True,1
TXN-2025-00099,2025-02-14,250000.0,Chawla IT Services,09CCCCC3968F1Z2,CASH PAYMENT,INV/2025/17143,True,1
TXN-2025-00100,2025-04-06,5021.75,Singhania Textiles Pvt Ltd,09CCCCC3512A7Z3,HSN 4819,INV/2025/86578,True,0
TXN-2025-00101,2025-01-27,48311.45,Tata Consultancy Services Ltd,33EEEEE4190F6Z8,HSN 7208,INV/2025/43470,True,0
TXN-2025-00102,2025-02-10,5472.18,Delhi Distribution Network,27BBBBB7929A7Z7,HSN 7208,INV/2025/83715,True,0
TXN-2025-00103,2025-03-15,4410.3,Delhi Distribution Network,27BBBBB7929A7Z7,SAC 9983,INV/2025/86268,True,0
TXN-2025-00104,2025-06-23,4611.33,Sharma Logistics & Freight,09CCCCC4166B2Z8,SAC 9983,INV/2025/83818,True,0
TXN-2025-00105,2025-06-26,13810.27,Reliance Industries Ltd,07AAAAA9249B4Z5,HSN 7208,INV/2025/28397,True,0
TXN-2025-00106,2025-01-14,9615.73,Delhi Distribution Network,27BBBBB7929A7Z7,HSN 7208,INV/2025/72431,True,0
TXN-2025-00107,2025-01-31,7207.93,Global Enterprises,07AAAAA8603B9Z2,HSN 7208,INV/2025/73207,True,0
TXN-2025-00108,2025-05-08,14594.24,Gupta Steel & Hardware Corp,33EEEEE7004B8Z6,HSN 7208,INV/2025/28417,True,0
TXN-2025-00109,2025-02-17,7018.32,Infosys Limited,19DDDDD4479C8Z2,HSN 2710,INV/2025/65656,True,0
TXN-2025-00110,2025-05-04,16363.99,Apex Packaging Solutions,09CCCCC2077B7Z6,HSN 8471,INV/2025/32454,True,0
TXN-2025-00111,2025-04-02,22456.11,Apex Packaging Solutions,09CCCCC2077B7Z6,HSN 8471,INV/2025/84640,True,0
TXN-2025-00112,2025-03-06,17803.54,Infosys Limited,19DDDDD4479C8Z2,SAC 9965,INV/2025/10602,True,0
TXN-2025-00113,2025-01-02,5628.64,Verma Stationery Traders,27BBBBB7617P4Z2,HSN 8471,INV/2025/30245,True,0
TXN-2025-00114,2025-03-10,27499.37,Sharma Logistics & Freight,09CCCCC4166B2Z8,SAC 9965,INV/2025/30881,True,0
TXN-2025-00115,2025-04-15,15205.69,Sharma Logistics & Freight,09CCCCC4166B2Z8,SAC 9965,INV/2025/36004,True,0
TXN-2025-00116,2025-03-24,26014.87,Infosys Limited,19DDDDD4479C8Z2,HSN 4819,INV/2025/86139,True,0
TXN-2025-00117,2025-03-27,29160.66,Verma Stationery Traders,27BBBBB7617P4Z2,HSN 4819,INV/2025/60404,True,0
TXN-2025-00118,2025-03-23,9792.86,Sharma Logistics & Freight,09CCCCC4166B2Z8,SAC 9983,INV/2025/49538,True,0
TXN-2025-00119,2025-03-17,25000.54,Gupta Steel & Hardware Corp,33EEEEE7004B8Z6,SAC 9983,INV/2025/65344,True,0
TXN-2025-00120,2025-02-10,7576.73,Kapur Electronics,09CCCCC1358C6Z1,HSN 7208,INV/2025/11454,True,0
TXN-2025-00121,2025-04-07,21364.33,Reliance Industries Ltd,07AAAAA9249B4Z5,SAC 9983,INV/2025/67117,True,0
TXN-2025-00122,2025-03-27,3651.6,Gupta Steel & Hardware Corp,27BBBBB7617P4Z2,HSN 7208,INV/2025/60404,True,1
TXN-2025-00123,2025-05-07,22971.92,Chawla IT Services,09CCCCC3968F1Z2,SAC 9983,INV/2025/37479,True,0
TXN-2025-00124,2025-02-02,13641.67,Reliance Industries Ltd,07AAAAA9249B4Z5,HSN 8471,INV/2025/64384,True,0
TXN-2025-00125,2025-06-24,3489.01,Apex Packaging Solutions,09CCCCC2077B7Z6,HSN 4819,INV/2025/61955,True,0
TXN-2025-00126,2025-01-03,17451.46,Gupta Steel & Hardware Corp,33EEEEE7004B8Z6,HSN 7208,INV/2025/91021,True,0
TXN-2025-00127,2025-02-02,8725.66,Delhi Distribution Network,27BBBBB7929A7Z7,SAC 9983,INV/2025/63189,True,0
TXN-2025-00128,2025-01-16,72706.2,Chawla IT Services,09CCCCC3968F1Z2,SAC 9965,INV/2025/90656,True,0
TXN-2025-00129,2025-04-01,15646.76,Global Enterprises,07AAAAA8603B9Z2,HSN 8471,INV/2025/33205,True,0
TXN-2025-00130,2025-02-22,84321.3,Apex Packaging Solutions,09CCCCC2077B7Z6,SAC 9983,INV/2025/98126,True,0
TXN-2025-00131,2025-03-20,23937.92,Apex Packaging Solutions,09CCCCC2077B7Z6,HSN 8471,INV/2025/32609,True,0
TXN-2025-00132,2025-01-14,6697.75,Mehta Tech Solutions LLP,19DDDDD8663C4Z2,HSN 5208,INV/2025/76075,True,0
TXN-2025-00133,2025-02-21,17060.23,Apex Packaging Solutions,09CCCCC2077B7Z6,HSN 4819,INV/2025/94041,True,0
TXN-2025-00134,2025-06-28,16228.79,Delhi Distribution Network,27BBBBB7929A7Z7,HSN 2710,INV/2025/29719,True,0
TXN-2025-00135,2025-03-01,26670.99,Apex Packaging Solutions,09CCCCC2077B7Z6,HSN 5208,INV/2025/32633,True,0
TXN-2025-00136,2025-01-04,120000.0,Aggarwal Auto Components,33EEEEE6382C7Z7,SAC 9983 (NO TDS),INV/2025/93299,False,1
TXN-2025-00137,2025-06-21,10921.43,Sharma Logistics & Freight,09CCCCC4166B2Z8,HSN 5208,INV/2025/67807,True,0
TXN-2025-00138,2025-03-24,8412.75,Reliance Industries Ltd,07AAAAA9249B4Z5,HSN 2710,INV/2025/97584,True,0
TXN-2025-00139,2025-04-23,16148.73,Verma Stationery Traders,27BBBBB7617P4Z2,SAC 9965,INV/2025/15090,True,0
TXN-2025-00140,2025-06-28,15687.58,Kapur Electronics,09CCCCC1358C6Z1,HSN 5208,INV/2025/73922,True,0
TXN-2025-00141,2025-01-11,17366.11,Apex Packaging Solutions,09CCCCC2077B7Z6,HSN 8471,INV/2025/57952,True,0
TXN-2025-00142,2025-03-30,22915.94,Global Enterprises,07AAAAA8603B9Z2,HSN 5208,INV/2025/19064,True,0
TXN-2025-00143,2025-01-15,11623.16,Reliance Industries Ltd,07AAAAA9249B4Z5,HSN 4819,INV/2025/71377,True,0
TXN-2025-00144,2025-04-07,24937.1,Gupta Steel & Hardware Corp,33EEEEE7004B8Z6,HSN 7208,INV/2025/45990,True,0
TXN-2025-00145,2025-02-25,185000.0,Infosys Limited,19DDDDD4479C8Z2,UNCLASSIFIED,INV/2025/80335,True,1
TXN-2025-00146,2025-02-21,9629.1,Chawla IT Services,09CCCCC3968F1Z2,HSN 7208,INV/2025/77705,True,0
TXN-2025-00147,2025-05-12,17585.52,Gupta Steel & Hardware Corp,33EEEEE7004B8Z6,HSN 5208,INV/2025/86184,True,0
TXN-2025-00148,2025-01-27,15631.14,Chawla IT Services,09CCCCC3968F1Z2,SAC 9965,INV/2025/28892,True,0
TXN-2025-00149,2025-04-02,6086.2,Singhania Textiles Pvt Ltd,09CCCCC3512A7Z3,SAC 9983,INV/2025/13649,True,0
TXN-2025-00150,2025-02-16,79637.8,Global Enterprises,07AAAAA8603B9Z2,HSN 2710,INV/2025/97747,True,0
TXN-2025-00151,2025-03-22,6141.88,Global Enterprises,07AAAAA8603B9Z2,HSN 5208,INV/2025/58896,True,0
TXN-2025-00152,2025-05-26,3952.62,Verma Stationery Traders,27BBBBB7617P4Z2,SAC 9965,INV/2025/29077,True,0
TXN-2025-00153,2025-04-17,33089.21,Kapur Electronics,09CCCCC1358C6Z1,SAC 9983,INV/2025/77887,True,0
TXN-2025-00154,2025-02-27,20384.89,Mehta Tech Solutions LLP,19DDDDD8663C4Z2,HSN 8471,INV/2025/13099,True,0
TXN-2025-00155,2025-03-20,18302.05,Verma Stationery Traders,27BBBBB7617P4Z2,HSN 4819,INV/2025/35632,True,0
TXN-2025-00156,2025-03-02,8067.47,Apex Packaging Solutions,09CCCCC2077B7Z6,HSN 5208,INV/2025/32389,True,0
TXN-2025-00157,2025-01-20,4364.98,Kapur Electronics,09CCCCC1358C6Z1,HSN 5208,INV/2025/20656,True,0
TXN-2025-00158,2025-03-20,11209.89,Delhi Distribution Network,27BBBBB7929A7Z7,HSN 5208,INV/2025/29939,True,0
TXN-2025-00159,2025-03-30,12880.36,Tata Consultancy Services Ltd,33EEEEE4190F6Z8,SAC 9965,INV/2025/38972,True,0
TXN-2025-00160,2025-03-03,13493.14,Singhania Textiles Pvt Ltd,09CCCCC3512A7Z3,HSN 8471,INV/2025/79285,True,0
TXN-2025-00161,2025-01-02,14398.83,Gupta Steel & Hardware Corp,33EEEEE7004B8Z6,SAC 9965,INV/2025/86018,True,0
TXN-2025-00162,2025-04-13,36049.57,Reliance Industries Ltd,07AAAAA9249B4Z5,HSN 2710,INV/2025/54878,True,0
TXN-2025-00163,2025-01-26,5551.62,Mehta Tech Solutions LLP,19DDDDD8663C4Z2,HSN 4819,INV/2025/60161,True,0
TXN-2025-00164,2025-04-10,2903.27,Singhania Textiles Pvt Ltd,09CCCCC3512A7Z3,HSN 5208,INV/2025/64442,True,0
TXN-2025-00165,2025-01-18,9856.8,Global Enterprises,07AAAAA8603B9Z2,HSN 8471,INV/2025/43974,True,0
TXN-2025-00166,2025-03-20,3523.3,Delhi Distribution Network,27BBBBB7929A7Z7,HSN 2710,INV/2025/19699,True,0
TXN-2025-00167,2025-04-18,1495.78,Sharma Logistics & Freight,09CCCCC4166B2Z8,HSN 7208,INV/2025/12668,True,0
TXN-2025-00168,2025-02-27,45163.73,Aggarwal Auto Components,33EEEEE6382C7Z7,HSN 7208,INV/2025/24437,True,0
TXN-2025-00169,2025-01-22,15404.38,Delhi Distribution Network,27BBBBB7929A7Z7,HSN 4819,INV/2025/31108,True,0
TXN-2025-00170,2025-01-18,8091.39,Global Enterprises,07AAAAA8603B9Z2,HSN 5208,INV/2025/43974,True,1
TXN-2025-00171,2025-04-08,9770.56,Bharat Petroleum Dealer,33EEEEE8784B8Z9,HSN 4819,INV/2025/70723,True,0
TXN-2025-00172,2025-01-20,53894.38,Chawla IT Services,09CCCCC3968F1Z2,HSN 7208,INV/2025/47205,True,0
TXN-2025-00173,2025-03-27,32991.8,Bharat Petroleum Dealer,33EEEEE8784B8Z9,SAC 9965,INV/2025/30626,True,0
TXN-2025-00174,2025-01-23,27398.32,Apex Packaging Solutions,09CCCCC2077B7Z6,HSN 7208,INV/2025/94072,True,0
TXN-2025-00175,2025-06-07,17408.13,Singhania Textiles Pvt Ltd,09CCCCC3512A7Z3,SAC 9965,INV/2025/46470,True,0
TXN-2025-00176,2025-01-11,5707.64,Bharat Petroleum Dealer,33EEEEE8784B8Z9,SAC 9965,INV/2025/34035,True,0
TXN-2025-00177,2025-03-31,12084.7,Global Enterprises,07AAAAA8603B9Z2,SAC 9965,INV/2025/95368,True,0
TXN-2025-00178,2025-01-15,6269.99,Mehta Tech Solutions LLP,19DDDDD8663C4Z2,HSN 8471,INV/2025/97795,True,0
TXN-2025-00179,2025-02-13,67753.77,Mehta Tech Solutions LLP,19DDDDD8663C4Z2,SAC 9965,INV/2025/79517,True,0
TXN-2025-00180,2025-01-12,5784.36,Chawla IT Services,09CCCCC3968F1Z2,SAC 9983,INV/2025/36791,True,0
TXN-2025-00181,2025-02-03,4697.63,Sharma Logistics & Freight,09CCCCC4166B2Z8,HSN 2710,INV/2025/21126,True,0
TXN-2025-00182,2025-04-10,3617.94,Infosys Limited,19DDDDD4479C8Z2,HSN 2710,INV/2025/33098,True,0
TXN-2025-00183,2025-04-08,25379.66,Bharat Petroleum Dealer,33EEEEE8784B8Z9,HSN 4819,INV/2025/78986,True,0
TXN-2025-00184,2025-06-06,3519.14,Verma Stationery Traders,27BBBBB7617P4Z2,HSN 4819,INV/2025/75566,True,0
TXN-2025-00185,2025-01-21,21743.84,Apex Packaging Solutions,09CCCCC2077B7Z6,HSN 8471,INV/2025/77342,True,0
TXN-2025-00186,2025-01-08,16800.74,Mehta Tech Solutions LLP,19DDDDD8663C4Z2,HSN 7208,INV/2025/80269,True,0
TXN-2025-00187,2025-06-16,11331.78,Aggarwal Auto Components,33EEEEE6382C7Z7,SAC 9965,INV/2025/97656,True,0
TXN-2025-00188,2025-06-18,98242.3,Bharat Petroleum Dealer,33EEEEE8784B8Z9,HSN 7208,INV/2025/98607,True,0
TXN-2025-00189,2025-03-07,8623.03,Delhi Distribution Network,27BBBBB7929A7Z7,SAC 9983,INV/2025/82087,True,0
TXN-2025-00190,2025-04-27,19878.25,Singhania Textiles Pvt Ltd,09CCCCC3512A7Z3,HSN 8471,INV/2025/33845,True,0
TXN-2025-00191,2025-01-28,4971.66,Kapur Electronics,09CCCCC1358C6Z1,HSN 2710,INV/2025/33990,True,0
TXN-2025-00192,2025-02-21,7053.35,Singhania Textiles Pvt Ltd,09CCCCC3512A7Z3,HSN 7208,INV/2025/17324,True,0
TXN-2025-00193,2025-05-14,24423.4,Chawla IT Services,09CCCCC3968F1Z2,HSN 4819,INV/2025/93776,True,0
TXN-2025-00194,2025-06-04,7203.83,Singhania Textiles Pvt Ltd,09CCCCC3512A7Z3,HSN 8471,INV/2025/26982,True,0
TXN-2025-00195,2025-03-21,12996.75,Sharma Logistics & Freight,09CCCCC4166B2Z8,HSN 5208,INV/2025/41131,True,0
TXN-2025-00196,2025-05-04,23172.62,Reliance Industries Ltd,07AAAAA9249B4Z5,HSN 8471,INV/2025/16299,True,0
TXN-2025-00197,2025-06-11,14260.07,Sharma Logistics & Freight,09CCCCC4166B2Z8,SAC 9983,INV/2025/93965,True,0
TXN-2025-00198,2025-03-05,9583.97,Aggarwal Auto Components,33EEEEE6382C7Z7,HSN 4819,INV/2025/83068,True,0
TXN-2025-00199,2025-04-25,13945.74,Reliance Industries Ltd,07AAAAA9249B4Z5,HSN 4819,INV/2025/57138,True,0
TXN-2025-00200,2025-01-17,2459.98,Sharma Logistics & Freight,09CCCCC4166B2Z8,HSN 5208,INV/2025/48525,True,0
TXN-2025-00201,2025-05-04,10682.82,Tata Consultancy Services Ltd,07AAAAA9249B4Z5,SAC 9983,INV/2025/16299,True,1
TXN-2025-00202,2025-02-16,31262.3,Chawla IT Services,09CCCCC3968F1Z2,HSN 5208,INV/2025/88714,True,0
TXN-2025-00203,2025-01-20,54263.74,Apex Packaging Solutions,07INVALIDGSTIN12,HSN 8471,INV/2025/15002,True,1
TXN-2025-00204,2025-01-31,23305.33,Singhania Textiles Pvt Ltd,09CCCCC3512A7Z3,HSN 8471,INV/2025/19584,True,0
TXN-2025-00205,2025-02-05,15107.23,Kapur Electronics,09CCCCC1358C6Z1,SAC 9965,INV/2025/91198,True,0
TXN-2025-00206,2025-04-12,15277.11,Chawla IT Services,09CCCCC3968F1Z2,HSN 4819,INV/2025/47359,True,0
TXN-2025-00207,2025-06-12,7239.13,Tata Consultancy Services Ltd,33EEEEE4190F6Z8,SAC 9965,INV/2025/18010,True,0
TXN-2025-00208,2025-02-02,28849.25,Kapur Electronics,09CCCCC1358C6Z1,SAC 9983,INV/2025/24452,True,0
TXN-2025-00209,2025-05-08,27508.79,Mehta Tech Solutions LLP,19DDDDD8663C4Z2,SAC 9965,INV/2025/45689,True,0
TXN-2025-00210,2025-01-29,8687.78,Apex Packaging Solutions,09CCCCC2077B7Z6,HSN 2710,INV/2025/53145,True,0
TXN-2025-00211,2025-02-09,3867.11,Singhania Textiles Pvt Ltd,09CCCCC3512A7Z3,HSN 5208,INV/2025/67623,True,0
TXN-2025-00212,2025-05-28,18924.3,Global Enterprises,07AAAAA8603B9Z2,SAC 9965,INV/2025/41154,True,0
TXN-2025-00213,2025-03-24,36604.37,Global Enterprises,07AAAAA8603B9Z2,HSN 7208,INV/2025/33898,True,0
TXN-2025-00214,2025-06-10,9336.45,Aggarwal Auto Components,33EEEEE6382C7Z7,HSN 2710,INV/2025/42919,True,0
TXN-2025-00215,2025-06-19,16530.55,Tata Consultancy Services Ltd,33EEEEE4190F6Z8,SAC 9983,INV/2025/92757,True,0
TXN-2025-00216,2025-02-28,18584.15,Sharma Logistics & Freight,09CCCCC4166B2Z8,HSN 4819,INV/2025/14968,True,0
TXN-2025-00217,2025-02-16,29466.76,Aggarwal Auto Components,33EEEEE6382C7Z7,HSN 2710,INV/2025/52891,True,0
TXN-2025-00218,2025-05-23,20152.15,Chawla IT Services,09CCCCC3968F1Z2,SAC 9983,INV/2025/47915,True,0
TXN-2025-00219,2025-01-29,6357.79,Apex Packaging Solutions,09CCCCC2077B7Z6,HSN 2710,INV/2025/46757,True,0
TXN-2025-00220,2025-04-01,26305.23,Gupta Steel & Hardware Corp,33EEEEE7004B8Z6,HSN 5208,INV/2025/65234,True,0
TXN-2025-00221,2025-03-04,10522.29,Mehta Tech Solutions LLP,19DDDDD8663C4Z2,HSN 5208,INV/2025/37067,True,0
TXN-2025-00222,2025-06-02,13674.84,Kapur Electronics,09CCCCC1358C6Z1,HSN 5208,INV/2025/12354,True,0
TXN-2025-00223,2025-05-15,27206.87,Infosys Limited,19DDDDD4479C8Z2,HSN 5208,INV/2025/40387,True,0
TXN-2025-00224,2025-01-27,3067.42,Mehta Tech Solutions LLP,19DDDDD8663C4Z2,HSN 4819,INV/2025/87934,True,0
TXN-2025-00225,2025-05-15,26658.85,Singhania Textiles Pvt Ltd,09CCCCC3512A7Z3,HSN 4819,INV/2025/87249,True,0
TXN-2025-00226,2025-05-09,5646.14,Aggarwal Auto Components,33EEEEE6382C7Z7,HSN 7208,INV/2025/94931,True,0
TXN-2025-00227,2025-03-27,8397.54,Gupta Steel & Hardware Corp,33EEEEE7004B8Z6,HSN 7208,INV/2025/78832,True,0
TXN-2025-00228,2025-01-10,35144.44,Tata Consultancy Services Ltd,33EEEEE4190F6Z8,HSN 4819,INV/2025/58014,True,0
TXN-2025-00229,2025-02-25,34940.27,Mehta Tech Solutions LLP,19DDDDD8663C4Z2,SAC 9983,INV/2025/24259,True,0
TXN-2025-00230,2025-03-06,6930.1,Chawla IT Services,09CCCCC3968F1Z2,HSN 4819,INV/2025/33392,True,0
TXN-2025-00231,2025-04-29,5862.54,Tata Consultancy Services Ltd,33EEEEE4190F6Z8,SAC 9965,INV/2025/46711,True,0
TXN-2025-00232,2025-02-05,3944.65,Kapur Electronics,09CCCCC1358C6Z1,HSN 4819,INV/2025/80423,True,0
TXN-2025-00233,2025-04-12,6742.0,Apex Packaging Solutions,09CCCCC2077B7Z6,SAC 9983,INV/2025/99611,True,0
TXN-2025-00234,2025-03-15,48158.48,Delhi Distribution Network,27BBBBB7929A7Z7,HSN 8471,INV/2025/82043,True,0
TXN-2025-00235,2025-01-28,15496.71,Apex Packaging Solutions,09CCCCC2077B7Z6,HSN 5208,INV/2025/27519,True,0
TXN-2025-00236,2025-05-27,6031.71,Delhi Distribution Network,27BBBBB7929A7Z7,SAC 9965,INV/2025/10523,True,0
TXN-2025-00237,2025-02-16,12021.78,Chawla IT Services,07INVALIDGSTIN12,HSN 2710,INV/2025/20394,True,1
TXN-2025-00238,2025-03-05,4591.34,Tata Consultancy Services Ltd,33EEEEE4190F6Z8,HSN 5208,INV/2025/44720,True,0
TXN-2025-00239,2025-03-09,12438.62,Apex Packaging Solutions,09CCCCC2077B7Z6,SAC 9965,INV/2025/74561,True,0
TXN-2025-00240,2025-01-18,23361.7,Sharma Logistics & Freight,09CCCCC4166B2Z8,HSN 2710,INV/2025/70854,True,0
TXN-2025-00241,2025-06-10,4327.3,Mehta Tech Solutions LLP,19DDDDD8663C4Z2,HSN 7208,INV/2025/35663,True,0
TXN-2025-00242,2025-03-12,26815.24,Delhi Distribution Network,27BBBBB7929A7Z7,SAC 9983,INV/2025/63509,True,0
TXN-2025-00243,2025-06-13,47507.83,Delhi Distribution Network,27BBBBB7929A7Z7,SAC 9965,INV/2025/90966,True,0
TXN-2025-00244,2025-06-12,28105.66,Verma Stationery Traders,27BBBBB7617P4Z2,SAC 9965,INV/2025/33044,True,0
TXN-2025-00245,2025-04-16,8598.12,Aggarwal Auto Components,33EEEEE6382C7Z7,SAC 9965,INV/2025/24905,True,0
TXN-2025-00246,2025-03-04,28385.56,Chawla IT Services,09CCCCC3968F1Z2,HSN 5208,INV/2025/59501,True,0
TXN-2025-00247,2025-05-11,6122.47,Aggarwal Auto Components,33EEEEE6382C7Z7,HSN 4819,INV/2025/22309,True,0
TXN-2025-00248,2025-01-07,5745.2,Gupta Steel & Hardware Corp,33EEEEE7004B8Z6,HSN 2710,INV/2025/72731,True,0
TXN-2025-00249,2025-03-23,75533.9,Bharat Petroleum Dealer,33EEEEE8784B8Z9,HSN 5208,INV/2025/89252,True,0
TXN-2025-00250,2025-05-29,4847.45,Aggarwal Auto Components,33EEEEE6382C7Z7,SAC 9965,INV/2025/33436,True,0
TXN-2025-00251,2025-03-24,7028.48,Infosys Limited,19DDDDD4479C8Z2,SAC 9965,INV/2025/97808,True,0
TXN-2025-00252,2025-06-01,10907.62,Apex Packaging Solutions,09CCCCC2077B7Z6,HSN 8471,INV/2025/50219,True,0
TXN-2025-00253,2025-02-08,14365.13,Global Enterprises,07AAAAA8603B9Z2,HSN 4819,INV/2025/83617,True,0
TXN-2025-00254,2025-05-24,38459.93,Chawla IT Services,09CCCCC3968F1Z2,SAC 9965,INV/2025/81972,True,0
TXN-2025-00255,2025-05-20,25217.74,Mehta Tech Solutions LLP,19DDDDD8663C4Z2,SAC 9965,INV/2025/72324,True,0
TXN-2025-00256,2025-03-06,39646.96,Gupta Steel & Hardware Corp,33EEEEE7004B8Z6,SAC 9983,INV/2025/25508,True,0
TXN-2025-00257,2025-05-20,24774.65,Tata Consultancy Services Ltd,33EEEEE4190F6Z8,HSN 2710,INV/2025/18018,True,0
TXN-2025-00258,2025-03-01,16905.15,Verma Stationery Traders,27BBBBB7617P4Z2,HSN 5208,INV/2025/90935,True,0
TXN-2025-00259,2025-02-27,4388.68,Apex Packaging Solutions,09CCCCC2077B7Z6,HSN 4819,INV/2025/69679,True,0
TXN-2025-00260,2025-03-07,15032.79,Chawla IT Services,09CCCCC3968F1Z2,HSN 4819,INV/2025/45107,True,0
TXN-2025-00261,2025-03-24,7453.41,Aggarwal Auto Components,33EEEEE6382C7Z7,HSN 5208,INV/2025/81233,True,0
TXN-2025-00262,2025-04-29,7509.41,Bharat Petroleum Dealer,33EEEEE8784B8Z9,HSN 8471,INV/2025/77750,True,0
TXN-2025-00263,2025-04-04,10633.82,Delhi Distribution Network,27BBBBB7929A7Z7,SAC 9983,INV/2025/59296,True,0
TXN-2025-00264,2025-06-24,71141.87,Infosys Limited,19DDDDD4479C8Z2,HSN 2710,INV/2025/47300,True,0
TXN-2025-00265,2025-04-04,29829.26,Infosys Limited,19DDDDD4479C8Z2,SAC 9983,INV/2025/77223,True,0
TXN-2025-00266,2025-06-14,30501.55,Mehta Tech Solutions LLP,19DDDDD8663C4Z2,HSN 2710,INV/2025/51798,True,0
TXN-2025-00267,2025-05-04,5625.73,Delhi Distribution Network,27BBBBB7929A7Z7,HSN 4819,INV/2025/90747,True,0
TXN-2025-00268,2025-05-16,13355.93,Mehta Tech Solutions LLP,19DDDDD8663C4Z2,HSN 8471,INV/2025/25308,True,0
TXN-2025-00269,2025-01-02,11204.77,Reliance Industries Ltd,07AAAAA9249B4Z5,HSN 8471,INV/2025/39363,True,0
TXN-2025-00270,2025-05-04,16885.93,Sharma Logistics & Freight,07INVALIDGSTIN12,HSN 5208,INV/2025/36034,True,1
TXN-2025-00271,2025-01-16,26042.46,Tata Consultancy Services Ltd,33EEEEE4190F6Z8,SAC 9965,INV/2025/39163,True,0
TXN-2025-00272,2025-01-15,11940.06,Sharma Logistics & Freight,09CCCCC4166B2Z8,SAC 9965,INV/2025/46006,True,0
TXN-2025-00273,2025-05-07,14695.78,Gupta Steel & Hardware Corp,33EEEEE7004B8Z6,SAC 9983,INV/2025/43289,True,0
TXN-2025-00274,2025-04-23,22755.72,Reliance Industries Ltd,07AAAAA9249B4Z5,HSN 5208,INV/2025/14556,True,0
TXN-2025-00275,2025-02-04,18510.05,Global Enterprises,07AAAAA8603B9Z2,SAC 9983,INV/2025/16094,True,0
TXN-2025-00276,2025-05-07,25495.93,Infosys Limited,19DDDDD4479C8Z2,HSN 4819,INV/2025/93485,True,0
TXN-2025-00277,2025-01-18,1496.42,Bharat Petroleum Dealer,33EEEEE8784B8Z9,HSN 2710,INV/2025/72730,True,0
TXN-2025-00278,2025-04-14,6074.64,Singhania Textiles Pvt Ltd,09CCCCC3512A7Z3,HSN 4819,INV/2025/27673,True,0
TXN-2025-00279,2025-06-09,11799.11,Delhi Distribution Network,27BBBBB7929A7Z7,HSN 8471,INV/2025/37009,True,0
TXN-2025-00280,2025-06-06,5939.72,Infosys Limited,19DDDDD4479C8Z2,HSN 8471,INV/2025/30839,True,0
TXN-2025-00281,2025-05-19,5597.37,Gupta Steel & Hardware Corp,33EEEEE7004B8Z6,SAC 9983,INV/2025/81734,True,0
TXN-2025-00282,2025-02-20,1712.63,Bharat Petroleum Dealer,33EEEEE8784B8Z9,HSN 4819,INV/2025/48869,True,0
TXN-2025-00283,2025-04-18,22670.58,Kapur Electronics,09CCCCC1358C6Z1,HSN 7208,INV/2025/32912,True,0
TXN-2025-00284,2025-01-18,10235.97,Mehta Tech Solutions LLP,19DDDDD8663C4Z2,HSN 7208,INV/2025/90411,True,0
TXN-2025-00285,2025-05-08,6355.77,Global Enterprises,07AAAAA8603B9Z2,SAC 9965,INV/2025/29680,True,0
TXN-2025-00286,2025-05-03,52720.53,Aggarwal Auto Components,33EEEEE6382C7Z7,HSN 5208,INV/2025/51761,True,0
TXN-2025-00287,2025-03-18,9181.95,Delhi Distribution Network,27BBBBB7929A7Z7,HSN 4819,INV/2025/31858,True,0
TXN-2025-00288,2025-06-14,26584.34,Singhania Textiles Pvt Ltd,09CCCCC3512A7Z3,HSN 5208,INV/2025/55252,True,0
TXN-2025-00289,2025-03-11,185000.0,Kapur Electronics,09CCCCC1358C6Z1,UNCLASSIFIED,INV/2025/77663,True,1
TXN-2025-00290,2025-03-08,500000.0,Delhi Distribution Network,27BBBBB7929A7Z7,SAC 9983,INV/2025/35891,True,1
TXN-2025-00291,2025-05-17,2586.21,Aggarwal Auto Components,33EEEEE6382C7Z7,HSN 7208,INV/2025/64672,True,0
TXN-2025-00292,2025-01-14,11692.27,Mehta Tech Solutions LLP,19DDDDD8663C4Z2,SAC 9965,INV/2025/19229,True,0
TXN-2025-00293,2025-04-25,9351.59,Reliance Industries Ltd,07AAAAA9249B4Z5,HSN 8471,INV/2025/58238,True,0
TXN-2025-00294,2025-06-10,23125.68,Aggarwal Auto Components,33EEEEE6382C7Z7,HSN 5208,INV/2025/62797,True,0
TXN-2025-00295,2025-02-27,123996.39,Gupta Steel & Hardware Corp,33EEEEE7004B8Z6,HSN 8471,INV/2025/47520,True,0
TXN-2025-00296,2025-02-28,45206.69,Tata Consultancy Services Ltd,33EEEEE4190F6Z8,SAC 9983,INV/2025/54559,True,0
TXN-2025-00297,2025-02-21,37503.29,Sharma Logistics & Freight,09CCCCC4166B2Z8,HSN 4819,INV/2025/74557,True,0
TXN-2025-00298,2025-06-02,4094.27,Singhania Textiles Pvt Ltd,09CCCCC3512A7Z3,SAC 9983,INV/2025/92502,True,0
TXN-2025-00299,2025-02-26,15857.33,Delhi Distribution Network,27BBBBB7929A7Z7,SAC 9983,INV/2025/19023,True,0
TXN-2025-00300,2025-03-16,185000.0,Delhi Distribution Network,27BBBBB7929A7Z7,UNCLASSIFIED,INV/2025/72599,True,1
TXN-2025-00301,2025-02-18,4286.56,Kapur Electronics,09CCCCC1358C6Z1,SAC 9983,INV/2025/30996,True,0
TXN-2025-00302,2025-02-14,17280.39,Infosys Limited,19DDDDD4479C8Z2,HSN 8471,INV/2025/57742,True,0
TXN-2025-00303,2025-01-12,29907.34,Delhi Distribution Network,27BBBBB7929A7Z7,HSN 5208,INV/2025/52922,True,0
TXN-2025-00304,2025-04-03,17393.07,Bharat Petroleum Dealer,33EEEEE8784B8Z9,HSN 8471,INV/2025/22636,True,0
TXN-2025-00305,2025-02-06,27901.06,Verma Stationery Traders,27BBBBB7617P4Z2,SAC 9965,INV/2025/86450,True,0
TXN-2025-00306,2025-02-02,39312.98,Sharma Logistics & Freight,09CCCCC4166B2Z8,SAC 9983,INV/2025/34495,True,0
TXN-2025-00307,2025-04-16,9874.5,Mehta Tech Solutions LLP,19DDDDD8663C4Z2,HSN 8471,INV/2025/93911,True,0
TXN-2025-00308,2025-01-29,63852.81,Aggarwal Auto Components,33EEEEE6382C7Z7,HSN 8471,INV/2025/47140,True,0
TXN-2025-00309,2025-04-01,6723.45,Singhania Textiles Pvt Ltd,09CCCCC3512A7Z3,HSN 2710,INV/2025/78302,True,0
TXN-2025-00310,2025-05-16,11183.91,Global Enterprises,07AAAAA8603B9Z2,SAC 9983,INV/2025/65797,True,0
TXN-2025-00311,2025-04-26,12823.54,Sharma Logistics & Freight,09CCCCC4166B2Z8,HSN 4819,INV/2025/69668,True,0
TXN-2025-00312,2025-06-29,9402.19,Chawla IT Services,09CCCCC3968F1Z2,HSN 2710,INV/2025/22904,True,0
TXN-2025-00313,2025-01-25,4020.52,Global Enterprises,07AAAAA8603B9Z2,HSN 7208,INV/2025/68579,True,0
TXN-2025-00314,2025-06-28,31153.61,Singhania Textiles Pvt Ltd,09CCCCC3512A7Z3,HSN 5208,INV/2025/15398,True,0
TXN-2025-00315,2025-02-17,58922.23,Global Enterprises,07AAAAA8603B9Z2,HSN 5208,INV/2025/23739,True,0
TXN-2025-00316,2025-04-25,19966.28,Mehta Tech Solutions LLP,19DDDDD8663C4Z2,HSN 5208,INV/2025/88232,True,0
TXN-2025-00317,2025-06-01,14642.22,Reliance Industries Ltd,07AAAAA9249B4Z5,SAC 9965,INV/2025/15999,True,0
TXN-2025-00318,2025-01-08,9948.83,Singhania Textiles Pvt Ltd,09CCCCC3512A7Z3,HSN 8471,INV/2025/27738,True,0
TXN-2025-00319,2025-04-15,19292.55,Bharat Petroleum Dealer,33EEEEE8784B8Z9,SAC 9965,INV/2025/61940,True,0
TXN-2025-00320,2025-01-17,21341.53,Sharma Logistics & Freight,09CCCCC4166B2Z8,HSN 8471,INV/2025/25476,True,0
TXN-2025-00321,2025-03-31,500000.0,Apex Packaging Solutions,09CCCCC2077B7Z6,HSN 7208,INV/2025/64432,True,1
TXN-2025-00322,2025-06-05,8245.41,Apex Packaging Solutions,09CCCCC2077B7Z6,HSN 8471,INV/2025/23843,True,0
TXN-2025-00323,2025-03-27,1733.45,Delhi Distribution Network,27BBBBB7929A7Z7,SAC 9965,INV/2025/55025,True,0
TXN-2025-00324,2025-04-17,13022.82,Infosys Limited,19DDDDD4479C8Z2,HSN 8471,INV/2025/41600,True,0
TXN-2025-00325,2025-01-10,41181.77,Apex Packaging Solutions,09CCCCC2077B7Z6,HSN 4819,INV/2025/76715,True,0
TXN-2025-00326,2025-06-30,14027.52,Tata Consultancy Services Ltd,33EEEEE4190F6Z8,SAC 9983,INV/2025/34009,True,0
TXN-2025-00327,2025-04-21,3889.69,Kapur Electronics,09CCCCC1358C6Z1,HSN 8471,INV/2025/80897,True,0
TXN-2025-00328,2025-03-27,6926.52,Apex Packaging Solutions,27BBBBB7929A7Z7,HSN 4819,INV/2025/55025,True,1
TXN-2025-00329,2025-03-15,3716.97,Gupta Steel & Hardware Corp,33EEEEE7004B8Z6,HSN 5208,INV/2025/24085,True,0
TXN-2025-00330,2025-06-09,2552.76,Sharma Logistics & Freight,09CCCCC4166B2Z8,SAC 9965,INV/2025/23625,True,0
TXN-2025-00331,2025-06-06,44703.08,Mehta Tech Solutions LLP,19DDDDD8663C4Z2,HSN 2710,INV/2025/11550,True,0
TXN-2025-00332,2025-04-01,15363.45,Gupta Steel & Hardware Corp,33EEEEE7004B8Z6,HSN 7208,INV/2025/28318,True,0
TXN-2025-00333,2025-02-20,19355.7,Reliance Industries Ltd,07AAAAA9249B4Z5,SAC 9983,INV/2025/69191,True,0
TXN-2025-00334,2025-01-04,2286.66,Delhi Distribution Network,27BBBBB7929A7Z7,HSN 2710,INV/2025/96521,True,0
TXN-2025-00335,2025-05-24,20647.04,Reliance Industries Ltd,07AAAAA9249B4Z5,SAC 9965,INV/2025/98308,True,0
TXN-2025-00336,2025-03-07,23356.64,Sharma Logistics & Freight,09CCCCC4166B2Z8,SAC 9965,INV/2025/60977,True,0
TXN-2025-00337,2025-06-18,36401.12,Bharat Petroleum Dealer,33EEEEE8784B8Z9,HSN 8471,INV/2025/71814,True,0
TXN-2025-00338,2025-03-27,5775.17,Chawla IT Services,09CCCCC3968F1Z2,HSN 5208,INV/2025/69111,True,0
TXN-2025-00339,2025-03-09,4793.15,Chawla IT Services,09CCCCC3968F1Z2,SAC 9983,INV/2025/62078,True,0
TXN-2025-00340,2025-06-26,37100.48,Singhania Textiles Pvt Ltd,09CCCCC3512A7Z3,SAC 9983,INV/2025/48225,True,0
TXN-2025-00341,2025-03-30,22384.09,Kapur Electronics,09CCCCC1358C6Z1,SAC 9983,INV/2025/73323,True,0
TXN-2025-00342,2025-01-16,10529.02,Aggarwal Auto Components,33EEEEE6382C7Z7,HSN 4819,INV/2025/20954,True,0
TXN-2025-00343,2025-04-22,24455.09,Apex Packaging Solutions,09CCCCC2077B7Z6,HSN 4819,INV/2025/28804,True,0
TXN-2025-00344,2025-03-03,54529.52,Tata Consultancy Services Ltd,33EEEEE4190F6Z8,HSN 5208,INV/2025/48504,True,0
TXN-2025-00345,2025-03-09,17079.54,Delhi Distribution Network,27BBBBB7929A7Z7,SAC 9983,INV/2025/39578,True,0
TXN-2025-00346,2025-03-31,20413.29,Bharat Petroleum Dealer,33EEEEE8784B8Z9,HSN 4819,INV/2025/35096,True,0
TXN-2025-00347,2025-04-08,28341.89,Delhi Distribution Network,27BBBBB7929A7Z7,HSN 4819,INV/2025/24728,True,0
TXN-2025-00348,2025-03-22,24269.53,Verma Stationery Traders,27BBBBB7617P4Z2,SAC 9983,INV/2025/87006,True,0
TXN-2025-00349,2025-01-02,11932.09,Verma Stationery Traders,27BBBBB7617P4Z2,SAC 9965,INV/2025/92104,True,0
TXN-2025-00350,2025-05-22,14305.84,Mehta Tech Solutions LLP,19DDDDD8663C4Z2,SAC 9965,INV/2025/39964,True,0
TXN-2025-00351,2025-03-25,2960.03,Verma Stationery Traders,27BBBBB7617P4Z2,HSN 8471,INV/2025/49845,True,0
TXN-2025-00352,2025-06-27,4668.93,Gupta Steel & Hardware Corp,33EEEEE7004B8Z6,HSN 2710,INV/2025/99006,True,0
TXN-2025-00353,2025-06-11,185000.0,Chawla IT Services,09CCCCC3968F1Z2,UNCLASSIFIED,INV/2025/28018,True,1
TXN-2025-00354,2025-01-31,8184.18,Verma Stationery Traders,27BBBBB7617P4Z2,HSN 2710,INV/2025/81082,True,0
TXN-2025-00355,2025-04-11,3388.12,Gupta Steel & Hardware Corp,33EEEEE7004B8Z6,SAC 9983,INV/2025/90322,True,0
TXN-2025-00356,2025-03-18,39341.56,Infosys Limited,19DDDDD4479C8Z2,HSN 2710,INV/2025/10409,True,0
TXN-2025-00357,2025-05-04,56341.8,Reliance Industries Ltd,07AAAAA9249B4Z5,HSN 4819,INV/2025/21449,True,0
TXN-2025-00358,2025-05-16,4673.75,Reliance Industries Ltd,07AAAAA9249B4Z5,HSN 8471,INV/2025/16550,True,0
TXN-2025-00359,2025-04-04,13723.6,Verma Stationery Traders,27BBBBB7617P4Z2,HSN 7208,INV/2025/58556,True,0
TXN-2025-00360,2025-01-05,11201.84,Infosys Limited,19DDDDD4479C8Z2,HSN 7208,INV/2025/78810,True,0
TXN-2025-00361,2025-01-30,10438.15,Kapur Electronics,09CCCCC1358C6Z1,SAC 9965,INV/2025/61358,True,0
TXN-2025-00362,2025-05-31,250000.0,Sharma Logistics & Freight,09CCCCC4166B2Z8,CASH PAYMENT,INV/2025/36654,True,1
TXN-2025-00363,2025-01-25,6871.04,Singhania Textiles Pvt Ltd,09CCCCC3512A7Z3,HSN 8471,INV/2025/43551,True,0
TXN-2025-00364,2025-03-27,8998.8,Sharma Logistics & Freight,09CCCCC4166B2Z8,HSN 8471,INV/2025/41268,True,0
TXN-2025-00365,2025-03-04,20790.17,Bharat Petroleum Dealer,33EEEEE8784B8Z9,SAC 9983,INV/2025/49875,True,0
TXN-2025-00366,2025-06-08,11471.16,Singhania Textiles Pvt Ltd,09CCCCC3512A7Z3,HSN 5208,INV/2025/63390,True,0
TXN-2025-00367,2025-06-28,16079.29,Singhania Textiles Pvt Ltd,09CCCCC3512A7Z3,HSN 8471,INV/2025/16973,True,0
TXN-2025-00368,2025-02-05,15128.41,Gupta Steel & Hardware Corp,33EEEEE7004B8Z6,HSN 4819,INV/2025/83337,True,0
TXN-2025-00369,2025-03-28,11423.61,Mehta Tech Solutions LLP,19DDDDD8663C4Z2,HSN 8471,INV/2025/71356,True,0
TXN-2025-00370,2025-02-11,7929.18,Bharat Petroleum Dealer,33EEEEE8784B8Z9,HSN 2710,INV/2025/54326,True,0
TXN-2025-00371,2025-06-30,6726.72,Kapur Electronics,09CCCCC1358C6Z1,SAC 9983,INV/2025/81067,True,0
TXN-2025-00372,2025-03-13,9909.05,Delhi Distribution Network,27BBBBB7929A7Z7,SAC 9983,INV/2025/68602,True,0
TXN-2025-00373,2025-05-11,13190.08,Delhi Distribution Network,27BBBBB7929A7Z7,HSN 8471,INV/2025/53850,True,0
TXN-2025-00374,2025-02-07,4244.99,Tata Consultancy Services Ltd,33EEEEE4190F6Z8,HSN 4819,INV/2025/22343,True,0
TXN-2025-00375,2025-02-26,7123.9,Aggarwal Auto Components,33EEEEE6382C7Z7,HSN 4819,INV/2025/47130,True,0
TXN-2025-00376,2025-05-08,29288.07,Singhania Textiles Pvt Ltd,09CCCCC3512A7Z3,HSN 4819,INV/2025/79540,True,0
TXN-2025-00377,2025-04-21,6949.85,Delhi Distribution Network,27BBBBB7929A7Z7,HSN 5208,INV/2025/56634,True,0
TXN-2025-00378,2025-03-10,14732.77,Aggarwal Auto Components,33EEEEE6382C7Z7,HSN 4819,INV/2025/98518,True,0
TXN-2025-00379,2025-03-04,4266.69,Global Enterprises,07AAAAA8603B9Z2,HSN 5208,INV/2025/96970,True,0
TXN-2025-00380,2025-03-02,36621.12,Singhania Textiles Pvt Ltd,09CCCCC3512A7Z3,HSN 4819,INV/2025/62514,True,0
TXN-2025-00381,2025-05-03,39397.03,Tata Consultancy Services Ltd,33EEEEE4190F6Z8,HSN 2710,INV/2025/42750,True,0
TXN-2025-00382,2025-02-15,16411.64,Verma Stationery Traders,27BBBBB7617P4Z2,SAC 9983,INV/2025/66571,True,0
TXN-2025-00383,2025-01-29,14777.61,Verma Stationery Traders,27BBBBB7617P4Z2,HSN 8471,INV/2025/20073,True,0
TXN-2025-00384,2025-04-21,19396.26,Infosys Limited,19DDDDD4479C8Z2,HSN 8471,INV/2025/83607,True,0
TXN-2025-00385,2025-03-09,11984.27,Singhania Textiles Pvt Ltd,09CCCCC3512A7Z3,HSN 4819,INV/2025/99886,True,0
TXN-2025-00386,2025-05-28,7566.35,Mehta Tech Solutions LLP,19DDDDD8663C4Z2,SAC 9965,INV/2025/16406,True,0
TXN-2025-00387,2025-01-23,26659.92,Singhania Textiles Pvt Ltd,09CCCCC3512A7Z3,HSN 5208,INV/2025/29982,True,0
TXN-2025-00388,2025-01-30,7469.68,Sharma Logistics & Freight,09CCCCC4166B2Z8,HSN 2710,INV/2025/40859,True,0
TXN-2025-00389,2025-01-19,18656.12,Sharma Logistics & Freight,09CCCCC4166B2Z8,SAC 9965,INV/2025/89414,True,0
TXN-2025-00390,2025-05-07,36997.86,Singhania Textiles Pvt Ltd,09CCCCC3512A7Z3,HSN 4819,INV/2025/82963,True,0
TXN-2025-00391,2025-01-17,185000.0,Verma Stationery Traders,27BBBBB7617P4Z2,UNCLASSIFIED,INV/2025/57280,True,1
TXN-2025-00392,2025-04-24,11894.3,Delhi Distribution Network,27BBBBB7929A7Z7,SAC 9983,INV/2025/74491,True,0
TXN-2025-00393,2025-06-19,13505.0,Verma Stationery Traders,27BBBBB7617P4Z2,HSN 8471,INV/2025/67195,True,0
TXN-2025-00394,2025-05-17,2379.89,Reliance Industries Ltd,07AAAAA9249B4Z5,HSN 2710,INV/2025/46407,True,0
TXN-2025-00395,2025-06-23,8991.78,Chawla IT Services,09CCCCC3968F1Z2,HSN 5208,INV/2025/31979,True,0
TXN-2025-00396,2025-02-16,14149.24,Singhania Textiles Pvt Ltd,09CCCCC3512A7Z3,HSN 8471,INV/2025/62054,True,0
TXN-2025-00397,2025-01-07,4754.05,Tata Consultancy Services Ltd,33EEEEE4190F6Z8,SAC 9983,INV/2025/68672,True,0
TXN-2025-00398,2025-02-17,29756.47,Sharma Logistics & Freight,09CCCCC4166B2Z8,SAC 9983,INV/2025/89050,True,0
TXN-2025-00399,2025-01-02,50777.5,Sharma Logistics & Freight,09CCCCC4166B2Z8,HSN 2710,INV/2025/87573,True,0
TXN-2025-00400,2025-04-29,43656.97,Bharat Petroleum Dealer,33EEEEE8784B8Z9,HSN 5208,INV/2025/97002,True,0
TXN-2025-00401,2025-01-16,70833.88,Bharat Petroleum Dealer,33EEEEE8784B8Z9,HSN 7208,INV/2025/80098,True,0
TXN-2025-00402,2025-04-17,10578.12,Verma Stationery Traders,27BBBBB7617P4Z2,HSN 8471,INV/2025/68489,True,0
TXN-2025-00403,2025-05-12,34649.68,Apex Packaging Solutions,09CCCCC2077B7Z6,HSN 8471,INV/2025/56400,True,0
TXN-2025-00404,2025-01-18,17544.7,Mehta Tech Solutions LLP,19DDDDD8663C4Z2,HSN 5208,INV/2025/52142,True,0
TXN-2025-00405,2025-05-22,4977.85,Infosys Limited,19DDDDD4479C8Z2,HSN 7208,INV/2025/77556,True,0
TXN-2025-00406,2025-05-13,6270.31,Singhania Textiles Pvt Ltd,09CCCCC3512A7Z3,HSN 4819,INV/2025/62203,True,0
TXN-2025-00407,2025-05-21,9693.26,Global Enterprises,07AAAAA8603B9Z2,HSN 5208,INV/2025/54080,True,0
TXN-2025-00408,2025-05-02,3217.71,Kapur Electronics,09CCCCC1358C6Z1,HSN 5208,INV/2025/81008,True,0
TXN-2025-00409,2025-01-01,13119.39,Bharat Petroleum Dealer,33EEEEE8784B8Z9,SAC 9965,INV/2025/25386,True,0
TXN-2025-00410,2025-06-29,13700.39,Verma Stationery Traders,27BBBBB7617P4Z2,HSN 8471,INV/2025/66364,True,0
TXN-2025-00411,2025-06-08,134672.1,Apex Packaging Solutions,09CCCCC2077B7Z6,HSN 5208,INV/2025/28871,True,0
TXN-2025-00412,2025-02-27,17051.03,Gupta Steel & Hardware Corp,33EEEEE7004B8Z6,HSN 2710,INV/2025/98595,True,0
TXN-2025-00413,2025-06-07,40509.0,Reliance Industries Ltd,07AAAAA9249B4Z5,HSN 5208,INV/2025/14896,True,0
TXN-2025-00414,2025-04-27,20893.26,Mehta Tech Solutions LLP,19DDDDD8663C4Z2,SAC 9965,INV/2025/71563,True,0
TXN-2025-00415,2025-02-12,7714.27,Chawla IT Services,09CCCCC3968F1Z2,HSN 5208,INV/2025/25004,True,0
TXN-2025-00416,2025-01-24,6151.38,Mehta Tech Solutions LLP,19DDDDD8663C4Z2,HSN 4819,INV/2025/16198,True,0
TXN-2025-00417,2025-04-05,8446.65,Reliance Industries Ltd,07AAAAA9249B4Z5,HSN 4819,INV/2025/14609,True,0
TXN-2025-00418,2025-05-21,10219.37,Infosys Limited,19DDDDD4479C8Z2,SAC 9965,INV/2025/84921,True,0
TXN-2025-00419,2025-05-24,33963.57,Mehta Tech Solutions LLP,19DDDDD8663C4Z2,HSN 8471,INV/2025/62794,True,0
TXN-2025-00420,2025-01-07,36343.21,Delhi Distribution Network,27BBBBB7929A7Z7,SAC 9965,INV/2025/46635,True,0
TXN-2025-00421,2025-05-01,9762.56,Infosys Limited,19DDDDD4479C8Z2,HSN 7208,INV/2025/46237,True,0
TXN-2025-00422,2025-05-04,10959.08,Bharat Petroleum Dealer,33EEEEE8784B8Z9,HSN 7208,INV/2025/74927,True,0
TXN-2025-00423,2025-03-10,7051.93,Global Enterprises,07AAAAA8603B9Z2,HSN 8471,INV/2025/84905,True,0
TXN-2025-00424,2025-03-08,11482.19,Singhania Textiles Pvt Ltd,09CCCCC3512A7Z3,HSN 7208,INV/2025/35981,True,0
TXN-2025-00425,2025-04-16,16671.58,Reliance Industries Ltd,07AAAAA9249B4Z5,SAC 9983,INV/2025/79761,True,0
TXN-2025-00426,2025-01-10,185000.0,Delhi Distribution Network,27BBBBB7929A7Z7,UNCLASSIFIED,INV/2025/53437,True,1
TXN-2025-00427,2025-02-25,14967.45,Gupta Steel & Hardware Corp,33EEEEE7004B8Z6,HSN 8471,INV/2025/81839,True,0
TXN-2025-00428,2025-03-01,8014.75,Chawla IT Services,09CCCCC3968F1Z2,HSN 5208,INV/2025/47969,True,0
TXN-2025-00429,2025-06-07,39382.84,Delhi Distribution Network,27BBBBB7929A7Z7,HSN 8471,INV/2025/32756,True,0
TXN-2025-00430,2025-06-23,16055.45,Tata Consultancy Services Ltd,33EEEEE4190F6Z8,HSN 2710,INV/2025/91385,True,0
TXN-2025-00431,2025-04-30,8455.99,Singhania Textiles Pvt Ltd,09CCCCC3512A7Z3,HSN 4819,INV/2025/60886,True,0
TXN-2025-00432,2025-03-10,500000.0,Tata Consultancy Services Ltd,33EEEEE4190F6Z8,HSN 2710,INV/2025/98404,True,1
TXN-2025-00433,2025-02-18,3287.03,Bharat Petroleum Dealer,33EEEEE8784B8Z9,HSN 4819,INV/2025/41268,True,0
TXN-2025-00434,2025-01-26,12031.33,Apex Packaging Solutions,09CCCCC2077B7Z6,SAC 9965,INV/2025/49905,True,0
TXN-2025-00435,2025-04-30,46207.65,Verma Stationery Traders,27BBBBB7617P4Z2,HSN 7208,INV/2025/46879,True,0
TXN-2025-00436,2025-03-04,36102.55,Bharat Petroleum Dealer,33EEEEE8784B8Z9,HSN 5208,INV/2025/69162,True,0
TXN-2025-00437,2025-04-21,25455.0,Bharat Petroleum Dealer,33EEEEE8784B8Z9,HSN 2710,INV/2025/61274,True,0
TXN-2025-00438,2025-03-30,12973.07,Tata Consultancy Services Ltd,33EEEEE4190F6Z8,HSN 2710,INV/2025/82008,True,0
TXN-2025-00439,2025-02-16,30631.04,Bharat Petroleum Dealer,33EEEEE8784B8Z9,SAC 9965,INV/2025/63175,True,0
TXN-2025-00440,2025-01-30,24187.25,Aggarwal Auto Components,33EEEEE6382C7Z7,HSN 5208,INV/2025/22434,True,0
TXN-2025-00441,2025-04-27,32197.38,Global Enterprises,07AAAAA8603B9Z2,HSN 5208,INV/2025/40661,True,0
TXN-2025-00442,2025-03-07,5881.7,Mehta Tech Solutions LLP,19DDDDD8663C4Z2,HSN 5208,INV/2025/36985,True,0
TXN-2025-00443,2025-02-11,33048.64,Reliance Industries Ltd,07AAAAA9249B4Z5,HSN 8471,INV/2025/59982,True,0
TXN-2025-00444,2025-03-23,6408.77,Verma Stationery Traders,27BBBBB7617P4Z2,HSN 8471,INV/2025/62001,True,0
TXN-2025-00445,2025-03-15,4756.21,Mehta Tech Solutions LLP,19DDDDD8663C4Z2,HSN 4819,INV/2025/41412,True,0
TXN-2025-00446,2025-06-25,13265.19,Reliance Industries Ltd,07AAAAA9249B4Z5,HSN 7208,INV/2025/51008,True,0
TXN-2025-00447,2025-06-26,12610.83,Infosys Limited,19DDDDD4479C8Z2,SAC 9983,INV/2025/22163,True,0
TXN-2025-00448,2025-06-27,37572.81,Singhania Textiles Pvt Ltd,09CCCCC3512A7Z3,HSN 2710,INV/2025/45659,True,0
TXN-2025-00449,2025-03-24,11255.29,Infosys Limited,19DDDDD4479C8Z2,HSN 2710,INV/2025/79592,True,0
TXN-2025-00450,2025-03-25,17326.57,Gupta Steel & Hardware Corp,33EEEEE7004B8Z6,HSN 7208,INV/2025/48721,True,0
TXN-2025-00451,2025-01-06,5910.59,Gupta Steel & Hardware Corp,33EEEEE7004B8Z6,HSN 7208,INV/2025/77878,True,0
TXN-2025-00452,2025-04-03,4940.98,Reliance Industries Ltd,07AAAAA9249B4Z5,SAC 9965,INV/2025/76735,True,0
TXN-2025-00453,2025-02-15,9963.21,Singhania Textiles Pvt Ltd,09CCCCC3512A7Z3,HSN 5208,INV/2025/85546,True,0
TXN-2025-00454,2025-03-12,21406.91,Gupta Steel & Hardware Corp,33EEEEE7004B8Z6,SAC 9983,INV/2025/89173,True,0
TXN-2025-00455,2025-05-27,120000.0,Verma Stationery Traders,27BBBBB7617P4Z2,SAC 9983 (NO TDS),INV/2025/96975,False,1
TXN-2025-00456,2025-06-14,5700.68,Tata Consultancy Services Ltd,33EEEEE4190F6Z8,HSN 2710,INV/2025/23490,True,0
TXN-2025-00457,2025-01-19,57593.68,Chawla IT Services,09CCCCC3968F1Z2,SAC 9965,INV/2025/39934,True,0
TXN-2025-00458,2025-06-07,10615.63,Global Enterprises,07AAAAA8603B9Z2,HSN 4819,INV/2025/34194,True,0
TXN-2025-00459,2025-06-09,41982.97,Kapur Electronics,09CCCCC1358C6Z1,SAC 9965,INV/2025/14660,True,0
TXN-2025-00460,2025-05-05,4066.27,Delhi Distribution Network,27BBBBB7929A7Z7,SAC 9983,INV/2025/83775,True,0
TXN-2025-00461,2025-05-22,16509.74,Gupta Steel & Hardware Corp,33EEEEE7004B8Z6,HSN 7208,INV/2025/22560,True,0
TXN-2025-00462,2025-01-21,15192.36,Mehta Tech Solutions LLP,19DDDDD8663C4Z2,HSN 4819,INV/2025/33767,True,0
TXN-2025-00463,2025-04-20,9302.1,Kapur Electronics,09CCCCC1358C6Z1,HSN 8471,INV/2025/41122,True,0
TXN-2025-00464,2025-05-26,10711.67,Mehta Tech Solutions LLP,19DDDDD8663C4Z2,HSN 7208,INV/2025/11641,True,0
TXN-2025-00465,2025-06-26,13349.43,Gupta Steel & Hardware Corp,33EEEEE7004B8Z6,HSN 4819,INV/2025/55229,True,0
TXN-2025-00466,2025-01-30,14827.78,Delhi Distribution Network,27BBBBB7929A7Z7,SAC 9965,INV/2025/88237,True,0
TXN-2025-00467,2025-06-26,2901.55,Kapur Electronics,09CCCCC1358C6Z1,HSN 2710,INV/2025/16190,True,0
TXN-2025-00468,2025-03-28,4849.72,Apex Packaging Solutions,09CCCCC2077B7Z6,SAC 9983,INV/2025/95468,True,0
TXN-2025-00469,2025-05-14,6551.53,Apex Packaging Solutions,09CCCCC2077B7Z6,SAC 9983,INV/2025/66856,True,0
TXN-2025-00470,2025-01-15,1440.62,Mehta Tech Solutions LLP,19DDDDD8663C4Z2,HSN 7208,INV/2025/70816,True,0
TXN-2025-00471,2025-05-01,4408.2,Sharma Logistics & Freight,09CCCCC4166B2Z8,SAC 9983,INV/2025/57909,True,0
TXN-2025-00472,2025-04-22,24262.09,Kapur Electronics,09CCCCC1358C6Z1,HSN 4819,INV/2025/54205,True,0
TXN-2025-00473,2025-03-16,185000.0,Reliance Industries Ltd,07AAAAA9249B4Z5,UNCLASSIFIED,INV/2025/55818,True,1
TXN-2025-00474,2025-02-15,6319.93,Mehta Tech Solutions LLP,19DDDDD8663C4Z2,HSN 2710,INV/2025/29194,True,0
TXN-2025-00475,2025-05-25,28367.4,Global Enterprises,07AAAAA8603B9Z2,HSN 8471,INV/2025/68740,True,0
TXN-2025-00476,2025-02-18,13271.19,Gupta Steel & Hardware Corp,33EEEEE7004B8Z6,HSN 5208,INV/2025/87277,True,0
TXN-2025-00477,2025-01-24,6271.81,Verma Stationery Traders,27BBBBB7617P4Z2,SAC 9965,INV/2025/83847,True,0
TXN-2025-00478,2025-01-12,22048.9,Mehta Tech Solutions LLP,19DDDDD8663C4Z2,SAC 9983,INV/2025/77565,True,0
TXN-2025-00479,2025-03-05,39007.89,Reliance Industries Ltd,07AAAAA9249B4Z5,HSN 7208,INV/2025/87284,True,0
TXN-2025-00480,2025-03-04,10042.69,Chawla IT Services,09CCCCC3968F1Z2,HSN 5208,INV/2025/60338,True,0
TXN-2025-00481,2025-06-10,24119.95,Tata Consultancy Services Ltd,33EEEEE4190F6Z8,HSN 7208,INV/2025/64466,True,0
TXN-2025-00482,2025-02-23,16886.41,Mehta Tech Solutions LLP,19DDDDD8663C4Z2,HSN 2710,INV/2025/41406,True,0
TXN-2025-00483,2025-04-22,17337.25,Infosys Limited,19DDDDD4479C8Z2,HSN 5208,INV/2025/74533,True,0
TXN-2025-00484,2025-04-25,4872.05,Gupta Steel & Hardware Corp,33EEEEE7004B8Z6,HSN 8471,INV/2025/63126,True,0
TXN-2025-00485,2025-04-16,4447.22,Global Enterprises,07AAAAA8603B9Z2,SAC 9983,INV/2025/67542,True,0
TXN-2025-00486,2025-04-27,5438.35,Tata Consultancy Services Ltd,33EEEEE4190F6Z8,SAC 9965,INV/2025/43074,True,0
TXN-2025-00487,2025-04-21,17165.07,Aggarwal Auto Components,33EEEEE6382C7Z7,SAC 9983,INV/2025/37995,True,0
TXN-2025-00488,2025-02-03,12647.03,Infosys Limited,19DDDDD4479C8Z2,SAC 9983,INV/2025/33024,True,0
TXN-2025-00489,2025-06-29,11487.94,Reliance Industries Ltd,07AAAAA9249B4Z5,HSN 8471,INV/2025/91916,True,0
TXN-2025-00490,2025-01-28,37647.38,Reliance Industries Ltd,07AAAAA9249B4Z5,SAC 9965,INV/2025/94874,True,0
TXN-2025-00491,2025-03-20,45676.83,Mehta Tech Solutions LLP,19DDDDD8663C4Z2,SAC 9965,INV/2025/81980,True,0
TXN-2025-00492,2025-04-14,2934.74,Infosys Limited,19DDDDD4479C8Z2,SAC 9965,INV/2025/77670,True,0
TXN-2025-00493,2025-06-20,2392.44,Delhi Distribution Network,27BBBBB7929A7Z7,HSN 8471,INV/2025/44541,True,0
TXN-2025-00494,2025-02-03,9196.63,Aggarwal Auto Components,33EEEEE6382C7Z7,HSN 5208,INV/2025/87546,True,0
TXN-2025-00495,2025-03-03,19000.96,Mehta Tech Solutions LLP,19DDDDD8663C4Z2,HSN 8471,INV/2025/63004,True,0
TXN-2025-00496,2025-06-20,21262.31,Verma Stationery Traders,27BBBBB7617P4Z2,HSN 7208,INV/2025/60734,True,0
TXN-2025-00497,2025-03-17,10758.26,Infosys Limited,19DDDDD4479C8Z2,HSN 2710,INV/2025/28686,True,0
TXN-2025-00498,2025-04-19,2419.15,Mehta Tech Solutions LLP,19DDDDD8663C4Z2,HSN 5208,INV/2025/19513,True,0
TXN-2025-00499,2025-01-14,60700.63,Sharma Logistics & Freight,09CCCCC4166B2Z8,HSN 4819,INV/2025/78328,True,0
TXN-2025-00500,2025-05-07,7644.28,Kapur Electronics,09CCCCC1358C6Z1,SAC 9983,INV/2025/40981,True,0
TXN-2025-00501,2025-03-27,1500000.0,Delhi Distribution Network,27BBBBB7929A7Z7,HSN 8471,INV/2025/85211,True,1
TXN-2025-00502,2025-04-05,13584.92,Kapur Electronics,09CCCCC1358C6Z1,SAC 9965,INV/2025/30331,True,0
TXN-2025-00503,2025-03-31,10242.38,Gupta Steel & Hardware Corp,33EEEEE7004B8Z6,HSN 8471,INV/2025/41026,True,0
TXN-2025-00504,2025-05-14,32719.25,Verma Stationery Traders,27BBBBB7617P4Z2,HSN 8471,INV/2025/73346,True,0
TXN-2025-00505,2025-01-08,36902.68,Sharma Logistics & Freight,09CCCCC4166B2Z8,SAC 9965,INV/2025/14603,True,0
TXN-2025-00506,2025-05-29,4451.47,Chawla IT Services,09CCCCC3968F1Z2,HSN 5208,INV/2025/56659,True,0
TXN-2025-00507,2025-05-06,1687.48,Sharma Logistics & Freight,09CCCCC4166B2Z8,HSN 5208,INV/2025/66631,True,0
TXN-2025-00508,2025-03-27,7865.53,Kapur Electronics,09CCCCC1358C6Z1,HSN 7208,INV/2025/40300,True,0
TXN-2025-00509,2025-04-23,17593.45,Apex Packaging Solutions,09CCCCC2077B7Z6,HSN 7208,INV/2025/67409,True,0
TXN-2025-00510,2025-01-05,16694.92,Sharma Logistics & Freight,09CCCCC4166B2Z8,SAC 9965,INV/2025/43913,True,0
TXN-2025-00511,2025-01-27,17801.14,Verma Stationery Traders,27BBBBB7617P4Z2,HSN 2710,INV/2025/28784,True,0
TXN-2025-00512,2025-04-11,33107.08,Aggarwal Auto Components,33EEEEE6382C7Z7,HSN 7208,INV/2025/28632,True,0
TXN-2025-00513,2025-04-07,30348.73,Reliance Industries Ltd,07AAAAA9249B4Z5,HSN 2710,INV/2025/44486,True,0
TXN-2025-00514,2025-04-23,9377.81,Sharma Logistics & Freight,09CCCCC2077B7Z6,HSN 5208,INV/2025/67409,True,1
TXN-2025-00515,2025-01-09,4382.91,Infosys Limited,19DDDDD4479C8Z2,HSN 8471,INV/2025/62887,True,0
TXN-2025-00516,2025-02-03,7227.22,Apex Packaging Solutions,09CCCCC2077B7Z6,HSN 7208,INV/2025/68367,True,0
TXN-2025-00517,2025-05-27,34752.97,Bharat Petroleum Dealer,33EEEEE8784B8Z9,HSN 2710,INV/2025/46698,True,0
TXN-2025-00518,2025-01-14,7540.02,Mehta Tech Solutions LLP,19DDDDD8663C4Z2,HSN 8471,INV/2025/62581,True,0
TXN-2025-00519,2025-04-02,33330.23,Tata Consultancy Services Ltd,33EEEEE4190F6Z8,SAC 9983,INV/2025/72596,True,0
TXN-2025-00520,2025-05-04,22997.32,Singhania Textiles Pvt Ltd,09CCCCC3512A7Z3,HSN 4819,INV/2025/47033,True,0
TXN-2025-00521,2025-04-07,76184.61,Infosys Limited,19DDDDD4479C8Z2,HSN 2710,INV/2025/83353,True,0
TXN-2025-00522,2025-06-28,13244.14,Infosys Limited,19DDDDD4479C8Z2,HSN 4819,INV/2025/19108,True,0
TXN-2025-00523,2025-02-21,2059.5,Tata Consultancy Services Ltd,33EEEEE4190F6Z8,HSN 8471,INV/2025/30687,True,0
TXN-2025-00524,2025-05-20,67271.75,Reliance Industries Ltd,07AAAAA9249B4Z5,HSN 4819,INV/2025/95233,True,0
TXN-2025-00525,2025-06-21,13724.46,Aggarwal Auto Components,33EEEEE6382C7Z7,HSN 2710,INV/2025/25279,True,0
TXN-2025-00526,2025-02-04,12090.11,Gupta Steel & Hardware Corp,33EEEEE7004B8Z6,HSN 2710,INV/2025/41024,True,0
TXN-2025-00527,2025-01-26,42249.19,Infosys Limited,19DDDDD4479C8Z2,HSN 4819,INV/2025/95947,True,0
TXN-2025-00528,2025-03-01,10102.76,Aggarwal Auto Components,33EEEEE6382C7Z7,HSN 2710,INV/2025/67635,True,0
TXN-2025-00529,2025-03-30,5662.62,Apex Packaging Solutions,09CCCCC2077B7Z6,HSN 7208,INV/2025/98498,True,0
TXN-2025-00530,2025-04-16,10071.54,Verma Stationery Traders,27BBBBB7617P4Z2,SAC 9983,INV/2025/34669,True,0
TXN-2025-00531,2025-06-08,21265.82,Singhania Textiles Pvt Ltd,09CCCCC3512A7Z3,HSN 4819,INV/2025/65249,True,0
TXN-2025-00532,2025-05-20,9754.08,Apex Packaging Solutions,09CCCCC2077B7Z6,HSN 2710,INV/2025/60126,True,0
TXN-2025-00533,2025-04-02,57584.2,Bharat Petroleum Dealer,33EEEEE8784B8Z9,SAC 9965,INV/2025/65671,True,0
TXN-2025-00534,2025-06-21,6129.35,Reliance Industries Ltd,07AAAAA9249B4Z5,HSN 8471,INV/2025/37657,True,0
TXN-2025-00535,2025-02-14,7137.52,Kapur Electronics,09CCCCC1358C6Z1,HSN 7208,INV/2025/76056,True,0
TXN-2025-00536,2025-05-06,4419.35,Infosys Limited,19DDDDD4479C8Z2,HSN 2710,INV/2025/56754,True,0
TXN-2025-00537,2025-01-21,62079.27,Chawla IT Services,09CCCCC3968F1Z2,HSN 4819,INV/2025/26286,True,0
TXN-2025-00538,2025-01-01,53624.71,Bharat Petroleum Dealer,33EEEEE8784B8Z9,HSN 8471,INV/2025/68055,True,0
TXN-2025-00539,2025-05-23,10483.51,Aggarwal Auto Components,33EEEEE6382C7Z7,HSN 5208,INV/2025/83807,True,0
TXN-2025-00540,2025-02-08,6550.84,Bharat Petroleum Dealer,33EEEEE8784B8Z9,HSN 8471,INV/2025/27523,True,0
TXN-2025-00541,2025-01-30,3183.71,Apex Packaging Solutions,09CCCCC2077B7Z6,HSN 2710,INV/2025/91947,True,0
TXN-2025-00542,2025-05-21,42767.94,Mehta Tech Solutions LLP,19DDDDD8663C4Z2,SAC 9965,INV/2025/93413,True,0
TXN-2025-00543,2025-04-13,22079.94,Singhania Textiles Pvt Ltd,09CCCCC3512A7Z3,HSN 8471,INV/2025/81326,True,0
TXN-2025-00544,2025-04-29,22404.39,Gupta Steel & Hardware Corp,33EEEEE7004B8Z6,HSN 8471,INV/2025/27493,True,0
TXN-2025-00545,2025-02-02,9861.05,Mehta Tech Solutions LLP,19DDDDD8663C4Z2,HSN 5208,INV/2025/85339,True,0
TXN-2025-00546,2025-04-17,35306.06,Kapur Electronics,09CCCCC1358C6Z1,SAC 9965,INV/2025/94760,True,0
TXN-2025-00547,2025-05-21,13625.55,Gupta Steel & Hardware Corp,19DDDDD8663C4Z2,HSN 2710,INV/2025/93413,True,1
TXN-2025-00548,2025-02-10,5103.69,Aggarwal Auto Components,33EEEEE6382C7Z7,HSN 4819,INV/2025/65484,True,0
TXN-2025-00549,2025-04-21,185000.0,Verma Stationery Traders,27BBBBB7617P4Z2,UNCLASSIFIED,INV/2025/93059,True,1
TXN-2025-00550,2025-02-02,16495.36,Kapur Electronics,19DDDDD8663C4Z2,HSN 4819,INV/2025/85339,True,1
TXN-2025-00551,2025-04-20,4422.76,Kapur Electronics,09CCCCC1358C6Z1,HSN 2710,INV/2025/81566,True,0
TXN-2025-00552,2025-02-20,20391.49,Verma Stationery Traders,27BBBBB7617P4Z2,SAC 9983,INV/2025/28452,True,0
TXN-2025-00553,2025-01-08,6204.54,Gupta Steel & Hardware Corp,33EEEEE7004B8Z6,SAC 9983,INV/2025/21570,True,0
TXN-2025-00554,2025-03-28,9067.7,Global Enterprises,07AAAAA8603B9Z2,HSN 7208,INV/2025/22301,True,0
TXN-2025-00555,2025-02-18,8645.0,Verma Stationery Traders,27BBBBB7617P4Z2,HSN 5208,INV/2025/58041,True,0
TXN-2025-00556,2025-05-22,10215.12,Sharma Logistics & Freight,09CCCCC4166B2Z8,HSN 4819,INV/2025/44527,True,0
TXN-2025-00557,2025-01-05,20278.46,Singhania Textiles Pvt Ltd,09CCCCC3512A7Z3,HSN 8471,INV/2025/97399,True,0
TXN-2025-00558,2025-06-14,4565.87,Global Enterprises,07AAAAA8603B9Z2,HSN 4819,INV/2025/52876,True,0
TXN-2025-00559,2025-02-01,7742.37,Mehta Tech Solutions LLP,19DDDDD8663C4Z2,SAC 9983,INV/2025/59187,True,0
TXN-2025-00560,2025-03-02,4344.32,Chawla IT Services,09CCCCC3968F1Z2,HSN 4819,INV/2025/21825,True,0
TXN-2025-00561,2025-03-29,8744.32,Tata Consultancy Services Ltd,33EEEEE4190F6Z8,SAC 9965,INV/2025/99021,True,0
TXN-2025-00562,2025-01-20,5885.24,Singhania Textiles Pvt Ltd,09CCCCC3512A7Z3,HSN 4819,INV/2025/47431,True,0
TXN-2025-00563,2025-02-06,14823.62,Bharat Petroleum Dealer,33EEEEE8784B8Z9,SAC 9983,INV/2025/19027,True,0
TXN-2025-00564,2025-05-19,19044.12,Global Enterprises,07AAAAA8603B9Z2,SAC 9983,INV/2025/36153,True,0
TXN-2025-00565,2025-02-28,62859.46,Gupta Steel & Hardware Corp,33EEEEE7004B8Z6,HSN 4819,INV/2025/88173,True,0
TXN-2025-00566,2025-06-17,9010.63,Reliance Industries Ltd,07AAAAA9249B4Z5,HSN 8471,INV/2025/96840,True,0
TXN-2025-00567,2025-01-20,38965.4,Reliance Industries Ltd,09CCCCC3512A7Z3,HSN 7208,INV/2025/47431,True,1
TXN-2025-00568,2025-01-18,8528.01,Global Enterprises,07AAAAA8603B9Z2,HSN 2710,INV/2025/25769,True,0
TXN-2025-00569,2025-02-04,7680.13,Sharma Logistics & Freight,09CCCCC4166B2Z8,HSN 2710,INV/2025/66112,True,0
TXN-2025-00570,2025-05-22,21996.63,Infosys Limited,19DDDDD4479C8Z2,HSN 2710,INV/2025/37447,True,0
TXN-2025-00571,2025-01-05,30095.26,Aggarwal Auto Components,33EEEEE6382C7Z7,HSN 5208,INV/2025/26973,True,0
TXN-2025-00572,2025-01-21,31997.74,Kapur Electronics,09CCCCC1358C6Z1,HSN 2710,INV/2025/14279,True,0
TXN-2025-00573,2025-04-26,20112.06,Bharat Petroleum Dealer,33EEEEE8784B8Z9,HSN 7208,INV/2025/55111,True,0
TXN-2025-00574,2025-04-04,14998.34,Bharat Petroleum Dealer,33EEEEE8784B8Z9,SAC 9983,INV/2025/33735,True,0
TXN-2025-00575,2025-02-01,55056.09,Reliance Industries Ltd,07AAAAA9249B4Z5,HSN 2710,INV/2025/54114,True,0
TXN-2025-00576,2025-02-09,9005.68,Chawla IT Services,09CCCCC3968F1Z2,HSN 5208,INV/2025/42417,True,0
TXN-2025-00577,2025-03-06,6678.09,Bharat Petroleum Dealer,33EEEEE8784B8Z9,HSN 5208,INV/2025/11363,True,0
TXN-2025-00578,2025-03-02,7950.54,Sharma Logistics & Freight,09CCCCC4166B2Z8,SAC 9983,INV/2025/38611,True,0
TXN-2025-00579,2025-01-24,4690.75,Global Enterprises,07AAAAA8603B9Z2,SAC 9965,INV/2025/36979,True,0
TXN-2025-00580,2025-05-07,7697.47,Chawla IT Services,09CCCCC3968F1Z2,HSN 8471,INV/2025/98880,True,0
TXN-2025-00581,2025-04-09,47721.6,Mehta Tech Solutions LLP,19DDDDD8663C4Z2,SAC 9983,INV/2025/42526,True,0
TXN-2025-00582,2025-02-03,3603.34,Apex Packaging Solutions,09CCCCC2077B7Z6,HSN 7208,INV/2025/17006,True,0
TXN-2025-00583,2025-03-23,54337.9,Reliance Industries Ltd,07AAAAA9249B4Z5,HSN 7208,INV/2025/94894,True,0
TXN-2025-00584,2025-01-28,3816.48,Kapur Electronics,09CCCCC1358C6Z1,SAC 9965,INV/2025/52800,True,0
TXN-2025-00585,2025-06-19,31408.1,Singhania Textiles Pvt Ltd,09CCCCC3512A7Z3,HSN 2710,INV/2025/79172,True,0
TXN-2025-00586,2025-03-22,1471.75,Aggarwal Auto Components,33EEEEE6382C7Z7,HSN 4819,INV/2025/17816,True,0
TXN-2025-00587,2025-04-03,54112.39,Apex Packaging Solutions,09CCCCC2077B7Z6,HSN 4819,INV/2025/13536,True,0
TXN-2025-00588,2025-04-12,7618.9,Mehta Tech Solutions LLP,19DDDDD8663C4Z2,HSN 2710,INV/2025/29856,True,0
TXN-2025-00589,2025-04-22,15564.39,Apex Packaging Solutions,09CCCCC2077B7Z6,HSN 8471,INV/2025/87794,True,0
TXN-2025-00590,2025-01-21,12463.04,Mehta Tech Solutions LLP,19DDDDD8663C4Z2,SAC 9965,INV/2025/64674,True,0
TXN-2025-00591,2025-03-26,10091.7,Gupta Steel & Hardware Corp,33EEEEE7004B8Z6,HSN 2710,INV/2025/94292,True,0
TXN-2025-00592,2025-03-23,46082.74,Bharat Petroleum Dealer,33EEEEE8784B8Z9,HSN 8471,INV/2025/12524,True,0
TXN-2025-00593,2025-04-22,31468.36,Verma Stationery Traders,27BBBBB7617P4Z2,HSN 5208,INV/2025/10909,True,0
TXN-2025-00594,2025-01-12,12724.29,Gupta Steel & Hardware Corp,33EEEEE7004B8Z6,HSN 7208,INV/2025/37222,True,0
TXN-2025-00595,2025-03-16,19481.87,Sharma Logistics & Freight,09CCCCC4166B2Z8,SAC 9965,INV/2025/28487,True,0
TXN-2025-00596,2025-04-07,28578.07,Sharma Logistics & Freight,09CCCCC4166B2Z8,SAC 9983,INV/2025/58681,True,0
TXN-2025-00597,2025-01-14,250000.0,Kapur Electronics,09CCCCC1358C6Z1,CASH PAYMENT,INV/2025/57648,True,1
TXN-2025-00598,2025-05-05,26619.61,Infosys Limited,19DDDDD4479C8Z2,SAC 9965,INV/2025/41720,True,0
TXN-2025-00599,2025-03-13,31279.97,Apex Packaging Solutions,09CCCCC2077B7Z6,HSN 4819,INV/2025/71060,True,0
TXN-2025-00600,2025-03-21,8266.51,Kapur Electronics,09CCCCC1358C6Z1,HSN 4819,INV/2025/50265,True,0
TXN-2025-00601,2025-04-23,5277.23,Gupta Steel & Hardware Corp,33EEEEE7004B8Z6,HSN 8471,INV/2025/29508,True,0
TXN-2025-00602,2025-05-23,17525.65,Apex Packaging Solutions,09CCCCC2077B7Z6,HSN 8471,INV/2025/33910,True,0
TXN-2025-00603,2025-04-30,6518.19,Delhi Distribution Network,27BBBBB7929A7Z7,HSN 4819,INV/2025/69382,True,0
TXN-2025-00604,2025-03-28,18886.82,Gupta Steel & Hardware Corp,33EEEEE7004B8Z6,SAC 9983,INV/2025/82839,True,0
TXN-2025-00605,2025-01-12,10674.94,Gupta Steel & Hardware Corp,33EEEEE7004B8Z6,HSN 7208,INV/2025/60689,True,0
TXN-2025-00606,2025-04-27,1000000.0,Mehta Tech Solutions LLP,19DDDDD8663C4Z2,HSN 2710,INV/2025/77531,True,1
TXN-2025-00607,2025-03-01,27820.62,Chawla IT Services,09CCCCC3968F1Z2,HSN 7208,INV/2025/89217,True,0
TXN-2025-00608,2025-02-14,72765.89,Delhi Distribution Network,27BBBBB7929A7Z7,HSN 4819,INV/2025/51744,True,0
TXN-2025-00609,2025-01-06,36703.83,Chawla IT Services,09CCCCC3968F1Z2,SAC 9965,INV/2025/53827,True,0
TXN-2025-00610,2025-06-04,20528.55,Gupta Steel & Hardware Corp,33EEEEE7004B8Z6,HSN 5208,INV/2025/27755,True,0
TXN-2025-00611,2025-04-10,8184.33,Infosys Limited,19DDDDD4479C8Z2,HSN 5208,INV/2025/44964,True,0
TXN-2025-00612,2025-05-01,5908.81,Singhania Textiles Pvt Ltd,09CCCCC3512A7Z3,HSN 4819,INV/2025/50022,True,0
TXN-2025-00613,2025-04-13,20485.79,Verma Stationery Traders,27BBBBB7617P4Z2,HSN 7208,INV/2025/72305,True,0
TXN-2025-00614,2025-04-23,38694.22,Gupta Steel & Hardware Corp,33EEEEE7004B8Z6,SAC 9965,INV/2025/81269,True,0
TXN-2025-00615,2025-01-11,27361.01,Aggarwal Auto Components,33EEEEE6382C7Z7,HSN 2710,INV/2025/83563,True,0
TXN-2025-00616,2025-01-03,12040.26,Chawla IT Services,09CCCCC3968F1Z2,HSN 4819,INV/2025/34982,True,0
TXN-2025-00617,2025-03-04,8551.05,Verma Stationery Traders,27BBBBB7617P4Z2,HSN 5208,INV/2025/12893,True,0
TXN-2025-00618,2025-03-01,33996.45,Gupta Steel & Hardware Corp,33EEEEE7004B8Z6,HSN 8471,INV/2025/19971,True,0
TXN-2025-00619,2025-06-05,16458.32,Infosys Limited,19DDDDD4479C8Z2,SAC 9965,INV/2025/15128,True,0
TXN-2025-00620,2025-03-02,3194.96,Chawla IT Services,09CCCCC3968F1Z2,HSN 7208,INV/2025/93315,True,0
TXN-2025-00621,2025-06-26,46256.93,Mehta Tech Solutions LLP,19DDDDD8663C4Z2,HSN 2710,INV/2025/49214,True,0
TXN-2025-00622,2025-05-17,2250.78,Mehta Tech Solutions LLP,19DDDDD8663C4Z2,HSN 4819,INV/2025/82177,True,0
TXN-2025-00623,2025-03-18,7159.44,Chawla IT Services,09CCCCC3968F1Z2,HSN 2710,INV/2025/89855,True,0
TXN-2025-00624,2025-04-10,9647.64,Reliance Industries Ltd,07AAAAA9249B4Z5,HSN 2710,INV/2025/13916,True,0
TXN-2025-00625,2025-03-01,21760.0,Singhania Textiles Pvt Ltd,09CCCCC3512A7Z3,HSN 2710,INV/2025/14733,True,0
TXN-2025-00626,2025-05-26,8665.86,Singhania Textiles Pvt Ltd,09CCCCC3512A7Z3,HSN 2710,INV/2025/45608,True,0
TXN-2025-00627,2025-01-16,7674.88,Singhania Textiles Pvt Ltd,09CCCCC3512A7Z3,SAC 9965,INV/2025/37764,True,0
TXN-2025-00628,2025-01-15,13035.02,Sharma Logistics & Freight,09CCCCC4166B2Z8,HSN 7208,INV/2025/72265,True,0
TXN-2025-00629,2025-04-15,33558.34,Kapur Electronics,09CCCCC1358C6Z1,SAC 9965,INV/2025/60789,True,0
TXN-2025-00630,2025-04-25,10231.3,Kapur Electronics,09CCCCC1358C6Z1,SAC 9983,INV/2025/44072,True,0
TXN-2025-00631,2025-05-27,185000.0,Infosys Limited,19DDDDD4479C8Z2,UNCLASSIFIED,INV/2025/23624,True,1
TXN-2025-00632,2025-02-28,16612.46,Apex Packaging Solutions,09CCCCC2077B7Z6,HSN 5208,INV/2025/14253,True,0
TXN-2025-00633,2025-06-19,8969.81,Verma Stationery Traders,27BBBBB7617P4Z2,HSN 5208,INV/2025/79957,True,0
TXN-2025-00634,2025-03-30,9489.59,Global Enterprises,07AAAAA8603B9Z2,HSN 7208,INV/2025/81131,True,0
TXN-2025-00635,2025-05-02,7835.7,Chawla IT Services,09CCCCC3968F1Z2,HSN 5208,INV/2025/39148,True,0
TXN-2025-00636,2025-05-06,22805.43,Delhi Distribution Network,27BBBBB7929A7Z7,HSN 2710,INV/2025/87717,True,0
TXN-2025-00637,2025-03-14,10599.32,Mehta Tech Solutions LLP,19DDDDD8663C4Z2,SAC 9983,INV/2025/51822,True,0
TXN-2025-00638,2025-01-21,11729.53,Tata Consultancy Services Ltd,33EEEEE4190F6Z8,HSN 8471,INV/2025/24560,True,0
TXN-2025-00639,2025-02-01,8041.73,Aggarwal Auto Components,33EEEEE6382C7Z7,HSN 8471,INV/2025/99469,True,0
TXN-2025-00640,2025-05-02,57464.07,Global Enterprises,09CCCCC3968F1Z2,SAC 9965,INV/2025/39148,True,1
TXN-2025-00641,2025-06-23,2895.06,Sharma Logistics & Freight,09CCCCC4166B2Z8,HSN 5208,INV/2025/62584,True,0
TXN-2025-00642,2025-04-17,10194.07,Singhania Textiles Pvt Ltd,09CCCCC3512A7Z3,HSN 7208,INV/2025/39684,True,0
TXN-2025-00643,2025-03-30,18247.37,Chawla IT Services,09CCCCC3968F1Z2,HSN 8471,INV/2025/40192,True,0
TXN-2025-00644,2025-01-16,17282.28,Singhania Textiles Pvt Ltd,09CCCCC3512A7Z3,HSN 8471,INV/2025/61383,True,0
TXN-2025-00645,2025-05-09,13809.72,Mehta Tech Solutions LLP,19DDDDD8663C4Z2,SAC 9983,INV/2025/66360,True,0
TXN-2025-00646,2025-01-13,24503.19,Kapur Electronics,09CCCCC1358C6Z1,HSN 5208,INV/2025/37555,True,0
TXN-2025-00647,2025-05-16,16369.29,Tata Consultancy Services Ltd,33EEEEE4190F6Z8,HSN 7208,INV/2025/74343,True,0
TXN-2025-00648,2025-05-24,11385.33,Singhania Textiles Pvt Ltd,09CCCCC3512A7Z3,HSN 2710,INV/2025/14413,True,0
TXN-2025-00649,2025-05-01,5814.81,Mehta Tech Solutions LLP,19DDDDD8663C4Z2,HSN 5208,INV/2025/93466,True,0
TXN-2025-00650,2025-04-02,17522.27,Kapur Electronics,09CCCCC1358C6Z1,SAC 9983,INV/2025/67038,True,0
TXN-2025-00651,2025-01-13,5563.67,Kapur Electronics,09CCCCC1358C6Z1,SAC 9965,INV/2025/37555,True,1
TXN-2025-00652,2025-02-07,2636.36,Apex Packaging Solutions,09CCCCC2077B7Z6,HSN 2710,INV/2025/24865,True,0
TXN-2025-00653,2025-05-02,28971.69,Chawla IT Services,09CCCCC3968F1Z2,HSN 4819,INV/2025/89076,True,0
TXN-2025-00654,2025-04-21,10803.15,Bharat Petroleum Dealer,33EEEEE8784B8Z9,HSN 2710,INV/2025/61090,True,0
TXN-2025-00655,2025-02-10,9030.52,Gupta Steel & Hardware Corp,33EEEEE7004B8Z6,HSN 7208,INV/2025/90429,True,0
TXN-2025-00656,2025-03-07,11412.38,Gupta Steel & Hardware Corp,33EEEEE7004B8Z6,SAC 9983,INV/2025/29310,True,0
TXN-2025-00657,2025-02-19,11957.02,Infosys Limited,19DDDDD4479C8Z2,HSN 8471,INV/2025/13923,True,0
TXN-2025-00658,2025-06-30,10331.37,Verma Stationery Traders,27BBBBB7617P4Z2,HSN 7208,INV/2025/41560,True,0
TXN-2025-00659,2025-06-26,11518.99,Gupta Steel & Hardware Corp,33EEEEE7004B8Z6,HSN 8471,INV/2025/26830,True,0
TXN-2025-00660,2025-03-24,16227.29,Mehta Tech Solutions LLP,19DDDDD8663C4Z2,HSN 4819,INV/2025/14532,True,0
TXN-2025-00661,2025-05-20,12026.38,Sharma Logistics & Freight,09CCCCC4166B2Z8,HSN 8471,INV/2025/43820,True,0
TXN-2025-00662,2025-02-20,20477.51,Kapur Electronics,09CCCCC1358C6Z1,HSN 8471,INV/2025/35798,True,0
TXN-2025-00663,2025-02-10,98983.22,Aggarwal Auto Components,33EEEEE6382C7Z7,HSN 4819,INV/2025/19474,True,0
TXN-2025-00664,2025-04-22,29710.24,Kapur Electronics,09CCCCC1358C6Z1,HSN 8471,INV/2025/11788,True,0
TXN-2025-00665,2025-03-30,1000000.0,Mehta Tech Solutions LLP,19DDDDD8663C4Z2,HSN 4819,INV/2025/21226,True,1
TXN-2025-00666,2025-03-30,14605.67,Tata Consultancy Services Ltd,33EEEEE4190F6Z8,SAC 9983,INV/2025/89619,True,0
TXN-2025-00667,2025-03-18,18203.1,Gupta Steel & Hardware Corp,33EEEEE7004B8Z6,HSN 4819,INV/2025/96288,True,0
TXN-2025-00668,2025-03-21,25530.85,Global Enterprises,07AAAAA8603B9Z2,HSN 5208,INV/2025/54163,True,0
TXN-2025-00669,2025-06-03,19325.91,Bharat Petroleum Dealer,33EEEEE8784B8Z9,HSN 2710,INV/2025/75581,True,0
TXN-2025-00670,2025-06-26,34749.16,Gupta Steel & Hardware Corp,33EEEEE7004B8Z6,HSN 7208,INV/2025/83047,True,0
TXN-2025-00671,2025-06-27,32153.64,Bharat Petroleum Dealer,33EEEEE8784B8Z9,HSN 7208,INV/2025/87003,True,0
TXN-2025-00672,2025-05-30,11483.61,Reliance Industries Ltd,07AAAAA9249B4Z5,HSN 7208,INV/2025/87934,True,0
TXN-2025-00673,2025-05-06,9211.68,Mehta Tech Solutions LLP,19DDDDD8663C4Z2,SAC 9965,INV/2025/55611,True,0
TXN-2025-00674,2025-03-19,19994.74,Apex Packaging Solutions,09CCCCC2077B7Z6,HSN 2710,INV/2025/96714,True,0
TXN-2025-00675,2025-05-29,51578.11,Global Enterprises,07AAAAA8603B9Z2,HSN 7208,INV/2025/40563,True,0
TXN-2025-00676,2025-05-17,5648.96,Sharma Logistics & Freight,09CCCCC4166B2Z8,HSN 7208,INV/2025/24715,True,0
TXN-2025-00677,2025-01-31,19284.58,Kapur Electronics,09CCCCC1358C6Z1,HSN 8471,INV/2025/84125,True,0
TXN-2025-00678,2025-06-14,12851.34,Gupta Steel & Hardware Corp,33EEEEE7004B8Z6,SAC 9983,INV/2025/21181,True,0
TXN-2025-00679,2025-01-20,11894.77,Tata Consultancy Services Ltd,33EEEEE4190F6Z8,SAC 9965,INV/2025/13563,True,0
TXN-2025-00680,2025-06-04,11223.33,Mehta Tech Solutions LLP,19DDDDD8663C4Z2,HSN 7208,INV/2025/79825,True,0
TXN-2025-00681,2025-01-28,46998.32,Verma Stationery Traders,27BBBBB7617P4Z2,SAC 9983,INV/2025/60429,True,0
TXN-2025-00682,2025-03-03,31799.14,Verma Stationery Traders,27BBBBB7617P4Z2,HSN 2710,INV/2025/15863,True,0
TXN-2025-00683,2025-03-08,15209.4,Singhania Textiles Pvt Ltd,09CCCCC3512A7Z3,SAC 9983,INV/2025/49783,True,0
TXN-2025-00684,2025-06-12,8910.87,Chawla IT Services,09CCCCC3968F1Z2,SAC 9965,INV/2025/13453,True,0
TXN-2025-00685,2025-05-14,28186.05,Global Enterprises,07AAAAA8603B9Z2,SAC 9965,INV/2025/69128,True,0
TXN-2025-00686,2025-06-30,17890.7,Mehta Tech Solutions LLP,19DDDDD8663C4Z2,HSN 2710,INV/2025/17208,True,0
TXN-2025-00687,2025-05-04,9509.11,Mehta Tech Solutions LLP,19DDDDD8663C4Z2,HSN 7208,INV/2025/57314,True,0
TXN-2025-00688,2025-01-21,120000.0,Tata Consultancy Services Ltd,33EEEEE4190F6Z8,SAC 9983 (NO TDS),INV/2025/11427,False,1
TXN-2025-00689,2025-04-21,16579.28,Delhi Distribution Network,27BBBBB7929A7Z7,SAC 9965,INV/2025/89420,True,0
TXN-2025-00690,2025-05-22,3553.29,Singhania Textiles Pvt Ltd,09CCCCC3512A7Z3,SAC 9983,INV/2025/23316,True,0
TXN-2025-00691,2025-03-20,11895.18,Mehta Tech Solutions LLP,19DDDDD8663C4Z2,HSN 8471,INV/2025/59487,True,0
TXN-2025-00692,2025-02-16,10706.03,Chawla IT Services,09CCCCC3968F1Z2,HSN 4819,INV/2025/83144,True,0
TXN-2025-00693,2025-06-07,8518.68,Reliance Industries Ltd,07AAAAA9249B4Z5,SAC 9965,INV/2025/36163,True,0
TXN-2025-00694,2025-02-27,23454.75,Aggarwal Auto Components,33EEEEE6382C7Z7,HSN 8471,INV/2025/75469,True,0
TXN-2025-00695,2025-05-25,7287.14,Sharma Logistics & Freight,09CCCCC4166B2Z8,HSN 4819,INV/2025/26239,True,0
TXN-2025-00696,2025-01-31,16183.15,Bharat Petroleum Dealer,33EEEEE8784B8Z9,HSN 5208,INV/2025/72855,True,0
TXN-2025-00697,2025-01-14,9805.82,Apex Packaging Solutions,09CCCCC2077B7Z6,HSN 4819,INV/2025/20309,True,0
TXN-2025-00698,2025-01-05,1500000.0,Chawla IT Services,09CCCCC3968F1Z2,SAC 9965,INV/2025/40032,True,1
TXN-2025-00699,2025-06-28,9033.47,Gupta Steel & Hardware Corp,33EEEEE7004B8Z6,HSN 8471,INV/2025/40040,True,0
TXN-2025-00700,2025-05-11,120000.0,Mehta Tech Solutions LLP,19DDDDD8663C4Z2,SAC 9983 (NO TDS),INV/2025/91978,False,1
TXN-2025-00701,2025-01-05,14505.85,Reliance Industries Ltd,07AAAAA9249B4Z5,HSN 7208,INV/2025/95642,True,0
TXN-2025-00702,2025-04-08,6871.86,Tata Consultancy Services Ltd,33EEEEE4190F6Z8,HSN 4819,INV/2025/30479,True,0
TXN-2025-00703,2025-01-20,3693.23,Chawla IT Services,09CCCCC3968F1Z2,HSN 7208,INV/2025/81982,True,0
TXN-2025-00704,2025-01-09,4090.91,Apex Packaging Solutions,09CCCCC2077B7Z6,HSN 4819,INV/2025/33515,True,0
TXN-2025-00705,2025-05-28,6061.36,Global Enterprises,07AAAAA8603B9Z2,SAC 9983,INV/2025/48780,True,0
TXN-2025-00706,2025-03-14,9076.22,Chawla IT Services,09CCCCC3968F1Z2,HSN 5208,INV/2025/27834,True,0
TXN-2025-00707,2025-03-19,11381.13,Chawla IT Services,09CCCCC3968F1Z2,SAC 9983,INV/2025/53490,True,0
TXN-2025-00708,2025-02-20,31014.26,Delhi Distribution Network,27BBBBB7929A7Z7,HSN 4819,INV/2025/67200,True,0
TXN-2025-00709,2025-03-29,9091.84,Gupta Steel & Hardware Corp,33EEEEE7004B8Z6,HSN 5208,INV/2025/75254,True,0
TXN-2025-00710,2025-01-09,18058.02,Gupta Steel & Hardware Corp,33EEEEE7004B8Z6,HSN 8471,INV/2025/53439,True,0
TXN-2025-00711,2025-04-22,13037.7,Sharma Logistics & Freight,09CCCCC4166B2Z8,SAC 9965,INV/2025/93645,True,0
TXN-2025-00712,2025-04-03,21712.46,Delhi Distribution Network,27BBBBB7929A7Z7,HSN 7208,INV/2025/51703,True,0
TXN-2025-00713,2025-03-28,20034.85,Bharat Petroleum Dealer,33EEEEE8784B8Z9,HSN 4819,INV/2025/35868,True,0
TXN-2025-00714,2025-03-03,13696.72,Mehta Tech Solutions LLP,19DDDDD8663C4Z2,HSN 8471,INV/2025/17055,True,0
TXN-2025-00715,2025-06-25,12314.05,Infosys Limited,19DDDDD4479C8Z2,SAC 9965,INV/2025/77880,True,0
TXN-2025-00716,2025-02-11,64496.66,Infosys Limited,19DDDDD4479C8Z2,HSN 2710,INV/2025/89724,True,0
TXN-2025-00717,2025-02-13,14568.09,Reliance Industries Ltd,07AAAAA9249B4Z5,HSN 5208,INV/2025/96312,True,0
TXN-2025-00718,2025-06-04,5350.21,Chawla IT Services,09CCCCC3968F1Z2,SAC 9965,INV/2025/12396,True,0
TXN-2025-00719,2025-04-25,8380.24,Apex Packaging Solutions,09CCCCC2077B7Z6,SAC 9965,INV/2025/49689,True,0
TXN-2025-00720,2025-01-06,3499.1,Tata Consultancy Services Ltd,33EEEEE4190F6Z8,HSN 4819,INV/2025/23943,True,0
TXN-2025-00721,2025-05-22,7949.49,Reliance Industries Ltd,07AAAAA9249B4Z5,SAC 9965,INV/2025/24563,True,0
TXN-2025-00722,2025-06-04,4121.38,Gupta Steel & Hardware Corp,33EEEEE7004B8Z6,HSN 8471,INV/2025/80556,True,0
TXN-2025-00723,2025-01-11,30368.35,Kapur Electronics,09CCCCC1358C6Z1,SAC 9983,INV/2025/40255,True,0
TXN-2025-00724,2025-04-16,80362.82,Verma Stationery Traders,27BBBBB7617P4Z2,SAC 9983,INV/2025/10340,True,0
TXN-2025-00725,2025-06-03,16672.54,Singhania Textiles Pvt Ltd,09CCCCC3512A7Z3,HSN 8471,INV/2025/43834,True,0
TXN-2025-00726,2025-02-08,7244.07,Gupta Steel & Hardware Corp,33EEEEE7004B8Z6,SAC 9965,INV/2025/60908,True,0
TXN-2025-00727,2025-01-27,7351.64,Gupta Steel & Hardware Corp,33EEEEE7004B8Z6,HSN 7208,INV/2025/97630,True,0
TXN-2025-00728,2025-01-11,4794.84,Delhi Distribution Network,09CCCCC1358C6Z1,HSN 2710,INV/2025/40255,True,1
TXN-2025-00729,2025-06-17,4375.48,Apex Packaging Solutions,09CCCCC2077B7Z6,HSN 2710,INV/2025/47512,True,0
TXN-2025-00730,2025-01-05,250000.0,Singhania Textiles Pvt Ltd,09CCCCC3512A7Z3,CASH PAYMENT,INV/2025/33659,True,1
TXN-2025-00731,2025-06-29,30177.5,Delhi Distribution Network,27BBBBB7929A7Z7,HSN 4819,INV/2025/73076,True,0
TXN-2025-00732,2025-01-13,9698.46,Chawla IT Services,09CCCCC3968F1Z2,HSN 7208,INV/2025/67895,True,0
TXN-2025-00733,2025-06-27,3224.8,Aggarwal Auto Components,33EEEEE6382C7Z7,HSN 4819,INV/2025/43019,True,0
TXN-2025-00734,2025-03-03,72654.21,Reliance Industries Ltd,07AAAAA9249B4Z5,HSN 8471,INV/2025/44708,True,0
TXN-2025-00735,2025-05-08,2920.04,Tata Consultancy Services Ltd,33EEEEE4190F6Z8,HSN 5208,INV/2025/31455,True,0
TXN-2025-00736,2025-05-18,21766.56,Sharma Logistics & Freight,09CCCCC4166B2Z8,HSN 2710,INV/2025/74590,True,0
TXN-2025-00737,2025-01-13,61900.17,Global Enterprises,09CCCCC3968F1Z2,HSN 4819,INV/2025/67895,True,1
TXN-2025-00738,2025-03-01,34948.02,Kapur Electronics,09CCCCC1358C6Z1,SAC 9965,INV/2025/65938,True,0
TXN-2025-00739,2025-06-19,25168.8,Verma Stationery Traders,27BBBBB7617P4Z2,SAC 9983,INV/2025/33055,True,0
TXN-2025-00740,2025-02-14,2745.82,Gupta Steel & Hardware Corp,33EEEEE7004B8Z6,HSN 8471,INV/2025/46967,True,0
TXN-2025-00741,2025-02-02,25720.74,Tata Consultancy Services Ltd,33EEEEE4190F6Z8,HSN 8471,INV/2025/45260,True,0
TXN-2025-00742,2025-06-10,7543.37,Singhania Textiles Pvt Ltd,09CCCCC3512A7Z3,SAC 9965,INV/2025/59375,True,0
TXN-2025-00743,2025-02-28,13147.98,Mehta Tech Solutions LLP,19DDDDD8663C4Z2,HSN 7208,INV/2025/42937,True,0
TXN-2025-00744,2025-04-06,4195.47,Global Enterprises,07AAAAA8603B9Z2,HSN 4819,INV/2025/26544,True,0
TXN-2025-00745,2025-06-13,4910.93,Verma Stationery Traders,27BBBBB7617P4Z2,HSN 2710,INV/2025/57115,True,0
TXN-2025-00746,2025-06-15,5919.85,Tata Consultancy Services Ltd,33EEEEE4190F6Z8,HSN 4819,INV/2025/82193,True,0
TXN-2025-00747,2025-02-28,61983.19,Sharma Logistics & Freight,09CCCCC4166B2Z8,HSN 5208,INV/2025/22417,True,0
TXN-2025-00748,2025-04-13,6472.79,Aggarwal Auto Components,33EEEEE6382C7Z7,HSN 7208,INV/2025/14864,True,0
TXN-2025-00749,2025-01-25,4416.44,Verma Stationery Traders,27BBBBB7617P4Z2,HSN 2710,INV/2025/15455,True,0
TXN-2025-00750,2025-01-29,1940.92,Infosys Limited,19DDDDD4479C8Z2,HSN 5208,INV/2025/45258,True,0
TXN-2025-00751,2025-05-30,57365.06,Reliance Industries Ltd,07AAAAA9249B4Z5,HSN 5208,INV/2025/79365,True,0
TXN-2025-00752,2025-04-13,22969.12,Kapur Electronics,09CCCCC1358C6Z1,HSN 7208,INV/2025/21338,True,0
TXN-2025-00753,2025-01-10,8660.47,Sharma Logistics & Freight,09CCCCC4166B2Z8,HSN 5208,INV/2025/55283,True,0
TXN-2025-00754,2025-01-15,1881.42,Global Enterprises,07AAAAA8603B9Z2,HSN 7208,INV/2025/13703,True,0
TXN-2025-00755,2025-05-27,5630.96,Global Enterprises,07AAAAA8603B9Z2,HSN 8471,INV/2025/58238,True,0
TXN-2025-00756,2025-04-06,7078.71,Gupta Steel & Hardware Corp,33EEEEE7004B8Z6,HSN 7208,INV/2025/63263,True,0
TXN-2025-00757,2025-05-14,68656.73,Reliance Industries Ltd,07AAAAA9249B4Z5,SAC 9965,INV/2025/69102,True,0
TXN-2025-00758,2025-03-25,6558.07,Infosys Limited,19DDDDD4479C8Z2,HSN 5208,INV/2025/55914,True,0
TXN-2025-00759,2025-05-07,22642.78,Aggarwal Auto Components,33EEEEE6382C7Z7,HSN 2710,INV/2025/13821,True,0
TXN-2025-00760,2025-03-02,3361.14,Bharat Petroleum Dealer,33EEEEE8784B8Z9,HSN 8471,INV/2025/53476,True,0
TXN-2025-00761,2025-02-24,10058.17,Kapur Electronics,09CCCCC1358C6Z1,SAC 9983,INV/2025/85897,True,0
TXN-2025-00762,2025-02-02,30300.97,Mehta Tech Solutions LLP,19DDDDD8663C4Z2,SAC 9965,INV/2025/82652,True,0
TXN-2025-00763,2025-05-13,8109.64,Apex Packaging Solutions,09CCCCC2077B7Z6,SAC 9983,INV/2025/84325,True,0
TXN-2025-00764,2025-05-29,4268.36,Apex Packaging Solutions,09CCCCC2077B7Z6,HSN 4819,INV/2025/55307,True,0
TXN-2025-00765,2025-04-28,24502.19,Delhi Distribution Network,07INVALIDGSTIN12,HSN 4819,INV/2025/60657,True,1
TXN-2025-00766,2025-05-13,21442.03,Gupta Steel & Hardware Corp,33EEEEE7004B8Z6,HSN 7208,INV/2025/16774,True,0
TXN-2025-00767,2025-05-09,16975.59,Chawla IT Services,09CCCCC3968F1Z2,HSN 7208,INV/2025/11129,True,0
TXN-2025-00768,2025-03-07,32927.08,Reliance Industries Ltd,07AAAAA9249B4Z5,HSN 5208,INV/2025/83465,True,0
TXN-2025-00769,2025-01-23,9157.11,Aggarwal Auto Components,33EEEEE6382C7Z7,SAC 9983,INV/2025/62733,True,0
TXN-2025-00770,2025-04-27,18085.54,Tata Consultancy Services Ltd,33EEEEE4190F6Z8,HSN 4819,INV/2025/80085,True,0
TXN-2025-00771,2025-01-08,5430.36,Gupta Steel & Hardware Corp,33EEEEE7004B8Z6,HSN 5208,INV/2025/89743,True,0
TXN-2025-00772,2025-06-06,10817.15,Sharma Logistics & Freight,09CCCCC4166B2Z8,SAC 9965,INV/2025/73826,True,0
TXN-2025-00773,2025-05-22,120000.0,Apex Packaging Solutions,09CCCCC2077B7Z6,SAC 9983 (NO TDS),INV/2025/18183,False,1
TXN-2025-00774,2025-04-08,2344.03,Infosys Limited,19DDDDD4479C8Z2,HSN 2710,INV/2025/86778,True,0
TXN-2025-00775,2025-01-01,185000.0,Tata Consultancy Services Ltd,33EEEEE4190F6Z8,UNCLASSIFIED,INV/2025/43673,True,1
TXN-2025-00776,2025-06-07,250000.0,Apex Packaging Solutions,09CCCCC2077B7Z6,CASH PAYMENT,INV/2025/83802,True,1
TXN-2025-00777,2025-02-02,3722.34,Bharat Petroleum Dealer,33EEEEE8784B8Z9,SAC 9983,INV/2025/42416,True,0
TXN-2025-00778,2025-05-27,7544.84,Verma Stationery Traders,27BBBBB7617P4Z2,HSN 8471,INV/2025/54218,True,0
TXN-2025-00779,2025-06-18,14577.35,Aggarwal Auto Components,33EEEEE6382C7Z7,HSN 5208,INV/2025/21686,True,0
TXN-2025-00780,2025-03-12,151745.07,Tata Consultancy Services Ltd,33EEEEE4190F6Z8,HSN 7208,INV/2025/47504,True,0
TXN-2025-00781,2025-03-15,29290.28,Apex Packaging Solutions,09CCCCC2077B7Z6,HSN 7208,INV/2025/11861,True,0
TXN-2025-00782,2025-03-13,8627.93,Delhi Distribution Network,27BBBBB7929A7Z7,HSN 2710,INV/2025/48139,True,0
TXN-2025-00783,2025-05-07,3798.5,Mehta Tech Solutions LLP,19DDDDD8663C4Z2,SAC 9983,INV/2025/95347,True,0
TXN-2025-00784,2025-04-17,10013.4,Kapur Electronics,09CCCCC1358C6Z1,SAC 9983,INV/2025/57254,True,0
TXN-2025-00785,2025-02-20,13709.03,Sharma Logistics & Freight,09CCCCC4166B2Z8,HSN 5208,INV/2025/46777,True,0
TXN-2025-00786,2025-04-02,32157.87,Global Enterprises,07AAAAA8603B9Z2,HSN 7208,INV/2025/22889,True,0
TXN-2025-00787,2025-05-30,8730.07,Tata Consultancy Services Ltd,33EEEEE4190F6Z8,SAC 9983,INV/2025/74414,True,0
TXN-2025-00788,2025-02-07,26197.83,Verma Stationery Traders,27BBBBB7617P4Z2,HSN 5208,INV/2025/49387,True,0
TXN-2025-00789,2025-02-05,32439.59,Kapur Electronics,09CCCCC1358C6Z1,HSN 8471,INV/2025/98833,True,0
TXN-2025-00790,2025-04-11,11034.23,Bharat Petroleum Dealer,33EEEEE8784B8Z9,HSN 4819,INV/2025/49161,True,0
TXN-2025-00791,2025-06-25,24988.88,Apex Packaging Solutions,09CCCCC2077B7Z6,SAC 9965,INV/2025/27299,True,0
TXN-2025-00792,2025-06-05,9957.79,Tata Consultancy Services Ltd,33EEEEE4190F6Z8,HSN 5208,INV/2025/95856,True,0
TXN-2025-00793,2025-03-17,13658.82,Chawla IT Services,09CCCCC3968F1Z2,HSN 2710,INV/2025/43815,True,0
TXN-2025-00794,2025-02-01,3959.09,Kapur Electronics,09CCCCC1358C6Z1,HSN 2710,INV/2025/80204,True,0
TXN-2025-00795,2025-02-23,13862.44,Gupta Steel & Hardware Corp,33EEEEE7004B8Z6,HSN 2710,INV/2025/62658,True,0
TXN-2025-00796,2025-04-26,26591.26,Infosys Limited,19DDDDD4479C8Z2,SAC 9965,INV/2025/29821,True,0
TXN-2025-00797,2025-06-04,21289.37,Singhania Textiles Pvt Ltd,09CCCCC3512A7Z3,SAC 9983,INV/2025/61983,True,0
TXN-2025-00798,2025-06-11,11009.91,Verma Stationery Traders,27BBBBB7617P4Z2,HSN 8471,INV/2025/80179,True,0
TXN-2025-00799,2025-01-22,29992.24,Chawla IT Services,09CCCCC3968F1Z2,HSN 7208,INV/2025/45586,True,0
TXN-2025-00800,2025-06-05,8327.64,Global Enterprises,07AAAAA8603B9Z2,HSN 8471,INV/2025/74664,True,0
TXN-2025-00801,2025-06-09,500000.0,Sharma Logistics & Freight,09CCCCC4166B2Z8,HSN 8471,INV/2025/54417,True,1
TXN-2025-00802,2025-05-10,4481.3,Verma Stationery Traders,27BBBBB7617P4Z2,HSN 5208,INV/2025/44190,True,0
TXN-2025-00803,2025-06-30,23049.66,Mehta Tech Solutions LLP,19DDDDD8663C4Z2,HSN 8471,INV/2025/99942,True,0
TXN-2025-00804,2025-05-22,9459.74,Reliance Industries Ltd,07AAAAA9249B4Z5,HSN 4819,INV/2025/86391,True,0
TXN-2025-00805,2025-06-14,16118.63,Chawla IT Services,09CCCCC3968F1Z2,HSN 7208,INV/2025/49954,True,0
TXN-2025-00806,2025-03-27,15596.04,Bharat Petroleum Dealer,33EEEEE8784B8Z9,HSN 2710,INV/2025/65290,True,0
TXN-2025-00807,2025-02-13,13309.88,Singhania Textiles Pvt Ltd,09CCCCC3512A7Z3,HSN 4819,INV/2025/18646,True,0
TXN-2025-00808,2025-06-19,17101.77,Global Enterprises,07AAAAA8603B9Z2,HSN 4819,INV/2025/10078,True,0
TXN-2025-00809,2025-03-22,24345.47,Gupta Steel & Hardware Corp,33EEEEE7004B8Z6,SAC 9965,INV/2025/85565,True,0
TXN-2025-00810,2025-05-28,12460.39,Delhi Distribution Network,27BBBBB7929A7Z7,HSN 4819,INV/2025/98047,True,0
TXN-2025-00811,2025-05-06,20827.59,Gupta Steel & Hardware Corp,33EEEEE7004B8Z6,SAC 9965,INV/2025/33190,True,0
TXN-2025-00812,2025-01-14,15360.54,Tata Consultancy Services Ltd,33EEEEE4190F6Z8,HSN 5208,INV/2025/69291,True,0
TXN-2025-00813,2025-03-28,21311.53,Singhania Textiles Pvt Ltd,09CCCCC3512A7Z3,HSN 2710,INV/2025/55350,True,0
TXN-2025-00814,2025-03-22,10987.47,Infosys Limited,33EEEEE7004B8Z6,HSN 2710,INV/2025/85565,True,1
TXN-2025-00815,2025-05-15,250000.0,Sharma Logistics & Freight,09CCCCC4166B2Z8,CASH PAYMENT,INV/2025/43505,True,1
TXN-2025-00816,2025-04-24,22101.25,Kapur Electronics,09CCCCC1358C6Z1,HSN 7208,INV/2025/26770,True,0
TXN-2025-00817,2025-05-22,6803.27,Mehta Tech Solutions LLP,19DDDDD8663C4Z2,HSN 7208,INV/2025/40975,True,0
TXN-2025-00818,2025-01-28,11731.46,Apex Packaging Solutions,09CCCCC2077B7Z6,HSN 5208,INV/2025/27090,True,0
TXN-2025-00819,2025-03-06,7343.78,Singhania Textiles Pvt Ltd,09CCCCC3512A7Z3,SAC 9965,INV/2025/54704,True,0
TXN-2025-00820,2025-01-09,185000.0,Delhi Distribution Network,27BBBBB7929A7Z7,UNCLASSIFIED,INV/2025/10959,True,1
TXN-2025-00821,2025-02-05,11273.65,Infosys Limited,19DDDDD4479C8Z2,HSN 8471,INV/2025/68776,True,0
TXN-2025-00822,2025-03-03,38718.67,Chawla IT Services,09CCCCC3968F1Z2,HSN 4819,INV/2025/50698,True,0
TXN-2025-00823,2025-01-27,23076.48,Infosys Limited,19DDDDD4479C8Z2,SAC 9983,INV/2025/20953,True,0
TXN-2025-00824,2025-04-24,13264.07,Bharat Petroleum Dealer,33EEEEE8784B8Z9,HSN 8471,INV/2025/32372,True,0
TXN-2025-00825,2025-01-29,18840.32,Gupta Steel & Hardware Corp,33EEEEE7004B8Z6,HSN 5208,INV/2025/72177,True,0
TXN-2025-00826,2025-05-02,22695.59,Reliance Industries Ltd,07AAAAA9249B4Z5,SAC 9983,INV/2025/71141,True,0
TXN-2025-00827,2025-03-01,35552.5,Kapur Electronics,09CCCCC1358C6Z1,HSN 5208,INV/2025/34385,True,0
TXN-2025-00828,2025-06-13,26206.93,Chawla IT Services,09CCCCC3968F1Z2,HSN 4819,INV/2025/84719,True,0
TXN-2025-00829,2025-01-04,73608.03,Kapur Electronics,09CCCCC1358C6Z1,SAC 9983,INV/2025/50292,True,0
TXN-2025-00830,2025-04-09,33773.37,Chawla IT Services,09CCCCC3968F1Z2,HSN 8471,INV/2025/40818,True,0
TXN-2025-00831,2025-05-08,3323.86,Gupta Steel & Hardware Corp,33EEEEE7004B8Z6,HSN 2710,INV/2025/35895,True,0
TXN-2025-00832,2025-03-16,14871.7,Singhania Textiles Pvt Ltd,09CCCCC3512A7Z3,HSN 5208,INV/2025/25847,True,0
TXN-2025-00833,2025-06-13,30700.6,Mehta Tech Solutions LLP,19DDDDD8663C4Z2,HSN 4819,INV/2025/59459,True,0
TXN-2025-00834,2025-06-11,11381.59,Delhi Distribution Network,27BBBBB7929A7Z7,SAC 9983,INV/2025/15572,True,0
TXN-2025-00835,2025-02-09,3834.63,Mehta Tech Solutions LLP,19DDDDD8663C4Z2,SAC 9983,INV/2025/95161,True,0
TXN-2025-00836,2025-04-08,13908.69,Delhi Distribution Network,27BBBBB7929A7Z7,HSN 5208,INV/2025/29452,True,0
TXN-2025-00837,2025-02-13,8192.6,Singhania Textiles Pvt Ltd,09CCCCC3512A7Z3,HSN 5208,INV/2025/93831,True,0
TXN-2025-00838,2025-02-02,2242.1,Reliance Industries Ltd,07AAAAA9249B4Z5,HSN 5208,INV/2025/38858,True,0
TXN-2025-00839,2025-04-27,12084.0,Tata Consultancy Services Ltd,33EEEEE4190F6Z8,HSN 4819,INV/2025/99420,True,0
TXN-2025-00840,2025-06-12,31780.29,Singhania Textiles Pvt Ltd,09CCCCC3512A7Z3,HSN 7208,INV/2025/40912,True,0
TXN-2025-00841,2025-06-04,23679.41,Singhania Textiles Pvt Ltd,09CCCCC3512A7Z3,HSN 4819,INV/2025/67553,True,0
TXN-2025-00842,2025-01-19,23529.48,Tata Consultancy Services Ltd,33EEEEE4190F6Z8,SAC 9983,INV/2025/60589,True,0
TXN-2025-00843,2025-05-09,15336.07,Verma Stationery Traders,27BBBBB7617P4Z2,HSN 2710,INV/2025/44706,True,0
TXN-2025-00844,2025-03-21,5711.03,Global Enterprises,07AAAAA8603B9Z2,HSN 8471,INV/2025/73530,True,0
TXN-2025-00845,2025-05-14,35914.3,Gupta Steel & Hardware Corp,33EEEEE7004B8Z6,HSN 2710,INV/2025/12718,True,0
TXN-2025-00846,2025-02-22,11170.79,Aggarwal Auto Components,33EEEEE6382C7Z7,HSN 5208,INV/2025/75704,True,0
TXN-2025-00847,2025-03-19,8233.86,Delhi Distribution Network,27BBBBB7929A7Z7,SAC 9965,INV/2025/38697,True,0
TXN-2025-00848,2025-05-20,15506.19,Gupta Steel & Hardware Corp,33EEEEE7004B8Z6,SAC 9983,INV/2025/68328,True,0
TXN-2025-00849,2025-06-04,53660.87,Delhi Distribution Network,27BBBBB7929A7Z7,HSN 8471,INV/2025/85228,True,0
TXN-2025-00850,2025-03-24,20139.88,Verma Stationery Traders,27BBBBB7617P4Z2,SAC 9965,INV/2025/53235,True,0
TXN-2025-00851,2025-05-01,17776.52,Verma Stationery Traders,27BBBBB7617P4Z2,HSN 7208,INV/2025/37301,True,0
TXN-2025-00852,2025-02-15,6471.25,Tata Consultancy Services Ltd,33EEEEE4190F6Z8,SAC 9983,INV/2025/90920,True,0
TXN-2025-00853,2025-03-17,64104.38,Bharat Petroleum Dealer,33EEEEE8784B8Z9,SAC 9965,INV/2025/63854,True,0
TXN-2025-00854,2025-04-25,27631.64,Kapur Electronics,09CCCCC1358C6Z1,HSN 2710,INV/2025/24264,True,0
TXN-2025-00855,2025-04-28,49828.18,Global Enterprises,07AAAAA8603B9Z2,HSN 5208,INV/2025/30495,True,0
TXN-2025-00856,2025-04-15,58772.8,Verma Stationery Traders,27BBBBB7617P4Z2,HSN 2710,INV/2025/72719,True,0
TXN-2025-00857,2025-02-15,5177.64,Verma Stationery Traders,27BBBBB7617P4Z2,HSN 2710,INV/2025/92400,True,0
TXN-2025-00858,2025-04-09,27405.63,Mehta Tech Solutions LLP,19DDDDD8663C4Z2,HSN 7208,INV/2025/34667,True,0
TXN-2025-00859,2025-04-03,25335.36,Bharat Petroleum Dealer,33EEEEE8784B8Z9,HSN 4819,INV/2025/78998,True,0
TXN-2025-00860,2025-04-06,3144.07,Mehta Tech Solutions LLP,19DDDDD8663C4Z2,HSN 4819,INV/2025/78832,True,0
TXN-2025-00861,2025-06-09,17887.44,Global Enterprises,07AAAAA8603B9Z2,HSN 4819,INV/2025/84611,True,0
TXN-2025-00862,2025-06-19,9298.93,Verma Stationery Traders,27BBBBB7617P4Z2,HSN 4819,INV/2025/99591,True,0
TXN-2025-00863,2025-01-13,2718.52,Bharat Petroleum Dealer,33EEEEE8784B8Z9,HSN 2710,INV/2025/81410,True,0
TXN-2025-00864,2025-01-26,25331.63,Gupta Steel & Hardware Corp,33EEEEE7004B8Z6,SAC 9965,INV/2025/50689,True,0
TXN-2025-00865,2025-06-16,11414.62,Kapur Electronics,09CCCCC1358C6Z1,HSN 4819,INV/2025/58854,True,0
TXN-2025-00866,2025-01-26,12757.98,Global Enterprises,07AAAAA8603B9Z2,HSN 5208,INV/2025/33581,True,0
TXN-2025-00867,2025-02-10,24538.91,Verma Stationery Traders,27BBBBB7617P4Z2,HSN 8471,INV/2025/52251,True,0
TXN-2025-00868,2025-05-23,14269.26,Aggarwal Auto Components,33EEEEE6382C7Z7,HSN 7208,INV/2025/99504,True,0
TXN-2025-00869,2025-01-11,1500000.0,Singhania Textiles Pvt Ltd,09CCCCC3512A7Z3,HSN 7208,INV/2025/89462,True,1
TXN-2025-00870,2025-04-16,4917.6,Singhania Textiles Pvt Ltd,09CCCCC3512A7Z3,SAC 9983,INV/2025/26977,True,0
TXN-2025-00871,2025-01-22,250000.0,Delhi Distribution Network,27BBBBB7929A7Z7,CASH PAYMENT,INV/2025/84602,True,1
TXN-2025-00872,2025-01-08,10011.18,Gupta Steel & Hardware Corp,33EEEEE7004B8Z6,SAC 9983,INV/2025/40751,True,0
TXN-2025-00873,2025-01-17,5885.51,Chawla IT Services,09CCCCC3968F1Z2,HSN 4819,INV/2025/61471,True,0
TXN-2025-00874,2025-02-22,10001.14,Aggarwal Auto Components,33EEEEE6382C7Z7,HSN 8471,INV/2025/42097,True,0
TXN-2025-00875,2025-04-24,24435.68,Mehta Tech Solutions LLP,19DDDDD8663C4Z2,HSN 7208,INV/2025/98777,True,0
TXN-2025-00876,2025-05-19,4148.78,Infosys Limited,19DDDDD4479C8Z2,SAC 9965,INV/2025/35137,True,0
TXN-2025-00877,2025-06-27,23104.59,Aggarwal Auto Components,33EEEEE6382C7Z7,HSN 5208,INV/2025/37468,True,0
TXN-2025-00878,2025-03-29,9851.7,Global Enterprises,07AAAAA8603B9Z2,SAC 9983,INV/2025/61837,True,0
TXN-2025-00879,2025-05-22,59864.88,Gupta Steel & Hardware Corp,33EEEEE7004B8Z6,HSN 7208,INV/2025/66865,True,0
TXN-2025-00880,2025-06-08,23939.55,Global Enterprises,07AAAAA8603B9Z2,HSN 7208,INV/2025/71593,True,0
TXN-2025-00881,2025-02-24,185000.0,Reliance Industries Ltd,07AAAAA9249B4Z5,UNCLASSIFIED,INV/2025/79126,True,1
TXN-2025-00882,2025-03-31,25749.4,Delhi Distribution Network,27BBBBB7929A7Z7,SAC 9965,INV/2025/10058,True,0
TXN-2025-00883,2025-03-24,8804.03,Apex Packaging Solutions,09CCCCC2077B7Z6,HSN 7208,INV/2025/28161,True,0
TXN-2025-00884,2025-06-02,19586.92,Apex Packaging Solutions,09CCCCC2077B7Z6,SAC 9983,INV/2025/58805,True,0
TXN-2025-00885,2025-04-26,11442.88,Kapur Electronics,09CCCCC1358C6Z1,HSN 2710,INV/2025/66335,True,0
TXN-2025-00886,2025-04-07,8570.04,Tata Consultancy Services Ltd,33EEEEE4190F6Z8,HSN 7208,INV/2025/45213,True,0
TXN-2025-00887,2025-04-18,16427.36,Chawla IT Services,09CCCCC3968F1Z2,SAC 9983,INV/2025/21288,True,0
TXN-2025-00888,2025-01-02,12095.92,Reliance Industries Ltd,07AAAAA9249B4Z5,SAC 9983,INV/2025/66295,True,0
TXN-2025-00889,2025-01-02,39452.07,Sharma Logistics & Freight,09CCCCC4166B2Z8,HSN 8471,INV/2025/54593,True,0
TXN-2025-00890,2025-06-12,17175.55,Infosys Limited,19DDDDD4479C8Z2,HSN 7208,INV/2025/90178,True,0
TXN-2025-00891,2025-03-07,17609.28,Aggarwal Auto Components,33EEEEE6382C7Z7,HSN 2710,INV/2025/31626,True,0
TXN-2025-00892,2025-04-23,11673.2,Kapur Electronics,09CCCCC1358C6Z1,SAC 9965,INV/2025/19528,True,0
TXN-2025-00893,2025-03-05,37583.88,Infosys Limited,19DDDDD4479C8Z2,HSN 2710,INV/2025/31566,True,0
TXN-2025-00894,2025-02-28,2999.76,Kapur Electronics,09CCCCC1358C6Z1,HSN 7208,INV/2025/75948,True,0
TXN-2025-00895,2025-03-22,3022.41,Mehta Tech Solutions LLP,19DDDDD8663C4Z2,HSN 8471,INV/2025/39178,True,0
TXN-2025-00896,2025-06-17,5179.34,Delhi Distribution Network,27BBBBB7929A7Z7,SAC 9965,INV/2025/87023,True,0
TXN-2025-00897,2025-03-26,13566.66,Chawla IT Services,09CCCCC3968F1Z2,HSN 4819,INV/2025/97320,True,0
TXN-2025-00898,2025-05-11,2729.99,Gupta Steel & Hardware Corp,33EEEEE7004B8Z6,SAC 9965,INV/2025/63768,True,0
TXN-2025-00899,2025-02-01,5706.16,Singhania Textiles Pvt Ltd,09CCCCC3512A7Z3,SAC 9983,INV/2025/13683,True,0
TXN-2025-00900,2025-03-13,23122.73,Verma Stationery Traders,27BBBBB7617P4Z2,HSN 4819,INV/2025/89036,True,0
TXN-2025-00901,2025-02-13,20528.01,Reliance Industries Ltd,07AAAAA9249B4Z5,SAC 9983,INV/2025/75034,True,0
TXN-2025-00902,2025-05-10,4121.57,Verma Stationery Traders,27BBBBB7617P4Z2,HSN 4819,INV/2025/82517,True,0
TXN-2025-00903,2025-02-09,23424.26,Verma Stationery Traders,27BBBBB7617P4Z2,HSN 5208,INV/2025/82417,True,0
TXN-2025-00904,2025-03-24,46174.4,Infosys Limited,19DDDDD4479C8Z2,SAC 9965,INV/2025/79336,True,0
TXN-2025-00905,2025-02-17,74963.95,Apex Packaging Solutions,09CCCCC2077B7Z6,HSN 4819,INV/2025/41501,True,0
TXN-2025-00906,2025-02-28,15397.28,Gupta Steel & Hardware Corp,33EEEEE7004B8Z6,SAC 9983,INV/2025/25824,True,0
TXN-2025-00907,2025-06-03,16937.25,Sharma Logistics & Freight,09CCCCC4166B2Z8,SAC 9965,INV/2025/81015,True,0
TXN-2025-00908,2025-06-20,12330.7,Apex Packaging Solutions,09CCCCC2077B7Z6,HSN 5208,INV/2025/62314,True,0
TXN-2025-00909,2025-02-03,52193.3,Infosys Limited,19DDDDD4479C8Z2,HSN 2710,INV/2025/43905,True,0
TXN-2025-00910,2025-04-04,20414.62,Verma Stationery Traders,27BBBBB7617P4Z2,SAC 9965,INV/2025/58618,True,0
TXN-2025-00911,2025-04-21,6296.29,Global Enterprises,07AAAAA8603B9Z2,HSN 4819,INV/2025/99711,True,0
TXN-2025-00912,2025-02-04,26310.04,Bharat Petroleum Dealer,33EEEEE8784B8Z9,HSN 8471,INV/2025/49875,True,0
TXN-2025-00913,2025-06-21,8176.97,Singhania Textiles Pvt Ltd,09CCCCC3512A7Z3,HSN 5208,INV/2025/49874,True,0
TXN-2025-00914,2025-04-11,21546.91,Tata Consultancy Services Ltd,33EEEEE4190F6Z8,HSN 5208,INV/2025/86723,True,0
TXN-2025-00915,2025-03-06,4811.52,Tata Consultancy Services Ltd,33EEEEE4190F6Z8,HSN 7208,INV/2025/70234,True,0
TXN-2025-00916,2025-06-24,12197.16,Gupta Steel & Hardware Corp,33EEEEE7004B8Z6,HSN 8471,INV/2025/56483,True,0
TXN-2025-00917,2025-02-08,94563.7,Gupta Steel & Hardware Corp,33EEEEE7004B8Z6,HSN 8471,INV/2025/87224,True,0
TXN-2025-00918,2025-03-19,5127.89,Apex Packaging Solutions,09CCCCC2077B7Z6,HSN 5208,INV/2025/32644,True,0
TXN-2025-00919,2025-01-20,16162.73,Apex Packaging Solutions,09CCCCC2077B7Z6,SAC 9965,INV/2025/64700,True,0
TXN-2025-00920,2025-05-13,34067.5,Tata Consultancy Services Ltd,33EEEEE4190F6Z8,HSN 4819,INV/2025/61770,True,0
TXN-2025-00921,2025-03-23,11087.14,Mehta Tech Solutions LLP,19DDDDD8663C4Z2,HSN 2710,INV/2025/35383,True,0
TXN-2025-00922,2025-05-23,31764.92,Apex Packaging Solutions,09CCCCC2077B7Z6,HSN 8471,INV/2025/42569,True,0
TXN-2025-00923,2025-05-16,19533.88,Apex Packaging Solutions,09CCCCC2077B7Z6,HSN 8471,INV/2025/34757,True,0
TXN-2025-00924,2025-03-27,8182.28,Bharat Petroleum Dealer,33EEEEE8784B8Z9,HSN 2710,INV/2025/78213,True,0
TXN-2025-00925,2025-01-23,7102.06,Verma Stationery Traders,27BBBBB7617P4Z2,SAC 9983,INV/2025/67930,True,0
TXN-2025-00926,2025-05-12,15729.18,Kapur Electronics,09CCCCC1358C6Z1,SAC 9965,INV/2025/67962,True,0
TXN-2025-00927,2025-01-07,3183.98,Global Enterprises,07AAAAA8603B9Z2,SAC 9983,INV/2025/98048,True,0
TXN-2025-00928,2025-06-02,4788.96,Reliance Industries Ltd,07AAAAA9249B4Z5,HSN 7208,INV/2025/64359,True,0
TXN-2025-00929,2025-02-05,15651.39,Apex Packaging Solutions,09CCCCC2077B7Z6,HSN 5208,INV/2025/54240,True,0
TXN-2025-00930,2025-06-07,5029.47,Tata Consultancy Services Ltd,33EEEEE4190F6Z8,HSN 5208,INV/2025/48399,True,0
TXN-2025-00931,2025-05-31,10926.23,Singhania Textiles Pvt Ltd,09CCCCC3512A7Z3,HSN 7208,INV/2025/76489,True,0
TXN-2025-00932,2025-03-06,5042.45,Aggarwal Auto Components,33EEEEE6382C7Z7,HSN 7208,INV/2025/12482,True,0
TXN-2025-00933,2025-03-16,36400.28,Gupta Steel & Hardware Corp,33EEEEE7004B8Z6,HSN 4819,INV/2025/20833,True,0
TXN-2025-00934,2025-02-06,27503.85,Chawla IT Services,09CCCCC3968F1Z2,HSN 2710,INV/2025/44379,True,0
TXN-2025-00935,2025-06-24,19180.63,Bharat Petroleum Dealer,33EEEEE8784B8Z9,SAC 9965,INV/2025/77581,True,0
TXN-2025-00936,2025-03-10,15562.9,Singhania Textiles Pvt Ltd,09CCCCC3512A7Z3,HSN 2710,INV/2025/36826,True,0
TXN-2025-00937,2025-02-24,8708.09,Reliance Industries Ltd,07AAAAA9249B4Z5,HSN 7208,INV/2025/17267,True,0
TXN-2025-00938,2025-05-02,5278.4,Delhi Distribution Network,27BBBBB7929A7Z7,HSN 7208,INV/2025/73727,True,0
TXN-2025-00939,2025-03-16,73365.95,Sharma Logistics & Freight,09CCCCC4166B2Z8,SAC 9965,INV/2025/87106,True,0
TXN-2025-00940,2025-02-17,21922.06,Infosys Limited,19DDDDD4479C8Z2,SAC 9983,INV/2025/40304,True,0
TXN-2025-00941,2025-04-25,11732.49,Bharat Petroleum Dealer,33EEEEE8784B8Z9,HSN 2710,INV/2025/48043,True,0
TXN-2025-00942,2025-03-21,19102.77,Bharat Petroleum Dealer,33EEEEE8784B8Z9,HSN 7208,INV/2025/57590,True,0
TXN-2025-00943,2025-05-05,28826.78,Kapur Electronics,09CCCCC1358C6Z1,SAC 9983,INV/2025/75184,True,0
TXN-2025-00944,2025-05-11,38228.55,Aggarwal Auto Components,33EEEEE6382C7Z7,HSN 7208,INV/2025/18131,True,0
TXN-2025-00945,2025-05-30,500000.0,Apex Packaging Solutions,09CCCCC2077B7Z6,HSN 8471,INV/2025/75690,True,1
TXN-2025-00946,2025-06-23,24225.12,Apex Packaging Solutions,09CCCCC2077B7Z6,HSN 2710,INV/2025/92273,True,0
TXN-2025-00947,2025-02-07,6911.66,Sharma Logistics & Freight,07INVALIDGSTIN12,HSN 8471,INV/2025/81620,True,1
TXN-2025-00948,2025-04-13,14263.72,Reliance Industries Ltd,07AAAAA9249B4Z5,HSN 2710,INV/2025/93010,True,0
TXN-2025-00949,2025-04-17,20085.94,Mehta Tech Solutions LLP,19DDDDD8663C4Z2,SAC 9983,INV/2025/10126,True,0
TXN-2025-00950,2025-06-07,12522.44,Singhania Textiles Pvt Ltd,09CCCCC3512A7Z3,HSN 2710,INV/2025/61656,True,0
TXN-2025-00951,2025-04-11,14306.71,Bharat Petroleum Dealer,33EEEEE8784B8Z9,HSN 4819,INV/2025/27373,True,0
TXN-2025-00952,2025-02-01,1121.35,Aggarwal Auto Components,33EEEEE6382C7Z7,HSN 8471,INV/2025/15415,True,0
TXN-2025-00953,2025-04-13,51400.32,Reliance Industries Ltd,07AAAAA9249B4Z5,HSN 4819,INV/2025/40253,True,0
TXN-2025-00954,2025-06-13,11755.85,Infosys Limited,19DDDDD4479C8Z2,SAC 9965,INV/2025/92001,True,0
TXN-2025-00955,2025-04-18,53225.71,Gupta Steel & Hardware Corp,33EEEEE7004B8Z6,HSN 2710,INV/2025/17218,True,0
TXN-2025-00956,2025-03-04,28580.42,Bharat Petroleum Dealer,33EEEEE8784B8Z9,HSN 2710,INV/2025/67923,True,0
TXN-2025-00957,2025-03-31,18601.09,Tata Consultancy Services Ltd,33EEEEE4190F6Z8,HSN 2710,INV/2025/10455,True,0
TXN-2025-00958,2025-03-31,68772.35,Singhania Textiles Pvt Ltd,09CCCCC3512A7Z3,HSN 2710,INV/2025/57624,True,0
TXN-2025-00959,2025-01-04,7667.94,Verma Stationery Traders,27BBBBB7617P4Z2,SAC 9983,INV/2025/79251,True,0
TXN-2025-00960,2025-04-13,123281.37,Bharat Petroleum Dealer,33EEEEE8784B8Z9,SAC 9965,INV/2025/23552,True,0
TXN-2025-00961,2025-05-11,14434.3,Bharat Petroleum Dealer,33EEEEE8784B8Z9,HSN 8471,INV/2025/99238,True,0
TXN-2025-00962,2025-04-14,3009.3,Bharat Petroleum Dealer,33EEEEE8784B8Z9,HSN 7208,INV/2025/92180,True,0
TXN-2025-00963,2025-01-05,7569.86,Aggarwal Auto Components,33EEEEE6382C7Z7,HSN 8471,INV/2025/16267,True,0
TXN-2025-00964,2025-02-26,14733.75,Tata Consultancy Services Ltd,33EEEEE4190F6Z8,SAC 9965,INV/2025/63395,True,0
TXN-2025-00965,2025-04-01,3086.04,Singhania Textiles Pvt Ltd,09CCCCC3512A7Z3,HSN 2710,INV/2025/70414,True,0
TXN-2025-00966,2025-02-27,11950.9,Gupta Steel & Hardware Corp,33EEEEE7004B8Z6,SAC 9965,INV/2025/12429,True,0
TXN-2025-00967,2025-02-28,9213.8,Infosys Limited,19DDDDD4479C8Z2,SAC 9965,INV/2025/56653,True,0
TXN-2025-00968,2025-02-09,7516.22,Aggarwal Auto Components,33EEEEE6382C7Z7,SAC 9965,INV/2025/62430,True,0
TXN-2025-00969,2025-06-19,8530.95,Chawla IT Services,09CCCCC3968F1Z2,SAC 9965,INV/2025/40033,True,0
TXN-2025-00970,2025-01-27,7064.74,Gupta Steel & Hardware Corp,33EEEEE7004B8Z6,HSN 5208,INV/2025/28429,True,0
TXN-2025-00971,2025-04-07,15705.89,Apex Packaging Solutions,09CCCCC2077B7Z6,HSN 5208,INV/2025/84674,True,0
TXN-2025-00972,2025-01-22,16756.52,Verma Stationery Traders,27BBBBB7617P4Z2,HSN 8471,INV/2025/18790,True,0
TXN-2025-00973,2025-06-17,11973.55,Tata Consultancy Services Ltd,33EEEEE4190F6Z8,HSN 8471,INV/2025/99364,True,0
TXN-2025-00974,2025-03-20,14070.81,Tata Consultancy Services Ltd,33EEEEE4190F6Z8,HSN 7208,INV/2025/82216,True,0
TXN-2025-00975,2025-04-30,17106.75,Apex Packaging Solutions,09CCCCC2077B7Z6,HSN 7208,INV/2025/30716,True,0
TXN-2025-00976,2025-01-26,21075.54,Chawla IT Services,09CCCCC3968F1Z2,HSN 8471,INV/2025/23525,True,0
TXN-2025-00977,2025-02-19,16032.05,Aggarwal Auto Components,33EEEEE6382C7Z7,HSN 4819,INV/2025/67412,True,0
TXN-2025-00978,2025-05-10,59904.26,Bharat Petroleum Dealer,33EEEEE8784B8Z9,SAC 9965,INV/2025/66768,True,0
TXN-2025-00979,2025-01-30,52917.94,Verma Stationery Traders,27BBBBB7617P4Z2,HSN 7208,INV/2025/60881,True,0
TXN-2025-00980,2025-01-13,5769.94,Singhania Textiles Pvt Ltd,09CCCCC3512A7Z3,HSN 4819,INV/2025/12897,True,0
TXN-2025-00981,2025-03-13,5697.45,Apex Packaging Solutions,09CCCCC2077B7Z6,HSN 2710,INV/2025/95910,True,0
TXN-2025-00982,2025-02-11,5837.2,Infosys Limited,19DDDDD4479C8Z2,SAC 9983,INV/2025/92503,True,0
TXN-2025-00983,2025-04-30,24869.13,Global Enterprises,07AAAAA8603B9Z2,SAC 9983,INV/2025/66970,True,0
TXN-2025-00984,2025-04-26,8263.65,Bharat Petroleum Dealer,33EEEEE8784B8Z9,HSN 2710,INV/2025/85570,True,0
TXN-2025-00985,2025-02-15,34621.21,Reliance Industries Ltd,07AAAAA9249B4Z5,HSN 8471,INV/2025/17964,True,0
TXN-2025-00986,2025-03-08,120000.0,Chawla IT Services,09CCCCC3968F1Z2,SAC 9983 (NO TDS),INV/2025/93343,False,1
TXN-2025-00987,2025-06-24,4219.98,Infosys Limited,19DDDDD4479C8Z2,HSN 2710,INV/2025/13227,True,0
TXN-2025-00988,2025-02-02,3331.5,Kapur Electronics,09CCCCC1358C6Z1,HSN 2710,INV/2025/65833,True,0
TXN-2025-00989,2025-06-23,3513.78,Apex Packaging Solutions,09CCCCC2077B7Z6,HSN 2710,INV/2025/97563,True,0
TXN-2025-00990,2025-01-15,9560.9,Gupta Steel & Hardware Corp,33EEEEE7004B8Z6,HSN 7208,INV/2025/18914,True,0
TXN-2025-00991,2025-06-26,69258.44,Delhi Distribution Network,27BBBBB7929A7Z7,SAC 9965,INV/2025/74618,True,0
TXN-2025-00992,2025-01-17,23816.45,Chawla IT Services,09CCCCC3968F1Z2,HSN 2710,INV/2025/15492,True,0
TXN-2025-00993,2025-02-01,14797.32,Delhi Distribution Network,27BBBBB7929A7Z7,HSN 5208,INV/2025/12001,True,0
TXN-2025-00994,2025-06-23,7534.51,Sharma Logistics & Freight,09CCCCC2077B7Z6,HSN 4819,INV/2025/97563,True,1
TXN-2025-00995,2025-02-01,10197.73,Infosys Limited,19DDDDD4479C8Z2,HSN 2710,INV/2025/28687,True,0
TXN-2025-00996,2025-04-24,7118.67,Mehta Tech Solutions LLP,19DDDDD8663C4Z2,HSN 8471,INV/2025/39221,True,0
TXN-2025-00997,2025-04-14,9670.21,Reliance Industries Ltd,07AAAAA9249B4Z5,HSN 2710,INV/2025/93739,True,0
TXN-2025-00998,2025-03-06,15658.76,Aggarwal Auto Components,33EEEEE6382C7Z7,HSN 5208,INV/2025/94752,True,0
TXN-2025-00999,2025-04-10,22400.42,Gupta Steel & Hardware Corp,33EEEEE7004B8Z6,HSN 5208,INV/2025/90763,True,0
TXN-2025-01000,2025-06-30,120000.0,Singhania Textiles Pvt Ltd,09CCCCC3512A7Z3,SAC 9983 (NO TDS),INV/2025/37076,False,1
TXN-2025-01001,2025-03-09,22500.7,Tata Consultancy Services Ltd,33EEEEE4190F6Z8,HSN 2710,INV/2025/76822,True,0
TXN-2025-01002,2025-02-08,12583.92,Gupta Steel & Hardware Corp,33EEEEE7004B8Z6,HSN 7208,INV/2025/90614,True,0
TXN-2025-01003,2025-03-27,9821.72,Kapur Electronics,09CCCCC1358C6Z1,SAC 9983,INV/2025/40246,True,0
TXN-2025-01004,2025-01-21,18959.69,Global Enterprises,07AAAAA8603B9Z2,SAC 9965,INV/2025/60212,True,0
TXN-2025-01005,2025-03-26,8890.64,Global Enterprises,07AAAAA8603B9Z2,HSN 2710,INV/2025/22684,True,0
TXN-2025-01006,2025-01-19,14281.33,Chawla IT Services,09CCCCC3968F1Z2,HSN 5208,INV/2025/87991,True,0
TXN-2025-01007,2025-06-30,13146.01,Verma Stationery Traders,27BBBBB7617P4Z2,HSN 7208,INV/2025/64328,True,0
TXN-2025-01008,2025-06-25,30925.94,Tata Consultancy Services Ltd,33EEEEE4190F6Z8,HSN 5208,INV/2025/87522,True,0
TXN-2025-01009,2025-05-12,12534.94,Verma Stationery Traders,27BBBBB7617P4Z2,HSN 4819,INV/2025/39677,True,0
TXN-2025-01010,2025-04-09,17762.05,Infosys Limited,19DDDDD4479C8Z2,SAC 9983,INV/2025/47618,True,0
TXN-2025-01011,2025-05-10,5884.13,Gupta Steel & Hardware Corp,33EEEEE7004B8Z6,HSN 4819,INV/2025/53179,True,0
TXN-2025-01012,2025-04-10,11141.95,Reliance Industries Ltd,07AAAAA9249B4Z5,HSN 7208,INV/2025/50758,True,0
TXN-2025-01013,2025-06-30,37939.35,Bharat Petroleum Dealer,33EEEEE8784B8Z9,HSN 2710,INV/2025/56525,True,0
TXN-2025-01014,2025-04-05,39619.46,Bharat Petroleum Dealer,33EEEEE8784B8Z9,HSN 4819,INV/2025/25640,True,0
TXN-2025-01015,2025-01-05,23085.29,Tata Consultancy Services Ltd,33EEEEE4190F6Z8,SAC 9965,INV/2025/83212,True,0
TXN-2025-01016,2025-05-04,8678.68,Singhania Textiles Pvt Ltd,09CCCCC3512A7Z3,SAC 9983,INV/2025/44034,True,0
TXN-2025-01017,2025-03-11,7018.36,Delhi Distribution Network,27BBBBB7929A7Z7,HSN 4819,INV/2025/11113,True,0
TXN-2025-01018,2025-02-20,6909.51,Delhi Distribution Network,27BBBBB7929A7Z7,SAC 9983,INV/2025/72968,True,0
TXN-2025-01019,2025-04-23,8580.27,Reliance Industries Ltd,07AAAAA9249B4Z5,HSN 7208,INV/2025/20704,True,0
TXN-2025-01020,2025-01-24,17943.51,Bharat Petroleum Dealer,33EEEEE8784B8Z9,HSN 8471,INV/2025/76787,True,0
TXN-2025-01021,2025-05-29,7522.05,Apex Packaging Solutions,09CCCCC2077B7Z6,SAC 9965,INV/2025/21167,True,0
TXN-2025-01022,2025-02-18,5869.15,Apex Packaging Solutions,09CCCCC2077B7Z6,HSN 5208,INV/2025/93197,True,0
TXN-2025-01023,2025-06-29,5177.2,Infosys Limited,19DDDDD4479C8Z2,HSN 7208,INV/2025/12602,True,0
TXN-2025-01024,2025-01-24,7464.33,Bharat Petroleum Dealer,33EEEEE8784B8Z9,HSN 4819,INV/2025/30248,True,0
TXN-2025-01025,2025-04-13,2534.08,Aggarwal Auto Components,33EEEEE6382C7Z7,HSN 7208,INV/2025/62745,True,0
TXN-2025-01026,2025-01-06,3990.57,Delhi Distribution Network,27BBBBB7929A7Z7,SAC 9965,INV/2025/27798,True,0
TXN-2025-01027,2025-02-26,6098.15,Verma Stationery Traders,27BBBBB7617P4Z2,HSN 8471,INV/2025/28977,True,0
TXN-2025-01028,2025-02-21,10154.37,Aggarwal Auto Components,33EEEEE6382C7Z7,HSN 7208,INV/2025/12025,True,0
TXN-2025-01029,2025-01-05,120000.0,Tata Consultancy Services Ltd,33EEEEE4190F6Z8,SAC 9983 (NO TDS),INV/2025/25914,False,1
TXN-2025-01030,2025-03-19,24972.61,Mehta Tech Solutions LLP,19DDDDD8663C4Z2,SAC 9965,INV/2025/47893,True,0
TXN-2025-01031,2025-02-02,15868.68,Bharat Petroleum Dealer,33EEEEE8784B8Z9,HSN 7208,INV/2025/64186,True,0
TXN-2025-01032,2025-05-13,3723.38,Chawla IT Services,09CCCCC3968F1Z2,HSN 5208,INV/2025/76090,True,0
TXN-2025-01033,2025-04-09,8826.57,Mehta Tech Solutions LLP,19DDDDD8663C4Z2,HSN 5208,INV/2025/94997,True,0
TXN-2025-01034,2025-04-06,22253.61,Sharma Logistics & Freight,09CCCCC4166B2Z8,SAC 9983,INV/2025/82530,True,0
TXN-2025-01035,2025-02-01,37138.29,Mehta Tech Solutions LLP,19DDDDD8663C4Z2,SAC 9965,INV/2025/97338,True,0
TXN-2025-01036,2025-02-28,2066.3,Chawla IT Services,09CCCCC3968F1Z2,HSN 4819,INV/2025/30359,True,0
TXN-2025-01037,2025-02-06,39849.6,Aggarwal Auto Components,33EEEEE6382C7Z7,SAC 9983,INV/2025/83690,True,0
TXN-2025-01038,2025-03-28,11606.02,Mehta Tech Solutions LLP,19DDDDD8663C4Z2,SAC 9965,INV/2025/91457,True,0
TXN-2025-01039,2025-06-28,27809.25,Kapur Electronics,09CCCCC1358C6Z1,HSN 2710,INV/2025/23952,True,0
TXN-2025-01040,2025-02-15,8444.98,Tata Consultancy Services Ltd,33EEEEE4190F6Z8,HSN 5208,INV/2025/94004,True,0
TXN-2025-01041,2025-02-26,12743.86,Kapur Electronics,09CCCCC1358C6Z1,HSN 7208,INV/2025/55616,True,0
TXN-2025-01042,2025-06-28,5079.27,Mehta Tech Solutions LLP,19DDDDD8663C4Z2,HSN 8471,INV/2025/46663,True,0
TXN-2025-01043,2025-05-06,14349.55,Singhania Textiles Pvt Ltd,07INVALIDGSTIN12,HSN 5208,INV/2025/29817,True,1
TXN-2025-01044,2025-06-23,46109.14,Infosys Limited,19DDDDD4479C8Z2,SAC 9965,INV/2025/54947,True,0
TXN-2025-01045,2025-01-15,38244.32,Infosys Limited,19DDDDD4479C8Z2,HSN 7208,INV/2025/25797,True,0
TXN-2025-01046,2025-05-01,25958.08,Global Enterprises,07AAAAA8603B9Z2,HSN 7208,INV/2025/12610,True,0
TXN-2025-01047,2025-02-28,7000.86,Bharat Petroleum Dealer,33EEEEE8784B8Z9,HSN 5208,INV/2025/32231,True,0
TXN-2025-01048,2025-04-17,10996.55,Global Enterprises,07AAAAA8603B9Z2,HSN 2710,INV/2025/34536,True,0
TXN-2025-01049,2025-05-17,8340.67,Verma Stationery Traders,27BBBBB7617P4Z2,HSN 4819,INV/2025/25930,True,0
TXN-2025-01050,2025-01-15,17606.33,Reliance Industries Ltd,19DDDDD4479C8Z2,HSN 4819,INV/2025/25797,True,1
TXN-2025-01051,2025-06-17,29368.16,Chawla IT Services,09CCCCC3968F1Z2,HSN 4819,INV/2025/40115,True,0
TXN-2025-01052,2025-01-14,5181.56,Apex Packaging Solutions,09CCCCC2077B7Z6,HSN 7208,INV/2025/48282,True,0
TXN-2025-01053,2025-05-15,8693.67,Delhi Distribution Network,27BBBBB7929A7Z7,HSN 5208,INV/2025/42541,True,0
TXN-2025-01054,2025-06-01,28131.93,Verma Stationery Traders,27BBBBB7617P4Z2,SAC 9965,INV/2025/95679,True,0
TXN-2025-01055,2025-01-10,32335.32,Apex Packaging Solutions,09CCCCC2077B7Z6,HSN 8471,INV/2025/25223,True,0
TXN-2025-01056,2025-06-04,5063.51,Mehta Tech Solutions LLP,19DDDDD8663C4Z2,HSN 7208,INV/2025/56046,True,0
TXN-2025-01057,2025-06-08,12540.72,Kapur Electronics,09CCCCC1358C6Z1,HSN 4819,INV/2025/17730,True,0
TXN-2025-01058,2025-02-12,36019.3,Kapur Electronics,09CCCCC1358C6Z1,HSN 8471,INV/2025/22482,True,0
TXN-2025-01059,2025-02-09,35822.3,Tata Consultancy Services Ltd,33EEEEE4190F6Z8,HSN 2710,INV/2025/39237,True,0
TXN-2025-01060,2025-05-16,9955.46,Singhania Textiles Pvt Ltd,09CCCCC3512A7Z3,HSN 2710,INV/2025/48166,True,0
TXN-2025-01061,2025-04-08,31718.05,Apex Packaging Solutions,09CCCCC2077B7Z6,SAC 9965,INV/2025/38947,True,0
TXN-2025-01062,2025-03-24,17966.53,Sharma Logistics & Freight,09CCCCC4166B2Z8,HSN 5208,INV/2025/60840,True,0
TXN-2025-01063,2025-01-01,6197.99,Aggarwal Auto Components,33EEEEE6382C7Z7,HSN 2710,INV/2025/61502,True,0
TXN-2025-01064,2025-05-17,51698.11,Singhania Textiles Pvt Ltd,09CCCCC3512A7Z3,SAC 9965,INV/2025/57116,True,0
TXN-2025-01065,2025-05-25,9615.94,Chawla IT Services,09CCCCC3968F1Z2,HSN 7208,INV/2025/56307,True,0
TXN-2025-01066,2025-05-26,12146.86,Delhi Distribution Network,27BBBBB7929A7Z7,HSN 2710,INV/2025/71357,True,0
TXN-2025-01067,2025-01-23,3765.25,Singhania Textiles Pvt Ltd,09CCCCC3512A7Z3,SAC 9965,INV/2025/68574,True,0
TXN-2025-01068,2025-06-18,8970.36,Infosys Limited,19DDDDD4479C8Z2,HSN 5208,INV/2025/88891,True,0
TXN-2025-01069,2025-02-26,7534.5,Mehta Tech Solutions LLP,19DDDDD8663C4Z2,SAC 9965,INV/2025/40410,True,0
TXN-2025-01070,2025-05-04,3214.57,Mehta Tech Solutions LLP,19DDDDD8663C4Z2,HSN 5208,INV/2025/57794,True,0
TXN-2025-01071,2025-05-20,18920.86,Apex Packaging Solutions,09CCCCC2077B7Z6,HSN 8471,INV/2025/43148,True,0
TXN-2025-01072,2025-03-26,7534.47,Reliance Industries Ltd,07AAAAA9249B4Z5,SAC 9965,INV/2025/88888,True,0
TXN-2025-01073,2025-04-22,28035.26,Infosys Limited,19DDDDD4479C8Z2,SAC 9983,INV/2025/65177,True,0
TXN-2025-01074,2025-04-27,10510.24,Verma Stationery Traders,27BBBBB7617P4Z2,SAC 9965,INV/2025/12766,True,0
TXN-2025-01075,2025-06-09,33002.11,Chawla IT Services,09CCCCC3968F1Z2,HSN 2710,INV/2025/55863,True,0
TXN-2025-01076,2025-03-20,13957.72,Sharma Logistics & Freight,09CCCCC4166B2Z8,HSN 2710,INV/2025/42863,True,0
TXN-2025-01077,2025-05-23,11484.97,Infosys Limited,19DDDDD4479C8Z2,SAC 9965,INV/2025/81291,True,0
TXN-2025-01078,2025-03-14,120000.0,Singhania Textiles Pvt Ltd,09CCCCC3512A7Z3,SAC 9983 (NO TDS),INV/2025/67582,False,1
TXN-2025-01079,2025-04-22,6779.64,Global Enterprises,07AAAAA8603B9Z2,HSN 8471,INV/2025/90461,True,0
TXN-2025-01080,2025-01-24,8971.43,Bharat Petroleum Dealer,33EEEEE8784B8Z9,HSN 7208,INV/2025/53658,True,0
TXN-2025-01081,2025-05-06,185000.0,Apex Packaging Solutions,09CCCCC2077B7Z6,UNCLASSIFIED,INV/2025/49899,True,1
TXN-2025-01082,2025-04-22,25626.12,Reliance Industries Ltd,07AAAAA9249B4Z5,HSN 4819,INV/2025/86894,True,0
TXN-2025-01083,2025-05-30,12020.93,Bharat Petroleum Dealer,33EEEEE8784B8Z9,SAC 9965,INV/2025/56630,True,0
TXN-2025-01084,2025-03-04,12440.81,Delhi Distribution Network,27BBBBB7929A7Z7,SAC 9965,INV/2025/28631,True,0
TXN-2025-01085,2025-01-08,4467.72,Mehta Tech Solutions LLP,19DDDDD8663C4Z2,SAC 9983,INV/2025/81473,True,0
TXN-2025-01086,2025-03-13,8975.67,Reliance Industries Ltd,07AAAAA9249B4Z5,HSN 2710,INV/2025/25044,True,0
TXN-2025-01087,2025-04-29,8719.95,Global Enterprises,07AAAAA8603B9Z2,SAC 9965,INV/2025/51855,True,0
TXN-2025-01088,2025-02-19,4620.77,Bharat Petroleum Dealer,33EEEEE8784B8Z9,HSN 4819,INV/2025/94314,True,0
TXN-2025-01089,2025-05-10,34722.7,Infosys Limited,19DDDDD4479C8Z2,HSN 8471,INV/2025/37537,True,0
TXN-2025-01090,2025-03-15,11355.51,Infosys Limited,19DDDDD4479C8Z2,SAC 9983,INV/2025/13663,True,0
TXN-2025-01091,2025-04-21,12095.96,Verma Stationery Traders,27BBBBB7617P4Z2,HSN 4819,INV/2025/61312,True,0
TXN-2025-01092,2025-05-26,24879.49,Apex Packaging Solutions,09CCCCC2077B7Z6,HSN 2710,INV/2025/29853,True,0
TXN-2025-01093,2025-05-11,6393.97,Verma Stationery Traders,27BBBBB7617P4Z2,SAC 9965,INV/2025/95270,True,0
TXN-2025-01094,2025-01-02,23060.86,Verma Stationery Traders,27BBBBB7617P4Z2,HSN 8471,INV/2025/57295,True,0
TXN-2025-01095,2025-06-01,2181.66,Bharat Petroleum Dealer,33EEEEE8784B8Z9,HSN 2710,INV/2025/85109,True,0
TXN-2025-01096,2025-02-27,8419.8,Delhi Distribution Network,27BBBBB7929A7Z7,HSN 4819,INV/2025/67130,True,0
TXN-2025-01097,2025-02-23,2672.14,Mehta Tech Solutions LLP,19DDDDD8663C4Z2,HSN 5208,INV/2025/69000,True,0
TXN-2025-01098,2025-06-03,35852.02,Sharma Logistics & Freight,09CCCCC4166B2Z8,SAC 9965,INV/2025/68937,True,0
TXN-2025-01099,2025-02-10,24160.49,Tata Consultancy Services Ltd,33EEEEE4190F6Z8,HSN 8471,INV/2025/86911,True,0
TXN-2025-01100,2025-04-28,7996.43,Bharat Petroleum Dealer,33EEEEE8784B8Z9,HSN 8471,INV/2025/51735,True,0
TXN-2025-01101,2025-06-18,13417.38,Bharat Petroleum Dealer,33EEEEE8784B8Z9,SAC 9965,INV/2025/37343,True,0
TXN-2025-01102,2025-05-05,6755.44,Aggarwal Auto Components,33EEEEE6382C7Z7,HSN 7208,INV/2025/49054,True,0
TXN-2025-01103,2025-03-11,18580.16,Sharma Logistics & Freight,09CCCCC4166B2Z8,SAC 9965,INV/2025/49670,True,0
TXN-2025-01104,2025-01-28,24799.59,Apex Packaging Solutions,09CCCCC2077B7Z6,SAC 9983,INV/2025/10324,True,0
TXN-2025-01105,2025-06-09,8194.69,Tata Consultancy Services Ltd,33EEEEE4190F6Z8,HSN 7208,INV/2025/19241,True,0
TXN-2025-01106,2025-03-31,18191.13,Apex Packaging Solutions,09CCCCC2077B7Z6,SAC 9983,INV/2025/88123,True,0
TXN-2025-01107,2025-03-26,6739.36,Infosys Limited,19DDDDD4479C8Z2,HSN 5208,INV/2025/11730,True,0
TXN-2025-01108,2025-02-08,10273.26,Global Enterprises,07AAAAA8603B9Z2,SAC 9965,INV/2025/45164,True,0
TXN-2025-01109,2025-01-06,15924.1,Delhi Distribution Network,27BBBBB7929A7Z7,SAC 9965,INV/2025/88654,True,0
TXN-2025-01110,2025-02-03,24638.46,Aggarwal Auto Components,33EEEEE6382C7Z7,HSN 5208,INV/2025/21755,True,0
TXN-2025-01111,2025-06-21,7884.12,Verma Stationery Traders,27BBBBB7617P4Z2,SAC 9983,INV/2025/89891,True,0
TXN-2025-01112,2025-03-04,12254.8,Delhi Distribution Network,27BBBBB7929A7Z7,SAC 9983,INV/2025/85023,True,0
TXN-2025-01113,2025-03-28,19180.18,Aggarwal Auto Components,33EEEEE6382C7Z7,HSN 7208,INV/2025/54694,True,0
TXN-2025-01114,2025-03-13,24760.12,Infosys Limited,19DDDDD4479C8Z2,HSN 5208,INV/2025/59161,True,0
TXN-2025-01115,2025-04-04,41062.66,Tata Consultancy Services Ltd,33EEEEE4190F6Z8,HSN 8471,INV/2025/90960,True,0
TXN-2025-01116,2025-06-06,11721.84,Kapur Electronics,09CCCCC1358C6Z1,HSN 8471,INV/2025/83302,True,0
TXN-2025-01117,2025-06-08,62654.63,Delhi Distribution Network,27BBBBB7929A7Z7,SAC 9965,INV/2025/15876,True,0
TXN-2025-01118,2025-02-09,7079.94,Mehta Tech Solutions LLP,19DDDDD8663C4Z2,HSN 7208,INV/2025/42498,True,0
TXN-2025-01119,2025-01-11,26414.65,Apex Packaging Solutions,09CCCCC2077B7Z6,SAC 9983,INV/2025/52927,True,0
TXN-2025-01120,2025-03-04,48413.3,Mehta Tech Solutions LLP,19DDDDD8663C4Z2,HSN 5208,INV/2025/60131,True,0
TXN-2025-01121,2025-06-05,59435.82,Kapur Electronics,09CCCCC1358C6Z1,HSN 5208,INV/2025/48904,True,0
TXN-2025-01122,2025-04-28,12310.49,Apex Packaging Solutions,09CCCCC2077B7Z6,HSN 7208,INV/2025/85767,True,0
TXN-2025-01123,2025-05-02,5781.34,Bharat Petroleum Dealer,33EEEEE8784B8Z9,HSN 7208,INV/2025/93676,True,0
TXN-2025-01124,2025-04-25,3966.21,Sharma Logistics & Freight,09CCCCC4166B2Z8,SAC 9983,INV/2025/85233,True,0
TXN-2025-01125,2025-03-26,9529.11,Kapur Electronics,09CCCCC1358C6Z1,HSN 7208,INV/2025/98148,True,0
TXN-2025-01126,2025-04-17,3089.17,Chawla IT Services,09CCCCC3968F1Z2,HSN 8471,INV/2025/28343,True,0
TXN-2025-01127,2025-02-19,7154.13,Verma Stationery Traders,27BBBBB7617P4Z2,HSN 8471,INV/2025/70863,True,0
TXN-2025-01128,2025-02-12,3131.67,Aggarwal Auto Components,33EEEEE6382C7Z7,SAC 9965,INV/2025/94166,True,0
TXN-2025-01129,2025-03-20,17549.98,Singhania Textiles Pvt Ltd,09CCCCC3512A7Z3,SAC 9983,INV/2025/10486,True,0
TXN-2025-01130,2025-02-10,32658.58,Infosys Limited,19DDDDD4479C8Z2,HSN 7208,INV/2025/65655,True,0
TXN-2025-01131,2025-05-20,11819.85,Aggarwal Auto Components,33EEEEE6382C7Z7,HSN 7208,INV/2025/73839,True,0
TXN-2025-01132,2025-05-18,43123.29,Kapur Electronics,09CCCCC1358C6Z1,SAC 9983,INV/2025/64924,True,0
TXN-2025-01133,2025-03-26,10215.84,Sharma Logistics & Freight,09CCCCC4166B2Z8,HSN 5208,INV/2025/14709,True,0
TXN-2025-01134,2025-04-15,22355.32,Tata Consultancy Services Ltd,33EEEEE4190F6Z8,HSN 7208,INV/2025/10256,True,0
TXN-2025-01135,2025-05-03,6250.16,Sharma Logistics & Freight,09CCCCC4166B2Z8,SAC 9983,INV/2025/69324,True,0
TXN-2025-01136,2025-05-20,16185.42,Bharat Petroleum Dealer,33EEEEE6382C7Z7,SAC 9983,INV/2025/73839,True,1
TXN-2025-01137,2025-06-11,1500000.0,Reliance Industries Ltd,07AAAAA9249B4Z5,SAC 9983,INV/2025/68846,True,1
TXN-2025-01138,2025-05-31,17825.42,Tata Consultancy Services Ltd,33EEEEE4190F6Z8,HSN 7208,INV/2025/50683,True,0
TXN-2025-01139,2025-03-08,31132.54,Tata Consultancy Services Ltd,33EEEEE4190F6Z8,HSN 8471,INV/2025/22056,True,0
TXN-2025-01140,2025-05-06,15331.26,Sharma Logistics & Freight,09CCCCC4166B2Z8,SAC 9965,INV/2025/49428,True,0
TXN-2025-01141,2025-02-17,14508.44,Global Enterprises,07AAAAA8603B9Z2,HSN 2710,INV/2025/57914,True,0
TXN-2025-01142,2025-03-21,15511.51,Reliance Industries Ltd,07AAAAA9249B4Z5,HSN 2710,INV/2025/94169,True,0
TXN-2025-01143,2025-03-19,35707.41,Verma Stationery Traders,27BBBBB7617P4Z2,HSN 8471,INV/2025/44059,True,0
TXN-2025-01144,2025-01-23,18517.92,Gupta Steel & Hardware Corp,33EEEEE7004B8Z6,HSN 5208,INV/2025/66088,True,0
TXN-2025-01145,2025-06-08,19662.25,Tata Consultancy Services Ltd,33EEEEE4190F6Z8,SAC 9965,INV/2025/51338,True,0
TXN-2025-01146,2025-05-13,15961.86,Mehta Tech Solutions LLP,19DDDDD8663C4Z2,HSN 8471,INV/2025/72181,True,0
TXN-2025-01147,2025-03-10,34828.87,Reliance Industries Ltd,07AAAAA9249B4Z5,HSN 4819,INV/2025/51749,True,0
TXN-2025-01148,2025-04-11,2054.6,Sharma Logistics & Freight,09CCCCC4166B2Z8,HSN 4819,INV/2025/48823,True,0
TXN-2025-01149,2025-02-18,8147.07,Sharma Logistics & Freight,09CCCCC4166B2Z8,HSN 4819,INV/2025/72423,True,0
TXN-2025-01150,2025-01-14,14054.19,Gupta Steel & Hardware Corp,33EEEEE7004B8Z6,HSN 7208,INV/2025/51467,True,0
TXN-2025-01151,2025-02-18,15041.71,Kapur Electronics,09CCCCC1358C6Z1,HSN 2710,INV/2025/97726,True,0
TXN-2025-01152,2025-03-01,185000.0,Aggarwal Auto Components,33EEEEE6382C7Z7,UNCLASSIFIED,INV/2025/25634,True,1
TXN-2025-01153,2025-06-19,46973.98,Chawla IT Services,09CCCCC3968F1Z2,HSN 5208,INV/2025/62507,True,0
TXN-2025-01154,2025-06-18,15599.06,Apex Packaging Solutions,09CCCCC2077B7Z6,HSN 7208,INV/2025/33946,True,0
TXN-2025-01155,2025-04-05,8706.49,Reliance Industries Ltd,07AAAAA9249B4Z5,SAC 9965,INV/2025/80889,True,0
TXN-2025-01156,2025-04-17,41524.76,Aggarwal Auto Components,33EEEEE6382C7Z7,SAC 9983,INV/2025/13048,True,0
TXN-2025-01157,2025-03-16,28986.39,Aggarwal Auto Components,33EEEEE6382C7Z7,SAC 9983,INV/2025/51304,True,0
TXN-2025-01158,2025-03-29,4104.75,Kapur Electronics,09CCCCC1358C6Z1,SAC 9965,INV/2025/53559,True,0
TXN-2025-01159,2025-03-15,2314.35,Reliance Industries Ltd,07AAAAA9249B4Z5,SAC 9983,INV/2025/36159,True,0
TXN-2025-01160,2025-01-24,6674.8,Kapur Electronics,09CCCCC1358C6Z1,HSN 5208,INV/2025/41419,True,0
TXN-2025-01161,2025-06-05,26968.8,Chawla IT Services,09CCCCC3968F1Z2,HSN 5208,INV/2025/54725,True,0
TXN-2025-01162,2025-06-08,26204.49,Mehta Tech Solutions LLP,07INVALIDGSTIN12,SAC 9965,INV/2025/34449,True,1
TXN-2025-01163,2025-03-17,17713.97,Mehta Tech Solutions LLP,19DDDDD8663C4Z2,HSN 5208,INV/2025/33504,True,0
TXN-2025-01164,2025-04-01,26185.29,Infosys Limited,19DDDDD4479C8Z2,HSN 2710,INV/2025/82228,True,0
TXN-2025-01165,2025-06-12,11498.34,Apex Packaging Solutions,09CCCCC2077B7Z6,HSN 7208,INV/2025/45335,True,0
TXN-2025-01166,2025-03-26,500000.0,Mehta Tech Solutions LLP,19DDDDD8663C4Z2,HSN 2710,INV/2025/27176,True,1
TXN-2025-01167,2025-05-26,26806.22,Mehta Tech Solutions LLP,19DDDDD8663C4Z2,HSN 4819,INV/2025/17903,True,0
TXN-2025-01168,2025-01-22,6462.94,Global Enterprises,07AAAAA8603B9Z2,HSN 2710,INV/2025/85549,True,0
TXN-2025-01169,2025-03-09,12803.73,Infosys Limited,19DDDDD4479C8Z2,HSN 7208,INV/2025/78868,True,0
TXN-2025-01170,2025-06-12,14333.27,Global Enterprises,07AAAAA8603B9Z2,SAC 9965,INV/2025/74183,True,0
TXN-2025-01171,2025-03-26,26737.41,Tata Consultancy Services Ltd,33EEEEE4190F6Z8,HSN 4819,INV/2025/71032,True,0
TXN-2025-01172,2025-06-13,6269.6,Aggarwal Auto Components,33EEEEE6382C7Z7,HSN 4819,INV/2025/56208,True,0
TXN-2025-01173,2025-04-06,12681.76,Reliance Industries Ltd,07AAAAA9249B4Z5,HSN 2710,INV/2025/98593,True,0
TXN-2025-01174,2025-06-06,21316.49,Singhania Textiles Pvt Ltd,09CCCCC3512A7Z3,SAC 9965,INV/2025/82829,True,0
TXN-2025-01175,2025-02-03,9065.11,Mehta Tech Solutions LLP,19DDDDD8663C4Z2,SAC 9965,INV/2025/28436,True,0
TXN-2025-01176,2025-06-01,28383.91,Global Enterprises,07AAAAA8603B9Z2,HSN 4819,INV/2025/63036,True,0
TXN-2025-01177,2025-03-27,25063.34,Global Enterprises,07AAAAA8603B9Z2,HSN 4819,INV/2025/86828,True,0
TXN-2025-01178,2025-04-29,8489.01,Global Enterprises,07AAAAA8603B9Z2,HSN 8471,INV/2025/77633,True,0
TXN-2025-01179,2025-01-07,13164.61,Delhi Distribution Network,27BBBBB7929A7Z7,HSN 4819,INV/2025/47337,True,0
TXN-2025-01180,2025-04-06,15841.51,Apex Packaging Solutions,09CCCCC2077B7Z6,SAC 9983,INV/2025/29715,True,0
TXN-2025-01181,2025-04-26,13156.25,Bharat Petroleum Dealer,33EEEEE8784B8Z9,HSN 7208,INV/2025/66059,True,0
TXN-2025-01182,2025-05-09,5671.86,Gupta Steel & Hardware Corp,33EEEEE7004B8Z6,HSN 4819,INV/2025/57936,True,0
TXN-2025-01183,2025-02-24,7225.46,Kapur Electronics,09CCCCC1358C6Z1,SAC 9965,INV/2025/50673,True,0
TXN-2025-01184,2025-05-23,55613.42,Kapur Electronics,09CCCCC1358C6Z1,SAC 9983,INV/2025/84493,True,0
TXN-2025-01185,2025-03-23,9480.91,Verma Stationery Traders,27BBBBB7617P4Z2,HSN 4819,INV/2025/58871,True,0
TXN-2025-01186,2025-03-20,20648.62,Gupta Steel & Hardware Corp,33EEEEE7004B8Z6,HSN 5208,INV/2025/13585,True,0
TXN-2025-01187,2025-02-22,8892.51,Delhi Distribution Network,27BBBBB7929A7Z7,HSN 5208,INV/2025/17468,True,0
TXN-2025-01188,2025-06-30,2791.8,Gupta Steel & Hardware Corp,33EEEEE7004B8Z6,HSN 2710,INV/2025/42648,True,0
TXN-2025-01189,2025-06-24,70183.8,Gupta Steel & Hardware Corp,33EEEEE7004B8Z6,HSN 2710,INV/2025/12912,True,0
TXN-2025-01190,2025-01-29,250000.0,Kapur Electronics,09CCCCC1358C6Z1,CASH PAYMENT,INV/2025/28986,True,1
TXN-2025-01191,2025-06-08,14369.32,Kapur Electronics,09CCCCC1358C6Z1,HSN 8471,INV/2025/67128,True,0
TXN-2025-01192,2025-03-23,6678.56,Sharma Logistics & Freight,09CCCCC4166B2Z8,HSN 7208,INV/2025/78216,True,0
TXN-2025-01193,2025-03-15,9496.23,Apex Packaging Solutions,09CCCCC2077B7Z6,HSN 4819,INV/2025/56881,True,0
TXN-2025-01194,2025-01-23,12246.52,Chawla IT Services,09CCCCC3968F1Z2,HSN 5208,INV/2025/83203,True,0
TXN-2025-01195,2025-01-04,9144.47,Aggarwal Auto Components,33EEEEE6382C7Z7,SAC 9983,INV/2025/61897,True,0
TXN-2025-01196,2025-04-13,19349.59,Mehta Tech Solutions LLP,19DDDDD8663C4Z2,SAC 9965,INV/2025/75645,True,0
TXN-2025-01197,2025-03-24,52463.35,Global Enterprises,07AAAAA8603B9Z2,HSN 4819,INV/2025/84557,True,0
TXN-2025-01198,2025-03-03,10104.17,Verma Stationery Traders,27BBBBB7617P4Z2,HSN 5208,INV/2025/43104,True,0
TXN-2025-01199,2025-02-26,35914.35,Singhania Textiles Pvt Ltd,09CCCCC3512A7Z3,HSN 2710,INV/2025/78116,True,0
TXN-2025-01200,2025-06-09,7985.58,Bharat Petroleum Dealer,33EEEEE8784B8Z9,HSN 2710,INV/2025/13582,True,0
TXN-2025-01201,2025-03-30,18586.56,Global Enterprises,07AAAAA8603B9Z2,SAC 9965,INV/2025/48715,True,0
TXN-2025-01202,2025-05-24,8271.83,Kapur Electronics,09CCCCC1358C6Z1,HSN 4819,INV/2025/80077,True,0
TXN-2025-01203,2025-03-01,1500000.0,Singhania Textiles Pvt Ltd,09CCCCC3512A7Z3,HSN 8471,INV/2025/47896,True,1
TXN-2025-01204,2025-06-09,12719.49,Aggarwal Auto Components,33EEEEE6382C7Z7,HSN 2710,INV/2025/18594,True,0
TXN-2025-01205,2025-01-04,37532.99,Infosys Limited,19DDDDD4479C8Z2,SAC 9983,INV/2025/26369,True,0
TXN-2025-01206,2025-01-13,23241.9,Bharat Petroleum Dealer,33EEEEE8784B8Z9,HSN 5208,INV/2025/62566,True,0
TXN-2025-01207,2025-02-10,19657.31,Apex Packaging Solutions,09CCCCC2077B7Z6,SAC 9965,INV/2025/87977,True,0
TXN-2025-01208,2025-05-21,10598.89,Verma Stationery Traders,27BBBBB7617P4Z2,HSN 8471,INV/2025/86520,True,0
TXN-2025-01209,2025-03-09,27202.41,Verma Stationery Traders,27BBBBB7617P4Z2,HSN 4819,INV/2025/12687,True,0
TXN-2025-01210,2025-06-20,27716.09,Gupta Steel & Hardware Corp,33EEEEE7004B8Z6,HSN 8471,INV/2025/34232,True,0
TXN-2025-01211,2025-02-06,15651.84,Delhi Distribution Network,27BBBBB7929A7Z7,HSN 8471,INV/2025/91964,True,0
TXN-2025-01212,2025-06-26,8629.86,Tata Consultancy Services Ltd,33EEEEE4190F6Z8,HSN 5208,INV/2025/17136,True,0
TXN-2025-01213,2025-04-26,16399.44,Aggarwal Auto Components,33EEEEE6382C7Z7,HSN 7208,INV/2025/63442,True,0
TXN-2025-01214,2025-04-08,4391.42,Aggarwal Auto Components,33EEEEE6382C7Z7,HSN 2710,INV/2025/22266,True,0
TXN-2025-01215,2025-04-10,31494.13,Singhania Textiles Pvt Ltd,09CCCCC3512A7Z3,HSN 4819,INV/2025/88555,True,0
TXN-2025-01216,2025-06-13,2785.9,Tata Consultancy Services Ltd,33EEEEE4190F6Z8,SAC 9965,INV/2025/15848,True,0
TXN-2025-01217,2025-06-03,34732.94,Infosys Limited,19DDDDD4479C8Z2,SAC 9965,INV/2025/49128,True,0
TXN-2025-01218,2025-01-05,6514.66,Global Enterprises,07AAAAA8603B9Z2,HSN 8471,INV/2025/12100,True,0
TXN-2025-01219,2025-02-26,7940.32,Mehta Tech Solutions LLP,19DDDDD8663C4Z2,SAC 9965,INV/2025/13831,True,0
TXN-2025-01220,2025-06-13,9353.25,Reliance Industries Ltd,07AAAAA9249B4Z5,HSN 4819,INV/2025/40036,True,0
TXN-2025-01221,2025-01-30,23210.96,Verma Stationery Traders,27BBBBB7617P4Z2,HSN 4819,INV/2025/54904,True,0
TXN-2025-01222,2025-05-29,8947.29,Verma Stationery Traders,27BBBBB7617P4Z2,HSN 5208,INV/2025/62061,True,0
TXN-2025-01223,2025-04-19,27191.07,Infosys Limited,19DDDDD4479C8Z2,HSN 8471,INV/2025/46473,True,0
TXN-2025-01224,2025-05-08,32491.02,Mehta Tech Solutions LLP,19DDDDD8663C4Z2,HSN 2710,INV/2025/63045,True,0
TXN-2025-01225,2025-04-24,29376.89,Global Enterprises,07AAAAA8603B9Z2,HSN 2710,INV/2025/63537,True,0
TXN-2025-01226,2025-03-16,500000.0,Singhania Textiles Pvt Ltd,09CCCCC3512A7Z3,HSN 5208,INV/2025/39074,True,1
TXN-2025-01227,2025-05-06,37973.29,Tata Consultancy Services Ltd,33EEEEE4190F6Z8,HSN 7208,INV/2025/20960,True,0
TXN-2025-01228,2025-05-14,8521.69,Tata Consultancy Services Ltd,33EEEEE4190F6Z8,HSN 2710,INV/2025/53992,True,0
TXN-2025-01229,2025-06-24,75331.31,Chawla IT Services,07INVALIDGSTIN12,HSN 2710,INV/2025/93382,True,1
TXN-2025-01230,2025-04-25,9503.72,Verma Stationery Traders,27BBBBB7617P4Z2,HSN 8471,INV/2025/69303,True,0
TXN-2025-01231,2025-03-20,2237.92,Chawla IT Services,09CCCCC3968F1Z2,HSN 4819,INV/2025/47903,True,0
TXN-2025-01232,2025-06-22,30715.23,Chawla IT Services,09CCCCC3968F1Z2,HSN 2710,INV/2025/56828,True,0
TXN-2025-01233,2025-06-09,11179.35,Gupta Steel & Hardware Corp,33EEEEE7004B8Z6,HSN 5208,INV/2025/89127,True,0
TXN-2025-01234,2025-04-11,5545.53,Global Enterprises,07AAAAA8603B9Z2,SAC 9965,INV/2025/26777,True,0
TXN-2025-01235,2025-02-14,5910.14,Kapur Electronics,09CCCCC1358C6Z1,HSN 8471,INV/2025/40488,True,0
TXN-2025-01236,2025-04-03,51402.09,Mehta Tech Solutions LLP,19DDDDD8663C4Z2,SAC 9983,INV/2025/95636,True,0
TXN-2025-01237,2025-02-01,11482.27,Apex Packaging Solutions,09CCCCC2077B7Z6,HSN 5208,INV/2025/33685,True,0
TXN-2025-01238,2025-03-09,9982.87,Global Enterprises,07AAAAA8603B9Z2,HSN 5208,INV/2025/85553,True,0
TXN-2025-01239,2025-03-01,15531.39,Delhi Distribution Network,27BBBBB7929A7Z7,SAC 9965,INV/2025/44445,True,0
TXN-2025-01240,2025-01-05,19657.69,Aggarwal Auto Components,33EEEEE6382C7Z7,HSN 7208,INV/2025/95482,True,0
TXN-2025-01241,2025-05-27,5183.37,Apex Packaging Solutions,09CCCCC2077B7Z6,HSN 8471,INV/2025/22360,True,0
TXN-2025-01242,2025-04-16,16382.6,Reliance Industries Ltd,07AAAAA9249B4Z5,HSN 4819,INV/2025/94968,True,0
TXN-2025-01243,2025-04-12,7330.77,Mehta Tech Solutions LLP,19DDDDD8663C4Z2,HSN 8471,INV/2025/27804,True,0
TXN-2025-01244,2025-01-08,13144.59,Chawla IT Services,09CCCCC3968F1Z2,HSN 8471,INV/2025/52219,True,0
TXN-2025-01245,2025-01-19,14436.45,Sharma Logistics & Freight,09CCCCC4166B2Z8,HSN 5208,INV/2025/12359,True,0
TXN-2025-01246,2025-02-22,182947.12,Verma Stationery Traders,27BBBBB7617P4Z2,SAC 9965,INV/2025/71575,True,0
TXN-2025-01247,2025-02-20,37038.11,Infosys Limited,19DDDDD4479C8Z2,SAC 9983,INV/2025/13047,True,0
TXN-2025-01248,2025-03-07,136964.82,Bharat Petroleum Dealer,33EEEEE8784B8Z9,SAC 9965,INV/2025/23374,True,0
TXN-2025-01249,2025-05-21,10688.8,Apex Packaging Solutions,09CCCCC2077B7Z6,HSN 8471,INV/2025/37556,True,0
TXN-2025-01250,2025-03-13,29760.98,Gupta Steel & Hardware Corp,33EEEEE7004B8Z6,HSN 7208,INV/2025/17163,True,0
TXN-2025-01251,2025-06-06,16307.7,Tata Consultancy Services Ltd,33EEEEE4190F6Z8,HSN 4819,INV/2025/30821,True,0
TXN-2025-01252,2025-04-08,45811.93,Global Enterprises,07AAAAA8603B9Z2,HSN 8471,INV/2025/21273,True,0
TXN-2025-01253,2025-01-30,2598.72,Tata Consultancy Services Ltd,33EEEEE4190F6Z8,HSN 7208,INV/2025/64880,True,0
TXN-2025-01254,2025-01-19,4503.27,Kapur Electronics,09CCCCC1358C6Z1,HSN 2710,INV/2025/85484,True,0
TXN-2025-01255,2025-01-19,3366.85,Singhania Textiles Pvt Ltd,09CCCCC3512A7Z3,HSN 5208,INV/2025/11091,True,0
TXN-2025-01256,2025-01-08,27097.1,Infosys Limited,19DDDDD4479C8Z2,HSN 2710,INV/2025/26490,True,0
TXN-2025-01257,2025-04-13,6853.81,Aggarwal Auto Components,33EEEEE6382C7Z7,SAC 9983,INV/2025/63918,True,0
TXN-2025-01258,2025-06-11,17432.61,Chawla IT Services,09CCCCC3968F1Z2,HSN 5208,INV/2025/80920,True,0
TXN-2025-01259,2025-06-04,17532.25,Mehta Tech Solutions LLP,19DDDDD8663C4Z2,SAC 9983,INV/2025/76012,True,0
TXN-2025-01260,2025-03-30,10775.3,Bharat Petroleum Dealer,33EEEEE8784B8Z9,HSN 8471,INV/2025/23999,True,0
TXN-2025-01261,2025-02-13,500000.0,Aggarwal Auto Components,33EEEEE6382C7Z7,HSN 7208,INV/2025/92857,True,1
TXN-2025-01262,2025-05-07,11287.89,Apex Packaging Solutions,09CCCCC2077B7Z6,HSN 7208,INV/2025/42214,True,0
TXN-2025-01263,2025-02-26,120000.0,Global Enterprises,07AAAAA8603B9Z2,SAC 9983 (NO TDS),INV/2025/76523,False,1
TXN-2025-01264,2025-02-17,7929.52,Verma Stationery Traders,27BBBBB7617P4Z2,HSN 5208,INV/2025/32818,True,0
TXN-2025-01265,2025-05-23,19577.94,Global Enterprises,07AAAAA8603B9Z2,SAC 9983,INV/2025/84092,True,0
TXN-2025-01266,2025-04-14,22708.5,Sharma Logistics & Freight,09CCCCC4166B2Z8,HSN 7208,INV/2025/98409,True,0
TXN-2025-01267,2025-05-04,3826.52,Verma Stationery Traders,27BBBBB7617P4Z2,SAC 9965,INV/2025/22737,True,0
TXN-2025-01268,2025-05-20,15081.97,Global Enterprises,07AAAAA8603B9Z2,SAC 9983,INV/2025/82164,True,0
TXN-2025-01269,2025-05-18,10320.72,Apex Packaging Solutions,09CCCCC2077B7Z6,HSN 4819,INV/2025/18211,True,0
TXN-2025-01270,2025-03-20,120000.0,Tata Consultancy Services Ltd,33EEEEE4190F6Z8,SAC 9983 (NO TDS),INV/2025/38563,False,1
TXN-2025-01271,2025-03-15,96615.48,Apex Packaging Solutions,09CCCCC2077B7Z6,HSN 2710,INV/2025/23612,True,0
TXN-2025-01272,2025-02-17,27326.21,Infosys Limited,19DDDDD4479C8Z2,SAC 9965,INV/2025/88951,True,0
TXN-2025-01273,2025-04-21,32872.68,Apex Packaging Solutions,09CCCCC2077B7Z6,SAC 9983,INV/2025/85818,True,0
TXN-2025-01274,2025-05-15,59521.6,Verma Stationery Traders,27BBBBB7617P4Z2,HSN 4819,INV/2025/71494,True,0
TXN-2025-01275,2025-01-15,23506.74,Mehta Tech Solutions LLP,19DDDDD8663C4Z2,SAC 9965,INV/2025/32731,True,0
TXN-2025-01276,2025-05-16,8608.06,Tata Consultancy Services Ltd,33EEEEE4190F6Z8,SAC 9965,INV/2025/57108,True,0
TXN-2025-01277,2025-06-09,43400.15,Bharat Petroleum Dealer,33EEEEE8784B8Z9,SAC 9983,INV/2025/34129,True,0
TXN-2025-01278,2025-01-16,6131.92,Delhi Distribution Network,27BBBBB7929A7Z7,HSN 5208,INV/2025/78437,True,0
TXN-2025-01279,2025-04-26,5055.49,Infosys Limited,19DDDDD4479C8Z2,HSN 4819,INV/2025/76378,True,0
TXN-2025-01280,2025-01-05,17815.1,Sharma Logistics & Freight,09CCCCC4166B2Z8,HSN 5208,INV/2025/57780,True,0
TXN-2025-01281,2025-02-14,23331.04,Apex Packaging Solutions,09CCCCC2077B7Z6,HSN 4819,INV/2025/51780,True,0
TXN-2025-01282,2025-05-07,7683.75,Verma Stationery Traders,27BBBBB7617P4Z2,HSN 4819,INV/2025/58480,True,0
TXN-2025-01283,2025-01-21,9446.64,Delhi Distribution Network,27BBBBB7929A7Z7,HSN 8471,INV/2025/87689,True,0
TXN-2025-01284,2025-02-07,7473.61,Bharat Petroleum Dealer,33EEEEE8784B8Z9,HSN 7208,INV/2025/88947,True,0
TXN-2025-01285,2025-05-16,19431.32,Reliance Industries Ltd,07AAAAA9249B4Z5,SAC 9965,INV/2025/54330,True,0
TXN-2025-01286,2025-04-17,13158.6,Chawla IT Services,09CCCCC3968F1Z2,HSN 2710,INV/2025/61429,True,0
TXN-2025-01287,2025-05-04,9535.3,Mehta Tech Solutions LLP,19DDDDD8663C4Z2,HSN 2710,INV/2025/12768,True,0
TXN-2025-01288,2025-04-25,12406.91,Gupta Steel & Hardware Corp,33EEEEE7004B8Z6,HSN 8471,INV/2025/16632,True,0
TXN-2025-01289,2025-04-09,31443.05,Sharma Logistics & Freight,09CCCCC4166B2Z8,SAC 9965,INV/2025/11621,True,0
TXN-2025-01290,2025-05-20,12394.08,Apex Packaging Solutions,09CCCCC2077B7Z6,HSN 5208,INV/2025/63980,True,0
TXN-2025-01291,2025-06-23,11924.35,Tata Consultancy Services Ltd,33EEEEE4190F6Z8,SAC 9965,INV/2025/39253,True,0
TXN-2025-01292,2025-04-13,10228.34,Chawla IT Services,09CCCCC3968F1Z2,SAC 9965,INV/2025/35597,True,0
TXN-2025-01293,2025-01-29,46175.68,Global Enterprises,07AAAAA8603B9Z2,SAC 9983,INV/2025/86456,True,0
TXN-2025-01294,2025-04-25,20811.72,Apex Packaging Solutions,09CCCCC2077B7Z6,SAC 9965,INV/2025/54532,True,0
TXN-2025-01295,2025-01-10,35254.85,Chawla IT Services,09CCCCC3968F1Z2,SAC 9965,INV/2025/50061,True,0
TXN-2025-01296,2025-06-10,17264.34,Gupta Steel & Hardware Corp,33EEEEE7004B8Z6,HSN 5208,INV/2025/16324,True,0
TXN-2025-01297,2025-03-10,250000.0,Aggarwal Auto Components,33EEEEE6382C7Z7,CASH PAYMENT,INV/2025/47886,True,1
TXN-2025-01298,2025-03-21,9664.06,Tata Consultancy Services Ltd,33EEEEE4190F6Z8,SAC 9983,INV/2025/75900,True,0
TXN-2025-01299,2025-01-18,15353.52,Aggarwal Auto Components,33EEEEE6382C7Z7,SAC 9965,INV/2025/78888,True,0
TXN-2025-01300,2025-06-17,35878.49,Delhi Distribution Network,27BBBBB7929A7Z7,HSN 2710,INV/2025/86174,True,0
TXN-2025-01301,2025-03-22,1978.54,Reliance Industries Ltd,07AAAAA9249B4Z5,HSN 5208,INV/2025/24835,True,0
TXN-2025-01302,2025-02-20,23133.08,Verma Stationery Traders,27BBBBB7617P4Z2,HSN 4819,INV/2025/63828,True,0
TXN-2025-01303,2025-05-22,33679.23,Apex Packaging Solutions,09CCCCC2077B7Z6,SAC 9965,INV/2025/12253,True,0
TXN-2025-01304,2025-03-07,5940.54,Aggarwal Auto Components,33EEEEE6382C7Z7,HSN 5208,INV/2025/50439,True,0
TXN-2025-01305,2025-03-27,4039.12,Sharma Logistics & Freight,09CCCCC4166B2Z8,HSN 5208,INV/2025/77547,True,0
TXN-2025-01306,2025-01-01,164021.46,Singhania Textiles Pvt Ltd,09CCCCC3512A7Z3,HSN 8471,INV/2025/39100,True,0
TXN-2025-01307,2025-02-22,13087.75,Aggarwal Auto Components,33EEEEE6382C7Z7,SAC 9983,INV/2025/17799,True,0
TXN-2025-01308,2025-01-21,7574.61,Verma Stationery Traders,27BBBBB7617P4Z2,SAC 9983,INV/2025/47657,True,0
TXN-2025-01309,2025-04-02,14883.18,Mehta Tech Solutions LLP,19DDDDD8663C4Z2,HSN 4819,INV/2025/99203,True,0
TXN-2025-01310,2025-01-03,29550.19,Chawla IT Services,09CCCCC3968F1Z2,HSN 7208,INV/2025/87100,True,0
TXN-2025-01311,2025-01-26,7420.08,Reliance Industries Ltd,07AAAAA9249B4Z5,HSN 4819,INV/2025/46868,True,0
TXN-2025-01312,2025-04-21,40125.73,Chawla IT Services,09CCCCC3968F1Z2,SAC 9965,INV/2025/35241,True,0
TXN-2025-01313,2025-01-15,3555.68,Chawla IT Services,09CCCCC3968F1Z2,HSN 2710,INV/2025/78641,True,0
TXN-2025-01314,2025-02-14,12137.74,Kapur Electronics,09CCCCC1358C6Z1,HSN 8471,INV/2025/40650,True,0
TXN-2025-01315,2025-01-25,13750.92,Chawla IT Services,09CCCCC3968F1Z2,HSN 7208,INV/2025/65523,True,0
TXN-2025-01316,2025-04-22,43638.27,Reliance Industries Ltd,07AAAAA9249B4Z5,SAC 9965,INV/2025/47234,True,0
TXN-2025-01317,2025-01-13,11969.41,Verma Stationery Traders,27BBBBB7617P4Z2,SAC 9965,INV/2025/35670,True,0
TXN-2025-01318,2025-04-15,12183.76,Mehta Tech Solutions LLP,19DDDDD8663C4Z2,HSN 7208,INV/2025/18515,True,0
TXN-2025-01319,2025-01-15,10294.63,Gupta Steel & Hardware Corp,33EEEEE7004B8Z6,HSN 8471,INV/2025/50060,True,0
TXN-2025-01320,2025-03-27,1915.77,Apex Packaging Solutions,09CCCCC2077B7Z6,HSN 5208,INV/2025/24955,True,0
TXN-2025-01321,2025-04-14,8869.77,Aggarwal Auto Components,33EEEEE6382C7Z7,HSN 4819,INV/2025/36794,True,0
TXN-2025-01322,2025-06-17,80573.24,Sharma Logistics & Freight,09CCCCC4166B2Z8,HSN 7208,INV/2025/14515,True,0
TXN-2025-01323,2025-04-16,11780.08,Delhi Distribution Network,27BBBBB7929A7Z7,SAC 9983,INV/2025/71513,True,0
TXN-2025-01324,2025-01-18,24680.67,Global Enterprises,07AAAAA8603B9Z2,SAC 9983,INV/2025/27643,True,0
TXN-2025-01325,2025-04-21,10330.58,Apex Packaging Solutions,09CCCCC2077B7Z6,HSN 8471,INV/2025/29354,True,0
TXN-2025-01326,2025-03-16,16265.5,Infosys Limited,19DDDDD4479C8Z2,HSN 2710,INV/2025/76543,True,0
TXN-2025-01327,2025-01-18,10743.65,Sharma Logistics & Freight,09CCCCC4166B2Z8,HSN 8471,INV/2025/82664,True,0
TXN-2025-01328,2025-06-26,6927.4,Reliance Industries Ltd,07AAAAA9249B4Z5,SAC 9965,INV/2025/62924,True,0
TXN-2025-01329,2025-01-10,18841.75,Kapur Electronics,09CCCCC1358C6Z1,HSN 2710,INV/2025/48506,True,0
TXN-2025-01330,2025-02-09,7197.24,Verma Stationery Traders,27BBBBB7617P4Z2,HSN 2710,INV/2025/48765,True,0
TXN-2025-01331,2025-05-04,29538.94,Apex Packaging Solutions,07INVALIDGSTIN12,HSN 5208,INV/2025/42527,True,1
TXN-2025-01332,2025-04-30,23059.28,Apex Packaging Solutions,09CCCCC2077B7Z6,HSN 8471,INV/2025/73138,True,0
TXN-2025-01333,2025-05-30,7114.89,Bharat Petroleum Dealer,33EEEEE8784B8Z9,SAC 9965,INV/2025/87442,True,0
TXN-2025-01334,2025-06-08,7311.83,Verma Stationery Traders,27BBBBB7617P4Z2,SAC 9983,INV/2025/44906,True,0
TXN-2025-01335,2025-03-29,35779.96,Kapur Electronics,09CCCCC1358C6Z1,SAC 9983,INV/2025/75443,True,0
TXN-2025-01336,2025-05-15,31729.62,Kapur Electronics,09CCCCC1358C6Z1,HSN 7208,INV/2025/31606,True,0
TXN-2025-01337,2025-04-10,9908.46,Infosys Limited,19DDDDD4479C8Z2,SAC 9965,INV/2025/38138,True,0
TXN-2025-01338,2025-01-31,11600.65,Kapur Electronics,09CCCCC1358C6Z1,SAC 9983,INV/2025/92613,True,0
TXN-2025-01339,2025-02-06,10461.48,Aggarwal Auto Components,33EEEEE6382C7Z7,SAC 9983,INV/2025/44293,True,0
TXN-2025-01340,2025-03-19,40286.91,Reliance Industries Ltd,07AAAAA9249B4Z5,HSN 2710,INV/2025/35381,True,0
TXN-2025-01341,2025-02-05,25640.26,Mehta Tech Solutions LLP,19DDDDD8663C4Z2,HSN 7208,INV/2025/39467,True,0
TXN-2025-01342,2025-02-07,19716.35,Aggarwal Auto Components,33EEEEE6382C7Z7,HSN 4819,INV/2025/85255,True,0
TXN-2025-01343,2025-02-16,6456.11,Chawla IT Services,09CCCCC3968F1Z2,HSN 8471,INV/2025/32017,True,0
TXN-2025-01344,2025-05-28,5744.67,Singhania Textiles Pvt Ltd,09CCCCC3512A7Z3,HSN 8471,INV/2025/59215,True,0
TXN-2025-01345,2025-03-03,28323.43,Chawla IT Services,09CCCCC3968F1Z2,SAC 9965,INV/2025/96919,True,0
TXN-2025-01346,2025-03-17,50799.05,Apex Packaging Solutions,09CCCCC2077B7Z6,SAC 9965,INV/2025/18856,True,0
TXN-2025-01347,2025-01-05,1507.49,Verma Stationery Traders,27BBBBB7617P4Z2,HSN 4819,INV/2025/26246,True,0
TXN-2025-01348,2025-01-26,3706.34,Tata Consultancy Services Ltd,33EEEEE4190F6Z8,HSN 7208,INV/2025/99552,True,0
TXN-2025-01349,2025-02-17,22233.65,Sharma Logistics & Freight,09CCCCC4166B2Z8,HSN 4819,INV/2025/36016,True,0
TXN-2025-01350,2025-04-03,10998.1,Sharma Logistics & Freight,09CCCCC4166B2Z8,HSN 5208,INV/2025/43634,True,0
TXN-2025-01351,2025-02-04,6269.95,Bharat Petroleum Dealer,33EEEEE8784B8Z9,HSN 5208,INV/2025/99109,True,0
TXN-2025-01352,2025-01-27,22987.52,Verma Stationery Traders,27BBBBB7617P4Z2,HSN 8471,INV/2025/62566,True,0
TXN-2025-01353,2025-02-16,4612.28,Singhania Textiles Pvt Ltd,09CCCCC3512A7Z3,SAC 9983,INV/2025/65910,True,0
TXN-2025-01354,2025-05-29,27529.13,Delhi Distribution Network,27BBBBB7929A7Z7,HSN 2710,INV/2025/18599,True,0
TXN-2025-01355,2025-03-12,9411.22,Reliance Industries Ltd,07AAAAA9249B4Z5,HSN 7208,INV/2025/61287,True,0
TXN-2025-01356,2025-01-30,50245.55,Reliance Industries Ltd,07AAAAA9249B4Z5,HSN 7208,INV/2025/29753,True,0
TXN-2025-01357,2025-06-05,11341.3,Singhania Textiles Pvt Ltd,09CCCCC3512A7Z3,HSN 7208,INV/2025/28270,True,0
TXN-2025-01358,2025-05-19,29107.0,Gupta Steel & Hardware Corp,33EEEEE7004B8Z6,SAC 9965,INV/2025/86826,True,0
TXN-2025-01359,2025-06-20,9282.42,Global Enterprises,07AAAAA8603B9Z2,HSN 4819,INV/2025/36173,True,0
TXN-2025-01360,2025-02-23,6099.93,Aggarwal Auto Components,33EEEEE6382C7Z7,SAC 9983,INV/2025/69668,True,0
TXN-2025-01361,2025-03-04,8275.41,Gupta Steel & Hardware Corp,33EEEEE7004B8Z6,HSN 2710,INV/2025/16066,True,0
TXN-2025-01362,2025-04-19,14024.2,Tata Consultancy Services Ltd,33EEEEE4190F6Z8,HSN 4819,INV/2025/61569,True,0
TXN-2025-01363,2025-01-25,3911.19,Reliance Industries Ltd,07INVALIDGSTIN12,SAC 9983,INV/2025/46019,True,1
TXN-2025-01364,2025-04-25,32387.18,Singhania Textiles Pvt Ltd,09CCCCC3512A7Z3,HSN 7208,INV/2025/36559,True,0
TXN-2025-01365,2025-05-20,13052.22,Kapur Electronics,09CCCCC1358C6Z1,HSN 2710,INV/2025/60341,True,0
TXN-2025-01366,2025-02-17,2062.99,Global Enterprises,07AAAAA8603B9Z2,HSN 7208,INV/2025/56646,True,0
TXN-2025-01367,2025-04-12,250000.0,Infosys Limited,19DDDDD4479C8Z2,CASH PAYMENT,INV/2025/84255,True,1
TXN-2025-01368,2025-03-01,5359.02,Kapur Electronics,09CCCCC1358C6Z1,SAC 9983,INV/2025/77521,True,0
TXN-2025-01369,2025-05-25,5468.57,Aggarwal Auto Components,33EEEEE6382C7Z7,HSN 8471,INV/2025/92344,True,0
TXN-2025-01370,2025-06-23,15537.43,Gupta Steel & Hardware Corp,33EEEEE7004B8Z6,HSN 5208,INV/2025/74434,True,0
TXN-2025-01371,2025-06-27,11404.71,Reliance Industries Ltd,07AAAAA9249B4Z5,SAC 9983,INV/2025/29414,True,0
TXN-2025-01372,2025-02-21,18305.04,Infosys Limited,19DDDDD4479C8Z2,HSN 5208,INV/2025/47246,True,0
TXN-2025-01373,2025-04-01,7508.63,Kapur Electronics,09CCCCC1358C6Z1,HSN 7208,INV/2025/20673,True,0
TXN-2025-01374,2025-02-07,28884.7,Delhi Distribution Network,27BBBBB7929A7Z7,HSN 5208,INV/2025/19020,True,0
TXN-2025-01375,2025-06-17,7623.79,Global Enterprises,07AAAAA8603B9Z2,HSN 7208,INV/2025/30419,True,0
TXN-2025-01376,2025-05-18,6944.26,Global Enterprises,07AAAAA8603B9Z2,SAC 9965,INV/2025/41732,True,0
TXN-2025-01377,2025-03-06,19348.94,Reliance Industries Ltd,07AAAAA9249B4Z5,SAC 9983,INV/2025/80433,True,0
TXN-2025-01378,2025-06-29,5927.81,Reliance Industries Ltd,07AAAAA9249B4Z5,HSN 8471,INV/2025/91304,True,0
TXN-2025-01379,2025-01-19,27840.25,Infosys Limited,19DDDDD4479C8Z2,HSN 4819,INV/2025/60897,True,0
TXN-2025-01380,2025-01-12,44856.21,Reliance Industries Ltd,07AAAAA9249B4Z5,HSN 2710,INV/2025/81307,True,0
TXN-2025-01381,2025-02-18,28785.2,Aggarwal Auto Components,33EEEEE6382C7Z7,HSN 8471,INV/2025/27673,True,0
TXN-2025-01382,2025-03-08,6762.24,Mehta Tech Solutions LLP,19DDDDD8663C4Z2,SAC 9983,INV/2025/78875,True,0
TXN-2025-01383,2025-03-29,8841.32,Global Enterprises,07AAAAA8603B9Z2,HSN 2710,INV/2025/40561,True,0
TXN-2025-01384,2025-04-29,21284.53,Mehta Tech Solutions LLP,19DDDDD8663C4Z2,HSN 7208,INV/2025/13374,True,0
TXN-2025-01385,2025-06-02,11350.71,Sharma Logistics & Freight,09CCCCC4166B2Z8,HSN 2710,INV/2025/29388,True,0
TXN-2025-01386,2025-06-17,40249.96,Tata Consultancy Services Ltd,33EEEEE4190F6Z8,HSN 2710,INV/2025/16440,True,0
TXN-2025-01387,2025-02-10,40887.27,Infosys Limited,19DDDDD4479C8Z2,HSN 5208,INV/2025/88730,True,0
TXN-2025-01388,2025-06-10,33046.9,Reliance Industries Ltd,07AAAAA9249B4Z5,HSN 4819,INV/2025/57169,True,0
TXN-2025-01389,2025-01-24,48623.02,Delhi Distribution Network,27BBBBB7929A7Z7,HSN 8471,INV/2025/56237,True,0
TXN-2025-01390,2025-06-24,6865.42,Gupta Steel & Hardware Corp,33EEEEE7004B8Z6,SAC 9983,INV/2025/23283,True,0
TXN-2025-01391,2025-01-28,8136.33,Aggarwal Auto Components,33EEEEE6382C7Z7,HSN 4819,INV/2025/86170,True,0
TXN-2025-01392,2025-02-20,21252.38,Apex Packaging Solutions,09CCCCC2077B7Z6,SAC 9965,INV/2025/18014,True,0
TXN-2025-01393,2025-01-17,56656.55,Sharma Logistics & Freight,09CCCCC4166B2Z8,HSN 7208,INV/2025/46572,True,0
TXN-2025-01394,2025-05-02,6481.11,Apex Packaging Solutions,09CCCCC2077B7Z6,HSN 4819,INV/2025/30976,True,0
TXN-2025-01395,2025-03-13,11165.81,Gupta Steel & Hardware Corp,33EEEEE7004B8Z6,HSN 7208,INV/2025/95922,True,0
TXN-2025-01396,2025-03-27,19913.08,Apex Packaging Solutions,09CCCCC2077B7Z6,SAC 9965,INV/2025/56012,True,0
TXN-2025-01397,2025-04-01,12353.77,Gupta Steel & Hardware Corp,33EEEEE7004B8Z6,SAC 9965,INV/2025/88330,True,0
TXN-2025-01398,2025-04-20,2313.41,Aggarwal Auto Components,33EEEEE6382C7Z7,HSN 8471,INV/2025/40639,True,0
TXN-2025-01399,2025-06-20,8571.03,Chawla IT Services,09CCCCC3968F1Z2,HSN 4819,INV/2025/66988,True,0
TXN-2025-01400,2025-04-02,9286.04,Gupta Steel & Hardware Corp,33EEEEE7004B8Z6,SAC 9965,INV/2025/46952,True,0
TXN-2025-01401,2025-05-03,9917.78,Gupta Steel & Hardware Corp,33EEEEE7004B8Z6,HSN 8471,INV/2025/95072,True,0
TXN-2025-01402,2025-02-07,5977.18,Singhania Textiles Pvt Ltd,09CCCCC3512A7Z3,HSN 2710,INV/2025/73085,True,0
TXN-2025-01403,2025-06-18,10947.14,Aggarwal Auto Components,33EEEEE6382C7Z7,HSN 4819,INV/2025/43544,True,0
TXN-2025-01404,2025-05-09,2407.09,Singhania Textiles Pvt Ltd,09CCCCC3512A7Z3,HSN 2710,INV/2025/35945,True,0
TXN-2025-01405,2025-04-15,6404.64,Infosys Limited,19DDDDD4479C8Z2,SAC 9965,INV/2025/57569,True,0
TXN-2025-01406,2025-06-30,8563.09,Apex Packaging Solutions,09CCCCC2077B7Z6,HSN 4819,INV/2025/79604,True,0
TXN-2025-01407,2025-06-16,12718.36,Tata Consultancy Services Ltd,07INVALIDGSTIN12,HSN 2710,INV/2025/14561,True,1
TXN-2025-01408,2025-03-06,24638.29,Apex Packaging Solutions,09CCCCC2077B7Z6,SAC 9965,INV/2025/82091,True,0
TXN-2025-01409,2025-04-21,8228.1,Bharat Petroleum Dealer,33EEEEE8784B8Z9,HSN 5208,INV/2025/18516,True,0
TXN-2025-01410,2025-05-26,20035.09,Reliance Industries Ltd,07AAAAA9249B4Z5,HSN 2710,INV/2025/73342,True,0
TXN-2025-01411,2025-01-01,10403.85,Verma Stationery Traders,27BBBBB7617P4Z2,HSN 4819,INV/2025/60171,True,0
TXN-2025-01412,2025-05-30,4500.67,Apex Packaging Solutions,09CCCCC2077B7Z6,SAC 9983,INV/2025/48972,True,0
TXN-2025-01413,2025-02-13,15029.45,Reliance Industries Ltd,07AAAAA9249B4Z5,HSN 2710,INV/2025/57380,True,0
TXN-2025-01414,2025-03-13,18827.73,Verma Stationery Traders,27BBBBB7617P4Z2,HSN 2710,INV/2025/43354,True,0
TXN-2025-01415,2025-01-14,42309.76,Aggarwal Auto Components,33EEEEE6382C7Z7,SAC 9983,INV/2025/71765,True,0
TXN-2025-01416,2025-04-25,12585.17,Aggarwal Auto Components,33EEEEE6382C7Z7,SAC 9965,INV/2025/40612,True,0
TXN-2025-01417,2025-01-09,120000.0,Kapur Electronics,09CCCCC1358C6Z1,SAC 9983 (NO TDS),INV/2025/64230,False,1
TXN-2025-01418,2025-05-24,33046.71,Aggarwal Auto Components,33EEEEE6382C7Z7,HSN 8471,INV/2025/92438,True,0
TXN-2025-01419,2025-01-11,15423.96,Mehta Tech Solutions LLP,19DDDDD8663C4Z2,HSN 8471,INV/2025/59100,True,0
TXN-2025-01420,2025-03-16,3814.64,Tata Consultancy Services Ltd,33EEEEE4190F6Z8,HSN 8471,INV/2025/14667,True,0
TXN-2025-01421,2025-05-10,7901.54,Global Enterprises,07AAAAA8603B9Z2,SAC 9965,INV/2025/83965,True,0
TXN-2025-01422,2025-02-21,23856.95,Sharma Logistics & Freight,09CCCCC4166B2Z8,SAC 9983,INV/2025/90173,True,0
TXN-2025-01423,2025-04-22,12481.62,Verma Stationery Traders,27BBBBB7617P4Z2,SAC 9965,INV/2025/53568,True,0
TXN-2025-01424,2025-06-19,19620.7,Chawla IT Services,09CCCCC3968F1Z2,HSN 8471,INV/2025/32542,True,0
TXN-2025-01425,2025-04-13,32965.88,Mehta Tech Solutions LLP,19DDDDD8663C4Z2,SAC 9983,INV/2025/33174,True,0
TXN-2025-01426,2025-05-21,16531.61,Verma Stationery Traders,27BBBBB7617P4Z2,HSN 2710,INV/2025/88799,True,0
TXN-2025-01427,2025-03-29,15339.08,Gupta Steel & Hardware Corp,33EEEEE7004B8Z6,HSN 2710,INV/2025/77062,True,0
TXN-2025-01428,2025-04-27,12155.41,Bharat Petroleum Dealer,33EEEEE8784B8Z9,HSN 8471,INV/2025/97049,True,0
TXN-2025-01429,2025-06-06,16715.01,Infosys Limited,19DDDDD4479C8Z2,HSN 7208,INV/2025/60245,True,0
TXN-2025-01430,2025-04-22,12283.54,Gupta Steel & Hardware Corp,33EEEEE7004B8Z6,HSN 2710,INV/2025/34160,True,0
TXN-2025-01431,2025-05-31,20733.4,Global Enterprises,07AAAAA8603B9Z2,HSN 8471,INV/2025/81393,True,0
TXN-2025-01432,2025-05-28,11350.3,Global Enterprises,07AAAAA8603B9Z2,HSN 8471,INV/2025/73225,True,0
TXN-2025-01433,2025-04-12,13851.6,Tata Consultancy Services Ltd,33EEEEE4190F6Z8,HSN 4819,INV/2025/67442,True,0
TXN-2025-01434,2025-05-19,2647.93,Bharat Petroleum Dealer,33EEEEE8784B8Z9,HSN 5208,INV/2025/83594,True,0
TXN-2025-01435,2025-01-15,12305.52,Chawla IT Services,09CCCCC3968F1Z2,HSN 5208,INV/2025/71021,True,0
TXN-2025-01436,2025-05-03,6767.43,Kapur Electronics,09CCCCC1358C6Z1,HSN 7208,INV/2025/44312,True,0
TXN-2025-01437,2025-03-21,7992.5,Singhania Textiles Pvt Ltd,09CCCCC3512A7Z3,HSN 4819,INV/2025/99422,True,0
TXN-2025-01438,2025-02-07,10990.49,Apex Packaging Solutions,09CCCCC2077B7Z6,SAC 9983,INV/2025/78414,True,0
TXN-2025-01439,2025-06-06,10854.07,Chawla IT Services,09CCCCC3968F1Z2,SAC 9965,INV/2025/45529,True,0
TXN-2025-01440,2025-01-21,28729.12,Gupta Steel & Hardware Corp,33EEEEE7004B8Z6,SAC 9983,INV/2025/60736,True,0
TXN-2025-01441,2025-02-03,18257.61,Chawla IT Services,07INVALIDGSTIN12,SAC 9965,INV/2025/60493,True,1
TXN-2025-01442,2025-04-29,11767.09,Mehta Tech Solutions LLP,19DDDDD8663C4Z2,HSN 2710,INV/2025/21285,True,0
TXN-2025-01443,2025-03-22,6347.73,Delhi Distribution Network,27BBBBB7929A7Z7,HSN 2710,INV/2025/21578,True,0
TXN-2025-01444,2025-01-18,2449.1,Sharma Logistics & Freight,09CCCCC4166B2Z8,HSN 8471,INV/2025/60098,True,0
TXN-2025-01445,2025-01-07,13640.04,Singhania Textiles Pvt Ltd,09CCCCC3512A7Z3,SAC 9965,INV/2025/63946,True,0
TXN-2025-01446,2025-02-27,59542.03,Verma Stationery Traders,27BBBBB7617P4Z2,SAC 9965,INV/2025/10921,True,0
TXN-2025-01447,2025-03-31,4940.33,Bharat Petroleum Dealer,33EEEEE8784B8Z9,HSN 7208,INV/2025/56818,True,0
TXN-2025-01448,2025-05-27,31109.95,Singhania Textiles Pvt Ltd,09CCCCC3512A7Z3,HSN 2710,INV/2025/58957,True,0
TXN-2025-01449,2025-05-08,9272.39,Chawla IT Services,09CCCCC3968F1Z2,SAC 9983,INV/2025/33766,True,0
TXN-2025-01450,2025-06-10,7471.88,Aggarwal Auto Components,33EEEEE6382C7Z7,HSN 5208,INV/2025/52393,True,0
TXN-2025-01451,2025-02-28,44606.51,Mehta Tech Solutions LLP,19DDDDD8663C4Z2,HSN 8471,INV/2025/40067,True,0
TXN-2025-01452,2025-04-21,24224.29,Kapur Electronics,09CCCCC1358C6Z1,HSN 8471,INV/2025/32273,True,0
TXN-2025-01453,2025-05-14,8354.17,Aggarwal Auto Components,33EEEEE6382C7Z7,HSN 7208,INV/2025/45565,True,0
TXN-2025-01454,2025-04-12,18735.06,Tata Consultancy Services Ltd,33EEEEE4190F6Z8,HSN 4819,INV/2025/65650,True,0
TXN-2025-01455,2025-04-13,6524.74,Kapur Electronics,09CCCCC1358C6Z1,HSN 2710,INV/2025/95748,True,0
TXN-2025-01456,2025-05-31,30488.82,Chawla IT Services,09CCCCC3968F1Z2,HSN 5208,INV/2025/74745,True,0
TXN-2025-01457,2025-03-10,46827.03,Apex Packaging Solutions,09CCCCC2077B7Z6,HSN 4819,INV/2025/20634,True,0
TXN-2025-01458,2025-03-30,7209.23,Tata Consultancy Services Ltd,33EEEEE4190F6Z8,HSN 5208,INV/2025/63325,True,0
TXN-2025-01459,2025-05-29,42823.76,Bharat Petroleum Dealer,33EEEEE8784B8Z9,HSN 8471,INV/2025/77159,True,0
TXN-2025-01460,2025-02-24,10717.11,Global Enterprises,07AAAAA8603B9Z2,SAC 9965,INV/2025/41004,True,0
TXN-2025-01461,2025-04-24,185000.0,Kapur Electronics,09CCCCC1358C6Z1,UNCLASSIFIED,INV/2025/76931,True,1
TXN-2025-01462,2025-01-30,28734.93,Bharat Petroleum Dealer,33EEEEE8784B8Z9,HSN 2710,INV/2025/30224,True,0
TXN-2025-01463,2025-05-05,18531.68,Bharat Petroleum Dealer,33EEEEE8784B8Z9,HSN 2710,INV/2025/97425,True,0
TXN-2025-01464,2025-03-28,4491.47,Aggarwal Auto Components,33EEEEE6382C7Z7,HSN 2710,INV/2025/52762,True,0
TXN-2025-01465,2025-05-28,10597.68,Global Enterprises,07AAAAA8603B9Z2,SAC 9965,INV/2025/95288,True,0
TXN-2025-01466,2025-05-15,9591.75,Infosys Limited,19DDDDD4479C8Z2,HSN 2710,INV/2025/69772,True,0
TXN-2025-01467,2025-05-13,16987.41,Chawla IT Services,09CCCCC3968F1Z2,HSN 4819,INV/2025/72226,True,0
TXN-2025-01468,2025-05-05,23620.86,Mehta Tech Solutions LLP,19DDDDD8663C4Z2,HSN 5208,INV/2025/98273,True,0
TXN-2025-01469,2025-06-28,61687.86,Kapur Electronics,09CCCCC1358C6Z1,HSN 5208,INV/2025/72048,True,0
TXN-2025-01470,2025-01-07,36417.56,Verma Stationery Traders,27BBBBB7617P4Z2,HSN 4819,INV/2025/31828,True,0
TXN-2025-01471,2025-03-19,10417.76,Delhi Distribution Network,27BBBBB7929A7Z7,HSN 7208,INV/2025/85612,True,0
TXN-2025-01472,2025-05-06,14026.67,Infosys Limited,19DDDDD4479C8Z2,HSN 8471,INV/2025/76597,True,0
TXN-2025-01473,2025-01-30,34648.05,Global Enterprises,07AAAAA8603B9Z2,HSN 2710,INV/2025/53605,True,0
TXN-2025-01474,2025-06-14,11437.47,Bharat Petroleum Dealer,33EEEEE8784B8Z9,HSN 2710,INV/2025/75923,True,0
TXN-2025-01475,2025-05-01,2665.45,Tata Consultancy Services Ltd,33EEEEE4190F6Z8,SAC 9965,INV/2025/40506,True,0
TXN-2025-01476,2025-05-31,9474.37,Infosys Limited,19DDDDD4479C8Z2,HSN 7208,INV/2025/54998,True,0
TXN-2025-01477,2025-06-29,8902.83,Bharat Petroleum Dealer,33EEEEE8784B8Z9,HSN 8471,INV/2025/14955,True,0
TXN-2025-01478,2025-04-04,15024.39,Verma Stationery Traders,27BBBBB7617P4Z2,SAC 9983,INV/2025/82839,True,0
TXN-2025-01479,2025-06-16,7365.17,Gupta Steel & Hardware Corp,33EEEEE7004B8Z6,HSN 2710,INV/2025/73498,True,0
TXN-2025-01480,2025-03-26,6261.07,Delhi Distribution Network,27BBBBB7929A7Z7,HSN 7208,INV/2025/68690,True,0
TXN-2025-01481,2025-04-05,8868.56,Global Enterprises,07AAAAA8603B9Z2,HSN 5208,INV/2025/48631,True,0
TXN-2025-01482,2025-01-15,5373.6,Apex Packaging Solutions,09CCCCC2077B7Z6,HSN 7208,INV/2025/19559,True,0
TXN-2025-01483,2025-04-05,45295.63,Mehta Tech Solutions LLP,19DDDDD8663C4Z2,HSN 5208,INV/2025/34919,True,0
TXN-2025-01484,2025-06-16,23449.01,Global Enterprises,07AAAAA8603B9Z2,SAC 9983,INV/2025/36293,True,0
TXN-2025-01485,2025-06-24,3190.71,Delhi Distribution Network,27BBBBB7929A7Z7,HSN 5208,INV/2025/21050,True,0
TXN-2025-01486,2025-04-02,11942.54,Delhi Distribution Network,27BBBBB7929A7Z7,HSN 4819,INV/2025/86585,True,0
TXN-2025-01487,2025-06-26,33522.6,Reliance Industries Ltd,07AAAAA9249B4Z5,HSN 4819,INV/2025/50641,True,0
TXN-2025-01488,2025-03-24,22721.66,Apex Packaging Solutions,09CCCCC2077B7Z6,HSN 8471,INV/2025/61850,True,0
TXN-2025-01489,2025-03-31,15937.86,Tata Consultancy Services Ltd,33EEEEE4190F6Z8,SAC 9983,INV/2025/77207,True,0
TXN-2025-01490,2025-03-08,13074.48,Mehta Tech Solutions LLP,19DDDDD8663C4Z2,HSN 2710,INV/2025/77952,True,0
TXN-2025-01491,2025-04-15,7519.28,Infosys Limited,19DDDDD4479C8Z2,HSN 2710,INV/2025/87339,True,0
TXN-2025-01492,2025-06-04,4950.5,Gupta Steel & Hardware Corp,33EEEEE7004B8Z6,HSN 2710,INV/2025/48503,True,0
TXN-2025-01493,2025-01-23,14294.92,Verma Stationery Traders,27BBBBB7617P4Z2,HSN 4819,INV/2025/43640,True,0
TXN-2025-01494,2025-01-03,16669.8,Bharat Petroleum Dealer,33EEEEE8784B8Z9,SAC 9983,INV/2025/92072,True,0
TXN-2025-01495,2025-01-06,22331.15,Gupta Steel & Hardware Corp,33EEEEE7004B8Z6,HSN 5208,INV/2025/30241,True,0
TXN-2025-01496,2025-02-06,25430.77,Reliance Industries Ltd,07AAAAA9249B4Z5,HSN 7208,INV/2025/58437,True,0
TXN-2025-01497,2025-06-25,22635.13,Apex Packaging Solutions,09CCCCC2077B7Z6,HSN 7208,INV/2025/71090,True,0
TXN-2025-01498,2025-05-21,3583.64,Mehta Tech Solutions LLP,19DDDDD8663C4Z2,SAC 9965,INV/2025/90251,True,0
TXN-2025-01499,2025-03-07,4302.5,Apex Packaging Solutions,09CCCCC2077B7Z6,HSN 8471,INV/2025/71583,True,0
TXN-2025-01500,2025-04-23,28524.34,Kapur Electronics,09CCCCC1358C6Z1,HSN 2710,INV/2025/84855,True,0
TXN-2025-01501,2025-03-17,27902.78,Gupta Steel & Hardware Corp,33EEEEE7004B8Z6,SAC 9965,INV/2025/25381,True,0
TXN-2025-01502,2025-05-01,6873.31,Global Enterprises,07AAAAA8603B9Z2,HSN 2710,INV/2025/40098,True,0
TXN-2025-01503,2025-06-16,6869.93,Singhania Textiles Pvt Ltd,09CCCCC3512A7Z3,SAC 9965,INV/2025/79039,True,0
TXN-2025-01504,2025-05-02,14600.71,Chawla IT Services,09CCCCC3968F1Z2,SAC 9965,INV/2025/68264,True,0
TXN-2025-01505,2025-01-08,4124.62,Bharat Petroleum Dealer,33EEEEE8784B8Z9,HSN 5208,INV/2025/88150,True,0
TXN-2025-01506,2025-03-14,250000.0,Singhania Textiles Pvt Ltd,09CCCCC3512A7Z3,CASH PAYMENT,INV/2025/44721,True,1
TXN-2025-01507,2025-06-07,19955.82,Aggarwal Auto Components,33EEEEE6382C7Z7,HSN 4819,INV/2025/56421,True,0
TXN-2025-01508,2025-05-24,10245.98,Apex Packaging Solutions,09CCCCC2077B7Z6,HSN 7208,INV/2025/18099,True,0
TXN-2025-01509,2025-06-06,20959.75,Kapur Electronics,09CCCCC1358C6Z1,HSN 5208,INV/2025/10407,True,0
TXN-2025-01510,2025-05-08,4766.93,Global Enterprises,07AAAAA8603B9Z2,HSN 5208,INV/2025/55602,True,0
TXN-2025-01511,2025-02-12,26093.01,Aggarwal Auto Components,33EEEEE6382C7Z7,HSN 7208,INV/2025/54814,True,0
TXN-2025-01512,2025-06-25,66343.96,Chawla IT Services,09CCCCC3968F1Z2,HSN 8471,INV/2025/44109,True,0
TXN-2025-01513,2025-02-13,185000.0,Apex Packaging Solutions,09CCCCC2077B7Z6,UNCLASSIFIED,INV/2025/99214,True,1
TXN-2025-01514,2025-05-19,23382.64,Reliance Industries Ltd,07AAAAA9249B4Z5,SAC 9983,INV/2025/34703,True,0
TXN-2025-01515,2025-01-03,5024.31,Gupta Steel & Hardware Corp,33EEEEE7004B8Z6,HSN 2710,INV/2025/13974,True,0
TXN-2025-01516,2025-06-29,6337.32,Mehta Tech Solutions LLP,19DDDDD8663C4Z2,HSN 8471,INV/2025/34167,True,0
TXN-2025-01517,2025-01-21,23551.03,Gupta Steel & Hardware Corp,33EEEEE7004B8Z6,SAC 9965,INV/2025/40897,True,0
TXN-2025-01518,2025-04-11,12902.35,Reliance Industries Ltd,07AAAAA9249B4Z5,SAC 9983,INV/2025/44874,True,0
TXN-2025-01519,2025-03-02,8202.12,Infosys Limited,19DDDDD4479C8Z2,HSN 8471,INV/2025/50090,True,0
TXN-2025-01520,2025-01-30,15006.76,Apex Packaging Solutions,09CCCCC2077B7Z6,SAC 9965,INV/2025/15926,True,0
TXN-2025-01521,2025-06-20,4518.86,Singhania Textiles Pvt Ltd,09CCCCC3512A7Z3,HSN 7208,INV/2025/57414,True,0
TXN-2025-01522,2025-05-11,12840.79,Global Enterprises,07AAAAA8603B9Z2,SAC 9983,INV/2025/63089,True,0
TXN-2025-01523,2025-02-09,38981.81,Bharat Petroleum Dealer,33EEEEE8784B8Z9,SAC 9983,INV/2025/38355,True,0
TXN-2025-01524,2025-06-18,24738.19,Chawla IT Services,09CCCCC3968F1Z2,HSN 4819,INV/2025/17628,True,0
TXN-2025-01525,2025-04-21,25945.82,Gupta Steel & Hardware Corp,33EEEEE7004B8Z6,SAC 9983,INV/2025/28817,True,0
TXN-2025-01526,2025-05-17,17146.35,Kapur Electronics,09CCCCC1358C6Z1,SAC 9983,INV/2025/37825,True,0
TXN-2025-01527,2025-04-05,46915.71,Gupta Steel & Hardware Corp,33EEEEE7004B8Z6,HSN 4819,INV/2025/44808,True,0
TXN-2025-01528,2025-01-23,3883.76,Apex Packaging Solutions,09CCCCC2077B7Z6,HSN 7208,INV/2025/63623,True,0
TXN-2025-01529,2025-01-07,6114.96,Mehta Tech Solutions LLP,19DDDDD8663C4Z2,HSN 5208,INV/2025/65813,True,0
TXN-2025-01530,2025-04-03,27044.94,Apex Packaging Solutions,09CCCCC2077B7Z6,HSN 7208,INV/2025/68012,True,0
TXN-2025-01531,2025-04-04,58259.64,Sharma Logistics & Freight,09CCCCC4166B2Z8,HSN 7208,INV/2025/84262,True,0
TXN-2025-01532,2025-04-29,23101.55,Delhi Distribution Network,27BBBBB7929A7Z7,HSN 4819,INV/2025/42556,True,0
TXN-2025-01533,2025-01-26,7750.08,Kapur Electronics,09CCCCC1358C6Z1,SAC 9983,INV/2025/34264,True,0
TXN-2025-01534,2025-04-07,11889.05,Aggarwal Auto Components,33EEEEE6382C7Z7,HSN 4819,INV/2025/41943,True,0
TXN-2025-01535,2025-05-08,14159.91,Verma Stationery Traders,27BBBBB7617P4Z2,HSN 4819,INV/2025/70351,True,0
TXN-2025-01536,2025-03-25,61248.25,Tata Consultancy Services Ltd,33EEEEE4190F6Z8,HSN 2710,INV/2025/80034,True,0
TXN-2025-01537,2025-03-16,52407.09,Kapur Electronics,09CCCCC1358C6Z1,HSN 5208,INV/2025/53003,True,0
TXN-2025-01538,2025-06-03,36445.08,Kapur Electronics,09CCCCC1358C6Z1,HSN 7208,INV/2025/52525,True,0
TXN-2025-01539,2025-02-08,35613.03,Infosys Limited,19DDDDD4479C8Z2,SAC 9983,INV/2025/41884,True,0
TXN-2025-01540,2025-06-06,3030.1,Global Enterprises,07AAAAA8603B9Z2,HSN 2710,INV/2025/29349,True,0
TXN-2025-01541,2025-06-02,5265.25,Mehta Tech Solutions LLP,19DDDDD8663C4Z2,HSN 2710,INV/2025/23397,True,0
TXN-2025-01542,2025-06-22,13429.86,Tata Consultancy Services Ltd,33EEEEE4190F6Z8,HSN 7208,INV/2025/66218,True,0
TXN-2025-01543,2025-05-13,11781.44,Tata Consultancy Services Ltd,33EEEEE4190F6Z8,HSN 5208,INV/2025/72039,True,0
TXN-2025-01544,2025-06-19,44603.99,Tata Consultancy Services Ltd,33EEEEE4190F6Z8,HSN 5208,INV/2025/58947,True,0
TXN-2025-01545,2025-02-26,27994.23,Kapur Electronics,09CCCCC1358C6Z1,SAC 9965,INV/2025/10641,True,0
TXN-2025-01546,2025-05-13,18745.55,Bharat Petroleum Dealer,33EEEEE8784B8Z9,HSN 4819,INV/2025/10337,True,0
TXN-2025-01547,2025-04-12,20839.25,Kapur Electronics,09CCCCC1358C6Z1,SAC 9983,INV/2025/31943,True,0
TXN-2025-01548,2025-06-24,250000.0,Apex Packaging Solutions,09CCCCC2077B7Z6,CASH PAYMENT,INV/2025/25088,True,1
TXN-2025-01549,2025-05-21,12600.86,Chawla IT Services,09CCCCC3968F1Z2,HSN 8471,INV/2025/49337,True,0
TXN-2025-01550,2025-01-22,8674.39,Delhi Distribution Network,27BBBBB7929A7Z7,HSN 2710,INV/2025/87595,True,0
TXN-2025-01551,2025-02-18,14603.86,Bharat Petroleum Dealer,33EEEEE8784B8Z9,HSN 7208,INV/2025/57745,True,0
TXN-2025-01552,2025-01-04,5259.63,Chawla IT Services,09CCCCC3968F1Z2,HSN 4819,INV/2025/43717,True,0
TXN-2025-01553,2025-06-01,31863.71,Reliance Industries Ltd,07AAAAA9249B4Z5,HSN 5208,INV/2025/93276,True,0
TXN-2025-01554,2025-01-03,10805.8,Global Enterprises,07AAAAA8603B9Z2,SAC 9983,INV/2025/74672,True,0
TXN-2025-01555,2025-06-21,13819.3,Chawla IT Services,09CCCCC3968F1Z2,HSN 8471,INV/2025/11792,True,0
TXN-2025-01556,2025-04-28,7618.15,Verma Stationery Traders,27BBBBB7617P4Z2,HSN 4819,INV/2025/99111,True,0
TXN-2025-01557,2025-01-01,4710.72,Gupta Steel & Hardware Corp,33EEEEE7004B8Z6,HSN 7208,INV/2025/82135,True,0
TXN-2025-01558,2025-05-27,11393.09,Verma Stationery Traders,27BBBBB7617P4Z2,HSN 7208,INV/2025/53360,True,0
TXN-2025-01559,2025-03-24,12426.87,Mehta Tech Solutions LLP,19DDDDD8663C4Z2,HSN 4819,INV/2025/73855,True,0
TXN-2025-01560,2025-03-29,10802.39,Delhi Distribution Network,27BBBBB7929A7Z7,HSN 7208,INV/2025/81132,True,0
TXN-2025-01561,2025-06-27,45703.75,Gupta Steel & Hardware Corp,33EEEEE7004B8Z6,SAC 9965,INV/2025/53628,True,0
TXN-2025-01562,2025-06-06,11618.91,Mehta Tech Solutions LLP,19DDDDD8663C4Z2,HSN 8471,INV/2025/10683,True,0
TXN-2025-01563,2025-05-16,7690.97,Kapur Electronics,09CCCCC1358C6Z1,HSN 5208,INV/2025/30020,True,0
TXN-2025-01564,2025-05-29,23269.01,Chawla IT Services,09CCCCC3968F1Z2,HSN 4819,INV/2025/50441,True,0
TXN-2025-01565,2025-01-12,14228.21,Mehta Tech Solutions LLP,19DDDDD8663C4Z2,HSN 2710,INV/2025/17062,True,0
TXN-2025-01566,2025-02-15,66418.14,Delhi Distribution Network,27BBBBB7929A7Z7,HSN 4819,INV/2025/89619,True,0
TXN-2025-01567,2025-04-12,185000.0,Apex Packaging Solutions,09CCCCC2077B7Z6,UNCLASSIFIED,INV/2025/55846,True,1
TXN-2025-01568,2025-01-06,8276.28,Gupta Steel & Hardware Corp,33EEEEE7004B8Z6,SAC 9983,INV/2025/14861,True,0
TXN-2025-01569,2025-05-07,21014.15,Delhi Distribution Network,27BBBBB7929A7Z7,SAC 9965,INV/2025/56018,True,0
TXN-2025-01570,2025-02-26,20870.45,Chawla IT Services,09CCCCC3968F1Z2,HSN 8471,INV/2025/63108,True,0
TXN-2025-01571,2025-06-15,1474.52,Global Enterprises,07AAAAA8603B9Z2,SAC 9983,INV/2025/65553,True,0
TXN-2025-01572,2025-05-30,18734.46,Infosys Limited,19DDDDD4479C8Z2,HSN 2710,INV/2025/60556,True,0
TXN-2025-01573,2025-02-24,5065.72,Kapur Electronics,09CCCCC1358C6Z1,HSN 4819,INV/2025/60869,True,0
TXN-2025-01574,2025-01-19,15201.37,Aggarwal Auto Components,33EEEEE6382C7Z7,HSN 7208,INV/2025/14926,True,0
TXN-2025-01575,2025-05-10,17708.28,Global Enterprises,07AAAAA8603B9Z2,HSN 5208,INV/2025/28615,True,0
TXN-2025-01576,2025-05-17,1000000.0,Sharma Logistics & Freight,09CCCCC4166B2Z8,HSN 2710,INV/2025/27493,True,1
TXN-2025-01577,2025-05-28,7183.99,Reliance Industries Ltd,07AAAAA9249B4Z5,HSN 7208,INV/2025/89820,True,0
TXN-2025-01578,2025-02-16,57972.58,Gupta Steel & Hardware Corp,33EEEEE7004B8Z6,HSN 2710,INV/2025/61804,True,0
TXN-2025-01579,2025-06-14,6354.98,Apex Packaging Solutions,09CCCCC2077B7Z6,HSN 2710,INV/2025/23031,True,0
TXN-2025-01580,2025-04-26,2276.06,Reliance Industries Ltd,07AAAAA9249B4Z5,HSN 5208,INV/2025/40479,True,0
TXN-2025-01581,2025-03-08,21068.94,Delhi Distribution Network,27BBBBB7929A7Z7,HSN 8471,INV/2025/57420,True,0
TXN-2025-01582,2025-02-18,6810.4,Global Enterprises,07AAAAA8603B9Z2,HSN 2710,INV/2025/95542,True,0
TXN-2025-01583,2025-06-13,5054.12,Aggarwal Auto Components,33EEEEE6382C7Z7,HSN 2710,INV/2025/63042,True,0
TXN-2025-01584,2025-06-27,24602.3,Tata Consultancy Services Ltd,33EEEEE4190F6Z8,HSN 4819,INV/2025/50001,True,0
TXN-2025-01585,2025-06-15,6351.85,Singhania Textiles Pvt Ltd,09CCCCC3512A7Z3,HSN 5208,INV/2025/51939,True,0
TXN-2025-01586,2025-02-20,18289.29,Infosys Limited,19DDDDD4479C8Z2,SAC 9965,INV/2025/97324,True,0
TXN-2025-01587,2025-06-07,11179.53,Kapur Electronics,09CCCCC1358C6Z1,HSN 2710,INV/2025/81415,True,0
TXN-2025-01588,2025-04-20,6019.33,Infosys Limited,19DDDDD4479C8Z2,SAC 9965,INV/2025/13749,True,0
TXN-2025-01589,2025-01-09,3714.34,Reliance Industries Ltd,07AAAAA9249B4Z5,SAC 9965,INV/2025/40182,True,0
TXN-2025-01590,2025-05-17,1985.93,Aggarwal Auto Components,33EEEEE6382C7Z7,HSN 7208,INV/2025/89423,True,0
TXN-2025-01591,2025-01-22,52554.9,Infosys Limited,19DDDDD4479C8Z2,SAC 9965,INV/2025/27806,True,0
TXN-2025-01592,2025-03-11,31021.73,Tata Consultancy Services Ltd,33EEEEE4190F6Z8,HSN 5208,INV/2025/23918,True,0
TXN-2025-01593,2025-03-20,17068.94,Chawla IT Services,09CCCCC3968F1Z2,HSN 2710,INV/2025/10260,True,0
TXN-2025-01594,2025-06-09,17361.22,Infosys Limited,19DDDDD4479C8Z2,HSN 8471,INV/2025/56963,True,0
TXN-2025-01595,2025-05-12,21326.82,Singhania Textiles Pvt Ltd,09CCCCC3512A7Z3,HSN 5208,INV/2025/71412,True,0
TXN-2025-01596,2025-05-03,16690.53,Verma Stationery Traders,27BBBBB7617P4Z2,SAC 9965,INV/2025/66593,True,0
TXN-2025-01597,2025-05-05,32340.0,Delhi Distribution Network,27BBBBB7929A7Z7,SAC 9965,INV/2025/72786,True,0
TXN-2025-01598,2025-02-05,12484.29,Singhania Textiles Pvt Ltd,09CCCCC3512A7Z3,HSN 2710,INV/2025/45669,True,0
TXN-2025-01599,2025-03-16,27624.36,Sharma Logistics & Freight,09CCCCC4166B2Z8,HSN 4819,INV/2025/13638,True,0
TXN-2025-01600,2025-06-18,3745.59,Chawla IT Services,09CCCCC3968F1Z2,HSN 2710,INV/2025/56779,True,0
TXN-2025-01601,2025-02-04,6535.96,Delhi Distribution Network,27BBBBB7929A7Z7,HSN 2710,INV/2025/34052,True,0
TXN-2025-01602,2025-03-12,11332.31,Sharma Logistics & Freight,09CCCCC4166B2Z8,HSN 7208,INV/2025/73168,True,0
TXN-2025-01603,2025-06-02,32275.34,Tata Consultancy Services Ltd,33EEEEE4190F6Z8,SAC 9983,INV/2025/34979,True,0
TXN-2025-01604,2025-03-11,28742.22,Chawla IT Services,09CCCCC3968F1Z2,HSN 8471,INV/2025/99752,True,0
TXN-2025-01605,2025-03-12,6967.16,Mehta Tech Solutions LLP,19DDDDD8663C4Z2,HSN 7208,INV/2025/49666,True,0
TXN-2025-01606,2025-04-10,9249.81,Singhania Textiles Pvt Ltd,09CCCCC3512A7Z3,HSN 7208,INV/2025/10627,True,0
TXN-2025-01607,2025-02-24,7557.37,Singhania Textiles Pvt Ltd,09CCCCC3512A7Z3,HSN 8471,INV/2025/29115,True,0
TXN-2025-01608,2025-05-25,10215.06,Mehta Tech Solutions LLP,19DDDDD8663C4Z2,HSN 2710,INV/2025/89648,True,0
TXN-2025-01609,2025-05-24,14760.07,Mehta Tech Solutions LLP,19DDDDD8663C4Z2,HSN 7208,INV/2025/16516,True,0
TXN-2025-01610,2025-05-16,16287.53,Verma Stationery Traders,27BBBBB7617P4Z2,HSN 5208,INV/2025/63862,True,0
TXN-2025-01611,2025-05-07,13335.32,Reliance Industries Ltd,07AAAAA9249B4Z5,HSN 8471,INV/2025/13287,True,0
TXN-2025-01612,2025-01-31,57277.53,Chawla IT Services,09CCCCC3968F1Z2,HSN 2710,INV/2025/79149,True,0
TXN-2025-01613,2025-04-15,8234.19,Delhi Distribution Network,27BBBBB7929A7Z7,SAC 9965,INV/2025/99594,True,0
TXN-2025-01614,2025-04-10,58555.39,Kapur Electronics,09CCCCC1358C6Z1,HSN 7208,INV/2025/52458,True,0
TXN-2025-01615,2025-04-24,6118.06,Singhania Textiles Pvt Ltd,09CCCCC3512A7Z3,SAC 9983,INV/2025/57230,True,0
TXN-2025-01616,2025-02-26,7389.66,Chawla IT Services,09CCCCC3968F1Z2,HSN 7208,INV/2025/56832,True,0
TXN-2025-01617,2025-02-23,15435.69,Delhi Distribution Network,27BBBBB7929A7Z7,HSN 8471,INV/2025/73034,True,0
TXN-2025-01618,2025-04-27,127933.43,Infosys Limited,19DDDDD4479C8Z2,HSN 7208,INV/2025/18196,True,0
TXN-2025-01619,2025-04-04,10049.23,Mehta Tech Solutions LLP,07INVALIDGSTIN12,HSN 4819,INV/2025/18679,True,1
TXN-2025-01620,2025-03-06,15158.71,Singhania Textiles Pvt Ltd,09CCCCC3512A7Z3,HSN 5208,INV/2025/43397,True,0
TXN-2025-01621,2025-04-02,1094.24,Sharma Logistics & Freight,09CCCCC4166B2Z8,SAC 9983,INV/2025/86770,True,0
TXN-2025-01622,2025-05-19,15828.14,Verma Stationery Traders,27BBBBB7617P4Z2,HSN 7208,INV/2025/62902,True,0
TXN-2025-01623,2025-04-19,9687.52,Mehta Tech Solutions LLP,19DDDDD8663C4Z2,HSN 7208,INV/2025/10980,True,0
TXN-2025-01624,2025-01-19,22517.74,Delhi Distribution Network,27BBBBB7929A7Z7,SAC 9983,INV/2025/19002,True,0
TXN-2025-01625,2025-06-07,120000.0,Chawla IT Services,09CCCCC3968F1Z2,SAC 9983 (NO TDS),INV/2025/48177,False,1
TXN-2025-01626,2025-04-25,7620.93,Kapur Electronics,09CCCCC1358C6Z1,SAC 9965,INV/2025/98643,True,0
TXN-2025-01627,2025-05-18,4058.96,Reliance Industries Ltd,07AAAAA9249B4Z5,SAC 9983,INV/2025/55972,True,0
TXN-2025-01628,2025-05-07,60693.36,Reliance Industries Ltd,07AAAAA9249B4Z5,SAC 9983,INV/2025/99325,True,0
TXN-2025-01629,2025-04-26,9955.85,Chawla IT Services,09CCCCC3968F1Z2,HSN 7208,INV/2025/94994,True,0
TXN-2025-01630,2025-01-30,15795.56,Global Enterprises,07AAAAA8603B9Z2,HSN 2710,INV/2025/92848,True,0
TXN-2025-01631,2025-03-20,7421.56,Infosys Limited,19DDDDD4479C8Z2,HSN 4819,INV/2025/29525,True,0
TXN-2025-01632,2025-03-24,11183.58,Aggarwal Auto Components,33EEEEE6382C7Z7,HSN 4819,INV/2025/59762,True,0
TXN-2025-01633,2025-03-05,6181.67,Verma Stationery Traders,27BBBBB7617P4Z2,HSN 7208,INV/2025/48784,True,0
TXN-2025-01634,2025-02-15,16002.72,Delhi Distribution Network,27BBBBB7929A7Z7,SAC 9965,INV/2025/81629,True,0
TXN-2025-01635,2025-03-21,11770.54,Verma Stationery Traders,27BBBBB7617P4Z2,HSN 4819,INV/2025/54992,True,0
TXN-2025-01636,2025-02-19,34773.98,Chawla IT Services,09CCCCC3968F1Z2,HSN 2710,INV/2025/81965,True,0
TXN-2025-01637,2025-03-23,3922.28,Apex Packaging Solutions,09CCCCC2077B7Z6,HSN 4819,INV/2025/53056,True,0
TXN-2025-01638,2025-01-23,19866.5,Global Enterprises,07AAAAA8603B9Z2,HSN 7208,INV/2025/27446,True,0
TXN-2025-01639,2025-06-22,7415.44,Delhi Distribution Network,27BBBBB7929A7Z7,HSN 8471,INV/2025/28684,True,0
TXN-2025-01640,2025-05-28,9977.43,Apex Packaging Solutions,09CCCCC2077B7Z6,SAC 9965,INV/2025/26302,True,0
TXN-2025-01641,2025-02-16,8389.57,Infosys Limited,19DDDDD4479C8Z2,SAC 9983,INV/2025/49609,True,0
TXN-2025-01642,2025-06-08,66823.52,Apex Packaging Solutions,09CCCCC2077B7Z6,SAC 9983,INV/2025/18422,True,0
TXN-2025-01643,2025-04-26,24732.5,Infosys Limited,19DDDDD4479C8Z2,SAC 9965,INV/2025/70125,True,0
TXN-2025-01644,2025-05-16,23399.27,Chawla IT Services,09CCCCC3968F1Z2,SAC 9983,INV/2025/71970,True,0
TXN-2025-01645,2025-01-30,31276.09,Chawla IT Services,09CCCCC3968F1Z2,HSN 4819,INV/2025/14535,True,0
TXN-2025-01646,2025-03-11,11503.49,Mehta Tech Solutions LLP,19DDDDD8663C4Z2,SAC 9983,INV/2025/82300,True,0
TXN-2025-01647,2025-02-15,7112.85,Global Enterprises,07AAAAA8603B9Z2,HSN 2710,INV/2025/13582,True,0
TXN-2025-01648,2025-01-26,11602.99,Infosys Limited,19DDDDD4479C8Z2,HSN 7208,INV/2025/23841,True,0
TXN-2025-01649,2025-04-29,7260.95,Tata Consultancy Services Ltd,33EEEEE4190F6Z8,SAC 9983,INV/2025/78213,True,0
TXN-2025-01650,2025-06-20,10718.81,Gupta Steel & Hardware Corp,33EEEEE7004B8Z6,HSN 5208,INV/2025/74994,True,0
TXN-2025-01651,2025-05-06,21165.86,Tata Consultancy Services Ltd,33EEEEE4190F6Z8,HSN 2710,INV/2025/20907,True,0
TXN-2025-01652,2025-05-27,55552.6,Infosys Limited,19DDDDD4479C8Z2,HSN 5208,INV/2025/22045,True,0
TXN-2025-01653,2025-06-05,250000.0,Verma Stationery Traders,27BBBBB7617P4Z2,CASH PAYMENT,INV/2025/11418,True,1
TXN-2025-01654,2025-05-10,35731.95,Tata Consultancy Services Ltd,33EEEEE4190F6Z8,HSN 8471,INV/2025/28665,True,0
TXN-2025-01655,2025-05-21,1000000.0,Kapur Electronics,09CCCCC1358C6Z1,SAC 9965,INV/2025/33576,True,1
TXN-2025-01656,2025-02-18,24853.05,Bharat Petroleum Dealer,33EEEEE8784B8Z9,SAC 9965,INV/2025/96286,True,0
TXN-2025-01657,2025-02-10,22536.14,Delhi Distribution Network,27BBBBB7929A7Z7,HSN 8471,INV/2025/10947,True,0
TXN-2025-01658,2025-06-15,3032.61,Tata Consultancy Services Ltd,33EEEEE4190F6Z8,SAC 9965,INV/2025/62254,True,0
TXN-2025-01659,2025-03-04,12694.64,Verma Stationery Traders,27BBBBB7617P4Z2,SAC 9983,INV/2025/20541,True,0
TXN-2025-01660,2025-03-16,8342.67,Aggarwal Auto Components,33EEEEE6382C7Z7,HSN 4819,INV/2025/53423,True,0
TXN-2025-01661,2025-02-13,53762.56,Reliance Industries Ltd,07AAAAA9249B4Z5,HSN 5208,INV/2025/59814,True,0
TXN-2025-01662,2025-01-27,11377.43,Mehta Tech Solutions LLP,19DDDDD8663C4Z2,HSN 5208,INV/2025/12855,True,0
TXN-2025-01663,2025-01-25,56374.86,Reliance Industries Ltd,07AAAAA9249B4Z5,SAC 9983,INV/2025/48442,True,0
TXN-2025-01664,2025-02-11,2841.43,Singhania Textiles Pvt Ltd,09CCCCC3512A7Z3,HSN 8471,INV/2025/20236,True,0
TXN-2025-01665,2025-02-26,25551.76,Singhania Textiles Pvt Ltd,09CCCCC3512A7Z3,SAC 9965,INV/2025/13254,True,0
TXN-2025-01666,2025-03-11,26484.39,Bharat Petroleum Dealer,33EEEEE8784B8Z9,HSN 4819,INV/2025/74221,True,0
TXN-2025-01667,2025-03-06,15325.87,Tata Consultancy Services Ltd,33EEEEE4190F6Z8,SAC 9965,INV/2025/67706,True,0
TXN-2025-01668,2025-02-17,11084.56,Chawla IT Services,09CCCCC3968F1Z2,SAC 9965,INV/2025/59745,True,0
TXN-2025-01669,2025-02-27,23165.88,Kapur Electronics,09CCCCC1358C6Z1,HSN 2710,INV/2025/55990,True,0
TXN-2025-01670,2025-05-08,51691.58,Mehta Tech Solutions LLP,19DDDDD8663C4Z2,HSN 2710,INV/2025/26068,True,0
TXN-2025-01671,2025-05-05,10086.33,Apex Packaging Solutions,09CCCCC2077B7Z6,HSN 7208,INV/2025/13397,True,0
TXN-2025-01672,2025-01-11,11560.48,Reliance Industries Ltd,07AAAAA9249B4Z5,HSN 4819,INV/2025/25138,True,0
TXN-2025-01673,2025-05-16,16331.8,Aggarwal Auto Components,33EEEEE6382C7Z7,HSN 5208,INV/2025/89685,True,0
TXN-2025-01674,2025-03-20,9543.1,Sharma Logistics & Freight,09CCCCC4166B2Z8,SAC 9965,INV/2025/46565,True,0
TXN-2025-01675,2025-03-21,30178.71,Chawla IT Services,09CCCCC3968F1Z2,SAC 9983,INV/2025/23391,True,0
TXN-2025-01676,2025-03-08,41567.01,Chawla IT Services,09CCCCC3968F1Z2,HSN 7208,INV/2025/78872,True,0
TXN-2025-01677,2025-06-09,24721.46,Sharma Logistics & Freight,09CCCCC4166B2Z8,SAC 9983,INV/2025/11418,True,0
TXN-2025-01678,2025-06-11,17229.19,Kapur Electronics,09CCCCC1358C6Z1,HSN 4819,INV/2025/34468,True,0
TXN-2025-01679,2025-06-15,19884.9,Apex Packaging Solutions,09CCCCC2077B7Z6,HSN 4819,INV/2025/80998,True,0
TXN-2025-01680,2025-03-14,2956.28,Apex Packaging Solutions,09CCCCC2077B7Z6,HSN 7208,INV/2025/20288,True,0
TXN-2025-01681,2025-06-29,6619.07,Chawla IT Services,09CCCCC3968F1Z2,SAC 9965,INV/2025/40930,True,0
TXN-2025-01682,2025-06-03,3504.81,Chawla IT Services,09CCCCC3968F1Z2,HSN 7208,INV/2025/33070,True,0
TXN-2025-01683,2025-01-26,33227.29,Gupta Steel & Hardware Corp,33EEEEE7004B8Z6,HSN 2710,INV/2025/74047,True,0
TXN-2025-01684,2025-02-09,4955.16,Bharat Petroleum Dealer,33EEEEE8784B8Z9,HSN 8471,INV/2025/98444,True,0
TXN-2025-01685,2025-04-24,15541.66,Kapur Electronics,09CCCCC1358C6Z1,HSN 8471,INV/2025/69582,True,0
TXN-2025-01686,2025-01-10,52476.05,Kapur Electronics,09CCCCC1358C6Z1,HSN 4819,INV/2025/90606,True,0
TXN-2025-01687,2025-02-19,26855.07,Delhi Distribution Network,27BBBBB7929A7Z7,HSN 5208,INV/2025/66953,True,0
TXN-2025-01688,2025-03-28,14738.37,Aggarwal Auto Components,33EEEEE6382C7Z7,SAC 9983,INV/2025/88677,True,0
TXN-2025-01689,2025-05-10,7559.05,Kapur Electronics,09CCCCC1358C6Z1,SAC 9965,INV/2025/24064,True,0
TXN-2025-01690,2025-06-30,8012.65,Sharma Logistics & Freight,09CCCCC4166B2Z8,HSN 7208,INV/2025/22849,True,0
TXN-2025-01691,2025-04-07,16262.14,Kapur Electronics,09CCCCC1358C6Z1,SAC 9965,INV/2025/63887,True,0
TXN-2025-01692,2025-01-03,18503.76,Reliance Industries Ltd,07AAAAA9249B4Z5,HSN 7208,INV/2025/83065,True,0
TXN-2025-01693,2025-04-01,11768.2,Chawla IT Services,09CCCCC3968F1Z2,HSN 4819,INV/2025/50810,True,0
TXN-2025-01694,2025-03-19,5899.24,Verma Stationery Traders,27BBBBB7617P4Z2,SAC 9983,INV/2025/46880,True,0
TXN-2025-01695,2025-04-16,3603.4,Sharma Logistics & Freight,09CCCCC4166B2Z8,SAC 9965,INV/2025/93828,True,0
TXN-2025-01696,2025-06-17,10064.56,Singhania Textiles Pvt Ltd,09CCCCC3512A7Z3,SAC 9965,INV/2025/94174,True,0
TXN-2025-01697,2025-05-22,7685.16,Chawla IT Services,09CCCCC3968F1Z2,HSN 5208,INV/2025/97678,True,0
TXN-2025-01698,2025-03-30,36110.52,Gupta Steel & Hardware Corp,33EEEEE7004B8Z6,HSN 4819,INV/2025/94817,True,0
TXN-2025-01699,2025-06-23,43632.01,Apex Packaging Solutions,09CCCCC2077B7Z6,HSN 5208,INV/2025/75582,True,0
TXN-2025-01700,2025-01-05,2706.72,Singhania Textiles Pvt Ltd,09CCCCC3512A7Z3,HSN 2710,INV/2025/36892,True,0
TXN-2025-01701,2025-02-17,15158.77,Chawla IT Services,09CCCCC3968F1Z2,HSN 2710,INV/2025/73262,True,0
TXN-2025-01702,2025-04-09,105048.14,Bharat Petroleum Dealer,33EEEEE8784B8Z9,SAC 9983,INV/2025/75894,True,0
TXN-2025-01703,2025-04-14,42459.55,Verma Stationery Traders,27BBBBB7617P4Z2,SAC 9965,INV/2025/11340,True,0
TXN-2025-01704,2025-06-16,9749.18,Infosys Limited,19DDDDD4479C8Z2,HSN 2710,INV/2025/63449,True,0
TXN-2025-01705,2025-02-20,29878.93,Reliance Industries Ltd,07AAAAA9249B4Z5,SAC 9983,INV/2025/77247,True,0
TXN-2025-01706,2025-02-13,15373.31,Reliance Industries Ltd,07AAAAA9249B4Z5,HSN 4819,INV/2025/44547,True,0
TXN-2025-01707,2025-02-22,16410.31,Mehta Tech Solutions LLP,19DDDDD8663C4Z2,SAC 9983,INV/2025/83837,True,0
TXN-2025-01708,2025-05-03,55745.89,Reliance Industries Ltd,07AAAAA9249B4Z5,SAC 9983,INV/2025/20643,True,0
TXN-2025-01709,2025-02-13,6836.42,Chawla IT Services,09CCCCC3968F1Z2,HSN 7208,INV/2025/75685,True,0
TXN-2025-01710,2025-05-08,33360.9,Reliance Industries Ltd,07AAAAA9249B4Z5,HSN 5208,INV/2025/73930,True,0
TXN-2025-01711,2025-02-05,7608.51,Aggarwal Auto Components,33EEEEE6382C7Z7,HSN 4819,INV/2025/89361,True,0
TXN-2025-01712,2025-03-09,20257.2,Delhi Distribution Network,27BBBBB7929A7Z7,HSN 8471,INV/2025/18567,True,0
TXN-2025-01713,2025-06-08,12316.77,Global Enterprises,07AAAAA8603B9Z2,HSN 2710,INV/2025/48766,True,0
TXN-2025-01714,2025-03-20,14116.01,Global Enterprises,07AAAAA8603B9Z2,HSN 8471,INV/2025/21087,True,0
TXN-2025-01715,2025-04-05,101389.61,Sharma Logistics & Freight,09CCCCC4166B2Z8,SAC 9983,INV/2025/51481,True,0
TXN-2025-01716,2025-02-13,7494.3,Reliance Industries Ltd,07AAAAA9249B4Z5,HSN 7208,INV/2025/29706,True,0
TXN-2025-01717,2025-04-09,50629.28,Apex Packaging Solutions,09CCCCC2077B7Z6,HSN 5208,INV/2025/16645,True,0
TXN-2025-01718,2025-03-08,7415.6,Singhania Textiles Pvt Ltd,09CCCCC3512A7Z3,HSN 4819,INV/2025/70165,True,0
TXN-2025-01719,2025-06-25,13674.5,Global Enterprises,07AAAAA8603B9Z2,HSN 4819,INV/2025/84380,True,0
TXN-2025-01720,2025-04-05,37000.15,Apex Packaging Solutions,09CCCCC4166B2Z8,HSN 7208,INV/2025/51481,True,1
TXN-2025-01721,2025-01-17,14143.94,Tata Consultancy Services Ltd,33EEEEE4190F6Z8,SAC 9965,INV/2025/13397,True,0
TXN-2025-01722,2025-02-08,16791.99,Kapur Electronics,09CCCCC1358C6Z1,HSN 7208,INV/2025/48763,True,0
TXN-2025-01723,2025-04-02,12857.07,Tata Consultancy Services Ltd,33EEEEE4190F6Z8,HSN 5208,INV/2025/46844,True,0
TXN-2025-01724,2025-04-01,13439.6,Sharma Logistics & Freight,09CCCCC4166B2Z8,SAC 9983,INV/2025/60486,True,0
TXN-2025-01725,2025-04-27,27429.28,Mehta Tech Solutions LLP,19DDDDD8663C4Z2,HSN 5208,INV/2025/22283,True,0
TXN-2025-01726,2025-02-06,250000.0,Reliance Industries Ltd,07AAAAA9249B4Z5,CASH PAYMENT,INV/2025/31308,True,1
TXN-2025-01727,2025-06-11,7843.55,Mehta Tech Solutions LLP,19DDDDD8663C4Z2,HSN 5208,INV/2025/13730,True,0
TXN-2025-01728,2025-03-05,24772.51,Bharat Petroleum Dealer,33EEEEE8784B8Z9,HSN 5208,INV/2025/40550,True,0
TXN-2025-01729,2025-02-13,18282.78,Apex Packaging Solutions,09CCCCC2077B7Z6,HSN 8471,INV/2025/22689,True,0
TXN-2025-01730,2025-01-21,26189.43,Verma Stationery Traders,27BBBBB7617P4Z2,HSN 8471,INV/2025/86715,True,0
TXN-2025-01731,2025-06-20,22648.93,Sharma Logistics & Freight,09CCCCC4166B2Z8,HSN 5208,INV/2025/15259,True,0
TXN-2025-01732,2025-04-13,22121.91,Apex Packaging Solutions,09CCCCC2077B7Z6,HSN 8471,INV/2025/56981,True,0
TXN-2025-01733,2025-04-06,8988.18,Infosys Limited,19DDDDD4479C8Z2,HSN 7208,INV/2025/45512,True,0
TXN-2025-01734,2025-01-06,120000.0,Bharat Petroleum Dealer,33EEEEE8784B8Z9,SAC 9983 (NO TDS),INV/2025/82807,False,1
TXN-2025-01735,2025-02-25,24201.73,Mehta Tech Solutions LLP,19DDDDD8663C4Z2,SAC 9965,INV/2025/85631,True,0
TXN-2025-01736,2025-05-25,16244.29,Chawla IT Services,09CCCCC3968F1Z2,HSN 2710,INV/2025/90652,True,0
TXN-2025-01737,2025-04-18,35910.75,Delhi Distribution Network,27BBBBB7929A7Z7,HSN 4819,INV/2025/44142,True,0
TXN-2025-01738,2025-01-18,29733.8,Bharat Petroleum Dealer,33EEEEE8784B8Z9,HSN 5208,INV/2025/40109,True,0
TXN-2025-01739,2025-01-02,48529.87,Sharma Logistics & Freight,09CCCCC4166B2Z8,HSN 4819,INV/2025/21701,True,0
TXN-2025-01740,2025-01-06,10822.96,Sharma Logistics & Freight,09CCCCC4166B2Z8,SAC 9965,INV/2025/56486,True,0
TXN-2025-01741,2025-02-08,11042.79,Global Enterprises,07AAAAA8603B9Z2,HSN 7208,INV/2025/82327,True,0
TXN-2025-01742,2025-06-27,14515.49,Bharat Petroleum Dealer,33EEEEE8784B8Z9,HSN 4819,INV/2025/94825,True,0
TXN-2025-01743,2025-05-29,7025.37,Mehta Tech Solutions LLP,19DDDDD8663C4Z2,HSN 4819,INV/2025/49773,True,0
TXN-2025-01744,2025-05-02,24532.41,Infosys Limited,19DDDDD4479C8Z2,SAC 9965,INV/2025/87777,True,0
TXN-2025-01745,2025-05-02,79255.83,Delhi Distribution Network,27BBBBB7929A7Z7,HSN 8471,INV/2025/35671,True,0
TXN-2025-01746,2025-02-26,25956.7,Reliance Industries Ltd,07AAAAA9249B4Z5,HSN 2710,INV/2025/56699,True,0
TXN-2025-01747,2025-02-14,39949.52,Singhania Textiles Pvt Ltd,09CCCCC3512A7Z3,SAC 9983,INV/2025/63433,True,0
TXN-2025-01748,2025-01-01,8634.1,Kapur Electronics,09CCCCC1358C6Z1,HSN 5208,INV/2025/32177,True,0
TXN-2025-01749,2025-01-18,28488.44,Singhania Textiles Pvt Ltd,09CCCCC3512A7Z3,SAC 9965,INV/2025/60289,True,0
TXN-2025-01750,2025-01-04,17658.64,Bharat Petroleum Dealer,33EEEEE8784B8Z9,HSN 4819,INV/2025/48743,True,0
TXN-2025-01751,2025-05-19,4186.95,Tata Consultancy Services Ltd,33EEEEE4190F6Z8,HSN 7208,INV/2025/42864,True,0
TXN-2025-01752,2025-03-07,12356.28,Delhi Distribution Network,27BBBBB7929A7Z7,SAC 9983,INV/2025/67564,True,0
TXN-2025-01753,2025-02-18,7550.38,Verma Stationery Traders,27BBBBB7617P4Z2,SAC 9965,INV/2025/55251,True,0
TXN-2025-01754,2025-02-03,45807.78,Singhania Textiles Pvt Ltd,09CCCCC3512A7Z3,HSN 4819,INV/2025/26206,True,0
TXN-2025-01755,2025-06-02,2149.57,Apex Packaging Solutions,09CCCCC2077B7Z6,HSN 8471,INV/2025/30948,True,0
TXN-2025-01756,2025-06-30,8438.5,Delhi Distribution Network,27BBBBB7929A7Z7,HSN 7208,INV/2025/88732,True,0
TXN-2025-01757,2025-03-28,15617.82,Kapur Electronics,09CCCCC1358C6Z1,HSN 2710,INV/2025/69351,True,0
TXN-2025-01758,2025-03-29,6594.9,Singhania Textiles Pvt Ltd,09CCCCC3512A7Z3,HSN 4819,INV/2025/90695,True,0
TXN-2025-01759,2025-01-19,39205.03,Infosys Limited,19DDDDD4479C8Z2,SAC 9965,INV/2025/76087,True,0
TXN-2025-01760,2025-04-04,250000.0,Verma Stationery Traders,27BBBBB7617P4Z2,CASH PAYMENT,INV/2025/13775,True,1
TXN-2025-01761,2025-02-17,19591.73,Delhi Distribution Network,27BBBBB7929A7Z7,HSN 8471,INV/2025/60549,True,0
TXN-2025-01762,2025-01-12,9153.01,Global Enterprises,07AAAAA8603B9Z2,SAC 9965,INV/2025/48075,True,0
TXN-2025-01763,2025-02-17,6295.45,Global Enterprises,07AAAAA8603B9Z2,HSN 8471,INV/2025/32734,True,0
TXN-2025-01764,2025-05-24,18233.89,Chawla IT Services,09CCCCC3968F1Z2,SAC 9965,INV/2025/68275,True,0
TXN-2025-01765,2025-05-26,20479.9,Global Enterprises,07AAAAA8603B9Z2,SAC 9983,INV/2025/45746,True,0
TXN-2025-01766,2025-03-25,17920.1,Singhania Textiles Pvt Ltd,09CCCCC3512A7Z3,HSN 5208,INV/2025/25665,True,0
TXN-2025-01767,2025-06-07,12390.61,Aggarwal Auto Components,33EEEEE6382C7Z7,HSN 2710,INV/2025/28537,True,0
TXN-2025-01768,2025-03-06,19404.08,Sharma Logistics & Freight,09CCCCC4166B2Z8,HSN 8471,INV/2025/86417,True,0
TXN-2025-01769,2025-03-17,9826.4,Gupta Steel & Hardware Corp,33EEEEE7004B8Z6,HSN 7208,INV/2025/27307,True,0
TXN-2025-01770,2025-05-18,18868.83,Singhania Textiles Pvt Ltd,09CCCCC3512A7Z3,HSN 7208,INV/2025/58807,True,0
TXN-2025-01771,2025-05-31,18052.43,Chawla IT Services,09CCCCC3968F1Z2,HSN 5208,INV/2025/57525,True,0
TXN-2025-01772,2025-03-19,11895.16,Kapur Electronics,09CCCCC1358C6Z1,SAC 9983,INV/2025/28926,True,0
TXN-2025-01773,2025-06-22,6446.81,Bharat Petroleum Dealer,33EEEEE8784B8Z9,HSN 8471,INV/2025/85089,True,0
TXN-2025-01774,2025-04-02,8585.17,Sharma Logistics & Freight,09CCCCC4166B2Z8,HSN 5208,INV/2025/36666,True,0
TXN-2025-01775,2025-04-04,19625.39,Chawla IT Services,09CCCCC3968F1Z2,HSN 8471,INV/2025/92617,True,0
TXN-2025-01776,2025-05-04,20513.65,Delhi Distribution Network,27BBBBB7929A7Z7,HSN 4819,INV/2025/49175,True,0
TXN-2025-01777,2025-03-01,28955.81,Kapur Electronics,09CCCCC1358C6Z1,SAC 9965,INV/2025/58270,True,0
TXN-2025-01778,2025-05-12,12363.33,Aggarwal Auto Components,33EEEEE6382C7Z7,HSN 2710,INV/2025/36974,True,0
TXN-2025-01779,2025-06-26,7384.96,Infosys Limited,19DDDDD4479C8Z2,HSN 7208,INV/2025/57210,True,0
TXN-2025-01780,2025-04-02,5060.69,Singhania Textiles Pvt Ltd,09CCCCC3512A7Z3,HSN 4819,INV/2025/52213,True,0
TXN-2025-01781,2025-02-27,14904.16,Apex Packaging Solutions,09CCCCC2077B7Z6,SAC 9983,INV/2025/38672,True,0
TXN-2025-01782,2025-04-03,88634.84,Infosys Limited,19DDDDD4479C8Z2,HSN 4819,INV/2025/70158,True,0
TXN-2025-01783,2025-01-12,7425.48,Gupta Steel & Hardware Corp,33EEEEE7004B8Z6,SAC 9965,INV/2025/83868,True,0
TXN-2025-01784,2025-03-23,16894.9,Kapur Electronics,09CCCCC1358C6Z1,HSN 8471,INV/2025/59758,True,0
TXN-2025-01785,2025-02-19,7295.52,Aggarwal Auto Components,33EEEEE6382C7Z7,SAC 9983,INV/2025/77053,True,0
TXN-2025-01786,2025-06-07,36423.37,Tata Consultancy Services Ltd,33EEEEE4190F6Z8,HSN 8471,INV/2025/59631,True,0
TXN-2025-01787,2025-04-11,12687.25,Apex Packaging Solutions,09CCCCC2077B7Z6,HSN 5208,INV/2025/59201,True,0
TXN-2025-01788,2025-01-22,65363.8,Verma Stationery Traders,27BBBBB7617P4Z2,HSN 8471,INV/2025/73878,True,0
TXN-2025-01789,2025-02-24,16791.46,Chawla IT Services,09CCCCC3968F1Z2,HSN 7208,INV/2025/84287,True,0
TXN-2025-01790,2025-02-21,11186.22,Verma Stationery Traders,27BBBBB7617P4Z2,SAC 9965,INV/2025/71973,True,0
TXN-2025-01791,2025-06-18,11889.99,Sharma Logistics & Freight,09CCCCC4166B2Z8,HSN 5208,INV/2025/42217,True,0
TXN-2025-01792,2025-06-07,2776.3,Global Enterprises,07AAAAA8603B9Z2,SAC 9965,INV/2025/39824,True,0
TXN-2025-01793,2025-04-30,12676.37,Mehta Tech Solutions LLP,19DDDDD8663C4Z2,HSN 5208,INV/2025/85738,True,0
TXN-2025-01794,2025-05-21,26505.54,Bharat Petroleum Dealer,33EEEEE8784B8Z9,SAC 9965,INV/2025/19686,True,0
TXN-2025-01795,2025-06-29,9368.31,Reliance Industries Ltd,07AAAAA9249B4Z5,SAC 9983,INV/2025/89251,True,0
TXN-2025-01796,2025-06-02,15148.91,Global Enterprises,07AAAAA8603B9Z2,HSN 7208,INV/2025/44322,True,0
TXN-2025-01797,2025-02-26,7153.39,Bharat Petroleum Dealer,33EEEEE8784B8Z9,HSN 8471,INV/2025/29014,True,0
TXN-2025-01798,2025-03-14,12775.34,Bharat Petroleum Dealer,33EEEEE8784B8Z9,HSN 7208,INV/2025/71886,True,0
TXN-2025-01799,2025-04-22,8240.12,Delhi Distribution Network,27BBBBB7929A7Z7,SAC 9965,INV/2025/44905,True,0
TXN-2025-01800,2025-06-24,30231.78,Delhi Distribution Network,07INVALIDGSTIN12,SAC 9965,INV/2025/81246,True,1
TXN-2025-01801,2025-04-16,6351.6,Gupta Steel & Hardware Corp,33EEEEE7004B8Z6,HSN 5208,INV/2025/39072,True,0
TXN-2025-01802,2025-03-12,11849.44,Singhania Textiles Pvt Ltd,09CCCCC3512A7Z3,HSN 4819,INV/2025/50432,True,0
TXN-2025-01803,2025-03-14,178538.3,Gupta Steel & Hardware Corp,33EEEEE8784B8Z9,SAC 9983,INV/2025/71886,True,1
TXN-2025-01804,2025-01-01,17713.8,Mehta Tech Solutions LLP,19DDDDD8663C4Z2,HSN 5208,INV/2025/49393,True,0
TXN-2025-01805,2025-05-26,13094.68,Apex Packaging Solutions,09CCCCC2077B7Z6,SAC 9983,INV/2025/92321,True,0
TXN-2025-01806,2025-01-15,8037.89,Verma Stationery Traders,27BBBBB7617P4Z2,HSN 8471,INV/2025/95249,True,0
TXN-2025-01807,2025-04-03,10950.65,Mehta Tech Solutions LLP,19DDDDD8663C4Z2,HSN 8471,INV/2025/43800,True,0
TXN-2025-01808,2025-03-31,11864.37,Sharma Logistics & Freight,09CCCCC4166B2Z8,SAC 9965,INV/2025/16790,True,0
TXN-2025-01809,2025-05-03,41518.64,Bharat Petroleum Dealer,33EEEEE8784B8Z9,HSN 8471,INV/2025/35709,True,0
TXN-2025-01810,2025-01-22,38184.94,Global Enterprises,07AAAAA8603B9Z2,HSN 2710,INV/2025/57624,True,0
TXN-2025-01811,2025-03-05,48782.69,Aggarwal Auto Components,33EEEEE6382C7Z7,HSN 7208,INV/2025/23594,True,0
TXN-2025-01812,2025-01-27,4420.62,Aggarwal Auto Components,33EEEEE6382C7Z7,SAC 9965,INV/2025/67030,True,0
TXN-2025-01813,2025-02-18,11489.0,Delhi Distribution Network,27BBBBB7929A7Z7,HSN 5208,INV/2025/81389,True,0
TXN-2025-01814,2025-03-18,3425.59,Global Enterprises,07AAAAA8603B9Z2,HSN 7208,INV/2025/70065,True,0
TXN-2025-01815,2025-06-28,144773.38,Sharma Logistics & Freight,09CCCCC4166B2Z8,HSN 5208,INV/2025/23188,True,0
TXN-2025-01816,2025-04-19,19399.61,Verma Stationery Traders,27BBBBB7617P4Z2,HSN 8471,INV/2025/96818,True,0
TXN-2025-01817,2025-05-01,6467.63,Sharma Logistics & Freight,09CCCCC4166B2Z8,HSN 8471,INV/2025/24445,True,0
TXN-2025-01818,2025-02-14,8714.48,Global Enterprises,07AAAAA8603B9Z2,HSN 2710,INV/2025/35536,True,0
TXN-2025-01819,2025-04-07,33185.95,Gupta Steel & Hardware Corp,33EEEEE7004B8Z6,HSN 4819,INV/2025/17289,True,0
TXN-2025-01820,2025-06-23,1000.0,Apex Packaging Solutions,07INVALIDGSTIN12,SAC 9965,INV/2025/88984,True,1
TXN-2025-01821,2025-01-02,5318.05,Kapur Electronics,09CCCCC1358C6Z1,HSN 4819,INV/2025/91296,True,0
TXN-2025-01822,2025-02-24,6893.58,Aggarwal Auto Components,33EEEEE6382C7Z7,SAC 9965,INV/2025/80855,True,0
TXN-2025-01823,2025-04-10,2716.14,Verma Stationery Traders,27BBBBB7617P4Z2,HSN 8471,INV/2025/76866,True,0
TXN-2025-01824,2025-01-25,25247.61,Verma Stationery Traders,27BBBBB7617P4Z2,HSN 7208,INV/2025/99810,True,0
TXN-2025-01825,2025-02-10,6428.63,Aggarwal Auto Components,33EEEEE6382C7Z7,HSN 8471,INV/2025/19335,True,0
TXN-2025-01826,2025-01-19,10110.26,Global Enterprises,07AAAAA8603B9Z2,SAC 9965,INV/2025/95233,True,0
TXN-2025-01827,2025-01-24,26682.42,Bharat Petroleum Dealer,33EEEEE8784B8Z9,SAC 9983,INV/2025/54566,True,0
TXN-2025-01828,2025-04-02,16390.62,Chawla IT Services,09CCCCC3968F1Z2,HSN 5208,INV/2025/95804,True,0
TXN-2025-01829,2025-03-05,33249.67,Verma Stationery Traders,27BBBBB7617P4Z2,SAC 9983,INV/2025/40461,True,0
TXN-2025-01830,2025-01-18,70437.75,Tata Consultancy Services Ltd,33EEEEE4190F6Z8,HSN 5208,INV/2025/91612,True,0
TXN-2025-01831,2025-02-16,16852.25,Tata Consultancy Services Ltd,33EEEEE4190F6Z8,HSN 2710,INV/2025/26943,True,0
TXN-2025-01832,2025-03-30,14181.09,Delhi Distribution Network,27BBBBB7929A7Z7,HSN 8471,INV/2025/15885,True,0
TXN-2025-01833,2025-05-24,40371.02,Gupta Steel & Hardware Corp,33EEEEE7004B8Z6,HSN 7208,INV/2025/55289,True,0
TXN-2025-01834,2025-03-19,1781.42,Tata Consultancy Services Ltd,33EEEEE4190F6Z8,HSN 8471,INV/2025/82477,True,0
TXN-2025-01835,2025-02-14,7658.0,Reliance Industries Ltd,07AAAAA9249B4Z5,SAC 9965,INV/2025/10379,True,0
TXN-2025-01836,2025-06-13,14695.99,Chawla IT Services,09CCCCC3968F1Z2,HSN 7208,INV/2025/49387,True,0
TXN-2025-01837,2025-03-14,3090.2,Singhania Textiles Pvt Ltd,09CCCCC3512A7Z3,HSN 2710,INV/2025/71296,True,0
TXN-2025-01838,2025-02-20,19906.16,Apex Packaging Solutions,09CCCCC2077B7Z6,HSN 5208,INV/2025/73076,True,0
TXN-2025-01839,2025-01-20,35202.43,Verma Stationery Traders,27BBBBB7617P4Z2,HSN 7208,INV/2025/74299,True,0
TXN-2025-01840,2025-02-22,9243.01,Chawla IT Services,09CCCCC3968F1Z2,HSN 7208,INV/2025/54129,True,0
TXN-2025-01841,2025-06-14,4763.24,Infosys Limited,19DDDDD4479C8Z2,HSN 8471,INV/2025/90780,True,0
TXN-2025-01842,2025-06-03,11404.1,Singhania Textiles Pvt Ltd,09CCCCC3512A7Z3,HSN 2710,INV/2025/90963,True,0
TXN-2025-01843,2025-03-15,12770.75,Sharma Logistics & Freight,09CCCCC4166B2Z8,SAC 9983,INV/2025/11238,True,0
TXN-2025-01844,2025-03-01,4716.76,Reliance Industries Ltd,07INVALIDGSTIN12,SAC 9983,INV/2025/71329,True,1
TXN-2025-01845,2025-03-22,2558.4,Global Enterprises,07AAAAA8603B9Z2,HSN 7208,INV/2025/21517,True,0
TXN-2025-01846,2025-03-28,5203.58,Singhania Textiles Pvt Ltd,07INVALIDGSTIN12,HSN 5208,INV/2025/64798,True,1
TXN-2025-01847,2025-02-28,2434.26,Bharat Petroleum Dealer,33EEEEE8784B8Z9,HSN 8471,INV/2025/41721,True,0
TXN-2025-01848,2025-06-08,8189.34,Chawla IT Services,09CCCCC3968F1Z2,SAC 9983,INV/2025/16659,True,0
TXN-2025-01849,2025-01-09,19678.25,Apex Packaging Solutions,09CCCCC2077B7Z6,HSN 5208,INV/2025/56478,True,0
TXN-2025-01850,2025-05-15,31884.32,Gupta Steel & Hardware Corp,33EEEEE7004B8Z6,HSN 8471,INV/2025/79983,True,0
TXN-2025-01851,2025-03-27,50882.49,Aggarwal Auto Components,33EEEEE6382C7Z7,HSN 5208,INV/2025/14475,True,0
TXN-2025-01852,2025-01-16,8055.67,Kapur Electronics,09CCCCC1358C6Z1,SAC 9983,INV/2025/50912,True,0
TXN-2025-01853,2025-06-23,4739.94,Gupta Steel & Hardware Corp,33EEEEE7004B8Z6,HSN 8471,INV/2025/38103,True,0
TXN-2025-01854,2025-03-07,13251.48,Reliance Industries Ltd,07AAAAA9249B4Z5,SAC 9983,INV/2025/69685,True,0
TXN-2025-01855,2025-01-15,120000.0,Kapur Electronics,09CCCCC1358C6Z1,SAC 9983 (NO TDS),INV/2025/38349,False,1
TXN-2025-01856,2025-06-05,6658.2,Chawla IT Services,09CCCCC3968F1Z2,HSN 4819,INV/2025/23965,True,0
TXN-2025-01857,2025-06-28,23439.21,Infosys Limited,19DDDDD4479C8Z2,HSN 2710,INV/2025/74378,True,0
TXN-2025-01858,2025-06-09,4581.98,Sharma Logistics & Freight,09CCCCC4166B2Z8,HSN 8471,INV/2025/55881,True,0
TXN-2025-01859,2025-02-07,5598.25,Global Enterprises,07AAAAA8603B9Z2,HSN 4819,INV/2025/52088,True,0
TXN-2025-01860,2025-05-05,7909.45,Global Enterprises,07AAAAA8603B9Z2,HSN 2710,INV/2025/59138,True,0
TXN-2025-01861,2025-06-06,9127.63,Global Enterprises,07AAAAA8603B9Z2,SAC 9983,INV/2025/81172,True,0
TXN-2025-01862,2025-05-11,109402.9,Verma Stationery Traders,27BBBBB7617P4Z2,HSN 7208,INV/2025/58908,True,0
TXN-2025-01863,2025-02-04,8327.39,Kapur Electronics,09CCCCC1358C6Z1,SAC 9965,INV/2025/89966,True,0
TXN-2025-01864,2025-03-12,15658.09,Chawla IT Services,09CCCCC3968F1Z2,HSN 5208,INV/2025/97694,True,0
TXN-2025-01865,2025-03-15,14397.43,Reliance Industries Ltd,07AAAAA9249B4Z5,SAC 9965,INV/2025/22461,True,0
TXN-2025-01866,2025-06-21,9926.29,Aggarwal Auto Components,33EEEEE6382C7Z7,SAC 9983,INV/2025/43552,True,0
TXN-2025-01867,2025-02-15,9648.52,Kapur Electronics,09CCCCC1358C6Z1,HSN 7208,INV/2025/64119,True,0
TXN-2025-01868,2025-04-02,24683.22,Chawla IT Services,09CCCCC3968F1Z2,SAC 9965,INV/2025/28766,True,0
TXN-2025-01869,2025-04-25,20781.52,Global Enterprises,07AAAAA8603B9Z2,HSN 4819,INV/2025/13635,True,0
TXN-2025-01870,2025-05-31,10822.45,Chawla IT Services,09CCCCC3968F1Z2,HSN 2710,INV/2025/77452,True,0
TXN-2025-01871,2025-04-27,40606.08,Sharma Logistics & Freight,09CCCCC4166B2Z8,SAC 9983,INV/2025/92763,True,0
TXN-2025-01872,2025-01-02,17367.07,Chawla IT Services,09CCCCC3968F1Z2,HSN 2710,INV/2025/17830,True,0
TXN-2025-01873,2025-05-23,8898.59,Singhania Textiles Pvt Ltd,09CCCCC3512A7Z3,HSN 8471,INV/2025/88682,True,0
TXN-2025-01874,2025-02-26,23074.9,Global Enterprises,07AAAAA8603B9Z2,HSN 8471,INV/2025/25708,True,0
TXN-2025-01875,2025-05-06,27088.94,Reliance Industries Ltd,07AAAAA9249B4Z5,HSN 8471,INV/2025/42720,True,0
TXN-2025-01876,2025-03-11,6339.73,Singhania Textiles Pvt Ltd,09CCCCC3512A7Z3,HSN 2710,INV/2025/77233,True,0
TXN-2025-01877,2025-03-02,14085.01,Chawla IT Services,09CCCCC3968F1Z2,SAC 9965,INV/2025/71866,True,0
TXN-2025-01878,2025-01-01,12330.65,Singhania Textiles Pvt Ltd,09CCCCC3512A7Z3,SAC 9965,INV/2025/19906,True,0
TXN-2025-01879,2025-06-22,105790.89,Chawla IT Services,09CCCCC3968F1Z2,SAC 9983,INV/2025/60745,True,0
TXN-2025-01880,2025-04-01,24594.42,Apex Packaging Solutions,07INVALIDGSTIN12,HSN 2710,INV/2025/57346,True,1
TXN-2025-01881,2025-05-28,9780.16,Reliance Industries Ltd,07AAAAA9249B4Z5,HSN 7208,INV/2025/95886,True,0
TXN-2025-01882,2025-06-27,18703.45,Chawla IT Services,09CCCCC3968F1Z2,HSN 5208,INV/2025/77372,True,0
TXN-2025-01883,2025-02-15,69094.64,Global Enterprises,07AAAAA8603B9Z2,HSN 4819,INV/2025/51138,True,0
TXN-2025-01884,2025-04-23,5127.15,Global Enterprises,07AAAAA8603B9Z2,HSN 2710,INV/2025/36450,True,0
TXN-2025-01885,2025-04-13,26844.37,Reliance Industries Ltd,07AAAAA9249B4Z5,SAC 9983,INV/2025/37039,True,0
TXN-2025-01886,2025-01-04,30595.21,Bharat Petroleum Dealer,33EEEEE8784B8Z9,HSN 2710,INV/2025/50857,True,0
TXN-2025-01887,2025-05-26,250000.0,Delhi Distribution Network,27BBBBB7929A7Z7,CASH PAYMENT,INV/2025/27176,True,1
TXN-2025-01888,2025-06-08,120000.0,Delhi Distribution Network,27BBBBB7929A7Z7,SAC 9983 (NO TDS),INV/2025/83476,False,1
TXN-2025-01889,2025-04-12,10374.46,Sharma Logistics & Freight,09CCCCC4166B2Z8,HSN 8471,INV/2025/54771,True,0
TXN-2025-01890,2025-04-06,18389.53,Kapur Electronics,09CCCCC1358C6Z1,SAC 9965,INV/2025/20257,True,0
TXN-2025-01891,2025-04-12,26005.49,Apex Packaging Solutions,09CCCCC2077B7Z6,HSN 5208,INV/2025/96093,True,0
TXN-2025-01892,2025-04-04,9839.88,Apex Packaging Solutions,09CCCCC2077B7Z6,SAC 9965,INV/2025/27705,True,0
TXN-2025-01893,2025-05-13,12367.81,Delhi Distribution Network,27BBBBB7929A7Z7,HSN 8471,INV/2025/36786,True,0
TXN-2025-01894,2025-04-30,27928.02,Sharma Logistics & Freight,09CCCCC4166B2Z8,HSN 4819,INV/2025/38540,True,0
TXN-2025-01895,2025-03-26,9866.93,Bharat Petroleum Dealer,33EEEEE8784B8Z9,SAC 9965,INV/2025/51632,True,0
TXN-2025-01896,2025-01-27,3625.2,Verma Stationery Traders,27BBBBB7617P4Z2,SAC 9983,INV/2025/69640,True,0
TXN-2025-01897,2025-06-02,4839.83,Singhania Textiles Pvt Ltd,09CCCCC3512A7Z3,HSN 2710,INV/2025/60960,True,0
TXN-2025-01898,2025-06-14,43995.13,Global Enterprises,07AAAAA8603B9Z2,HSN 8471,INV/2025/53560,True,0
TXN-2025-01899,2025-03-23,14110.83,Singhania Textiles Pvt Ltd,09CCCCC3512A7Z3,HSN 7208,INV/2025/42615,True,0
TXN-2025-01900,2025-01-27,26314.6,Reliance Industries Ltd,07AAAAA9249B4Z5,HSN 4819,INV/2025/96326,True,0
TXN-2025-01901,2025-01-01,9879.19,Reliance Industries Ltd,07AAAAA9249B4Z5,SAC 9965,INV/2025/29306,True,0
TXN-2025-01902,2025-02-07,250000.0,Infosys Limited,19DDDDD4479C8Z2,CASH PAYMENT,INV/2025/83831,True,1
TXN-2025-01903,2025-03-25,8259.16,Reliance Industries Ltd,07AAAAA9249B4Z5,HSN 8471,INV/2025/98395,True,0
TXN-2025-01904,2025-01-12,5088.08,Delhi Distribution Network,27BBBBB7929A7Z7,HSN 4819,INV/2025/41104,True,0
TXN-2025-01905,2025-01-27,13736.61,Global Enterprises,07AAAAA9249B4Z5,SAC 9965,INV/2025/96326,True,1
TXN-2025-01906,2025-06-09,29957.85,Chawla IT Services,09CCCCC3968F1Z2,SAC 9965,INV/2025/65167,True,0
TXN-2025-01907,2025-02-01,12411.21,Chawla IT Services,09CCCCC3968F1Z2,HSN 5208,INV/2025/83025,True,0
TXN-2025-01908,2025-02-24,3871.5,Mehta Tech Solutions LLP,19DDDDD8663C4Z2,HSN 4819,INV/2025/17477,True,0
TXN-2025-01909,2025-04-13,9198.73,Infosys Limited,19DDDDD4479C8Z2,SAC 9965,INV/2025/28337,True,0
TXN-2025-01910,2025-02-03,15610.6,Infosys Limited,19DDDDD4479C8Z2,HSN 7208,INV/2025/93327,True,0
TXN-2025-01911,2025-01-29,185000.0,Chawla IT Services,09CCCCC3968F1Z2,UNCLASSIFIED,INV/2025/55128,True,1
TXN-2025-01912,2025-02-23,8890.05,Gupta Steel & Hardware Corp,33EEEEE7004B8Z6,SAC 9965,INV/2025/63418,True,0
TXN-2025-01913,2025-05-24,11141.29,Global Enterprises,07AAAAA8603B9Z2,SAC 9983,INV/2025/24742,True,0
TXN-2025-01914,2025-06-27,30173.76,Infosys Limited,19DDDDD4479C8Z2,HSN 8471,INV/2025/66362,True,0
TXN-2025-01915,2025-06-27,17305.61,Singhania Textiles Pvt Ltd,09CCCCC3512A7Z3,HSN 5208,INV/2025/13608,True,0
TXN-2025-01916,2025-01-02,5186.95,Mehta Tech Solutions LLP,19DDDDD8663C4Z2,HSN 2710,INV/2025/42619,True,0
TXN-2025-01917,2025-01-18,4758.38,Apex Packaging Solutions,09CCCCC2077B7Z6,SAC 9983,INV/2025/39320,True,0
TXN-2025-01918,2025-03-31,20314.07,Bharat Petroleum Dealer,33EEEEE8784B8Z9,HSN 8471,INV/2025/33054,True,0
TXN-2025-01919,2025-04-01,26097.43,Delhi Distribution Network,27BBBBB7929A7Z7,SAC 9983,INV/2025/72164,True,0
TXN-2025-01920,2025-03-08,36527.02,Verma Stationery Traders,27BBBBB7617P4Z2,HSN 4819,INV/2025/66560,True,0
TXN-2025-01921,2025-05-18,17666.88,Apex Packaging Solutions,09CCCCC2077B7Z6,HSN 8471,INV/2025/52616,True,0
TXN-2025-01922,2025-01-23,19207.98,Kapur Electronics,09CCCCC1358C6Z1,HSN 4819,INV/2025/42534,True,0
TXN-2025-01923,2025-04-09,17069.44,Gupta Steel & Hardware Corp,33EEEEE7004B8Z6,HSN 7208,INV/2025/66481,True,0
TXN-2025-01924,2025-05-07,10628.52,Singhania Textiles Pvt Ltd,09CCCCC3512A7Z3,HSN 7208,INV/2025/20960,True,0
TXN-2025-01925,2025-01-22,5125.06,Tata Consultancy Services Ltd,33EEEEE4190F6Z8,SAC 9965,INV/2025/70286,True,0
TXN-2025-01926,2025-03-24,26172.85,Verma Stationery Traders,27BBBBB7617P4Z2,HSN 2710,INV/2025/39556,True,0
TXN-2025-01927,2025-06-05,9272.89,Reliance Industries Ltd,07AAAAA9249B4Z5,HSN 7208,INV/2025/90830,True,0
TXN-2025-01928,2025-04-24,33774.03,Kapur Electronics,09CCCCC1358C6Z1,HSN 4819,INV/2025/28857,True,0
TXN-2025-01929,2025-01-22,10071.36,Sharma Logistics & Freight,09CCCCC4166B2Z8,HSN 7208,INV/2025/74508,True,0
TXN-2025-01930,2025-04-27,5758.51,Chawla IT Services,09CCCCC3968F1Z2,HSN 8471,INV/2025/87887,True,0
TXN-2025-01931,2025-03-07,18407.42,Global Enterprises,07AAAAA8603B9Z2,HSN 4819,INV/2025/25282,True,0
TXN-2025-01932,2025-02-12,12176.5,Singhania Textiles Pvt Ltd,09CCCCC3512A7Z3,SAC 9983,INV/2025/56424,True,0
TXN-2025-01933,2025-04-23,185000.0,Aggarwal Auto Components,33EEEEE6382C7Z7,UNCLASSIFIED,INV/2025/32761,True,1
TXN-2025-01934,2025-01-29,1500000.0,Chawla IT Services,09CCCCC3968F1Z2,HSN 5208,INV/2025/98495,True,1
TXN-2025-01935,2025-04-27,19145.41,Singhania Textiles Pvt Ltd,09CCCCC3968F1Z2,HSN 4819,INV/2025/87887,True,1
TXN-2025-01936,2025-01-16,8604.3,Infosys Limited,19DDDDD4479C8Z2,HSN 8471,INV/2025/46851,True,0
TXN-2025-01937,2025-04-24,17949.65,Tata Consultancy Services Ltd,33EEEEE4190F6Z8,HSN 8471,INV/2025/98633,True,0
TXN-2025-01938,2025-05-04,16766.59,Verma Stationery Traders,27BBBBB7617P4Z2,HSN 8471,INV/2025/15015,True,0
TXN-2025-01939,2025-03-21,21890.6,Mehta Tech Solutions LLP,19DDDDD8663C4Z2,HSN 4819,INV/2025/37753,True,0
TXN-2025-01940,2025-03-13,12006.43,Tata Consultancy Services Ltd,33EEEEE4190F6Z8,HSN 4819,INV/2025/46673,True,0
TXN-2025-01941,2025-02-26,16701.42,Aggarwal Auto Components,33EEEEE6382C7Z7,SAC 9965,INV/2025/27188,True,0
TXN-2025-01942,2025-05-19,185000.0,Sharma Logistics & Freight,09CCCCC4166B2Z8,UNCLASSIFIED,INV/2025/44627,True,1
TXN-2025-01943,2025-05-01,42669.42,Gupta Steel & Hardware Corp,33EEEEE7004B8Z6,HSN 2710,INV/2025/18670,True,0
TXN-2025-01944,2025-02-17,9607.91,Infosys Limited,19DDDDD4479C8Z2,HSN 4819,INV/2025/16367,True,0
TXN-2025-01945,2025-02-12,35936.44,Kapur Electronics,09CCCCC1358C6Z1,HSN 5208,INV/2025/80308,True,0
TXN-2025-01946,2025-01-01,15705.06,Delhi Distribution Network,27BBBBB7929A7Z7,HSN 5208,INV/2025/98884,True,0
TXN-2025-01947,2025-01-03,25192.97,Singhania Textiles Pvt Ltd,09CCCCC3512A7Z3,HSN 5208,INV/2025/74407,True,0
TXN-2025-01948,2025-03-04,49137.16,Bharat Petroleum Dealer,33EEEEE8784B8Z9,SAC 9983,INV/2025/47036,True,0
TXN-2025-01949,2025-03-15,7793.23,Chawla IT Services,09CCCCC3968F1Z2,HSN 7208,INV/2025/98251,True,0
TXN-2025-01950,2025-01-02,120000.0,Gupta Steel & Hardware Corp,33EEEEE7004B8Z6,SAC 9983 (NO TDS),INV/2025/74427,False,1
TXN-2025-01951,2025-05-13,9462.64,Delhi Distribution Network,27BBBBB7929A7Z7,HSN 8471,INV/2025/33112,True,0
TXN-2025-01952,2025-04-20,19199.58,Verma Stationery Traders,27BBBBB7617P4Z2,HSN 4819,INV/2025/54162,True,0
TXN-2025-01953,2025-01-21,11519.29,Mehta Tech Solutions LLP,19DDDDD8663C4Z2,HSN 2710,INV/2025/44609,True,0
TXN-2025-01954,2025-06-21,17162.23,Aggarwal Auto Components,33EEEEE6382C7Z7,SAC 9983,INV/2025/48019,True,0
TXN-2025-01955,2025-06-13,5270.34,Aggarwal Auto Components,33EEEEE6382C7Z7,SAC 9965,INV/2025/11896,True,0
TXN-2025-01956,2025-01-14,22830.86,Bharat Petroleum Dealer,33EEEEE8784B8Z9,HSN 4819,INV/2025/49027,True,0
TXN-2025-01957,2025-06-06,6968.48,Bharat Petroleum Dealer,33EEEEE8784B8Z9,SAC 9983,INV/2025/76251,True,0
TXN-2025-01958,2025-02-13,19540.68,Gupta Steel & Hardware Corp,33EEEEE7004B8Z6,HSN 5208,INV/2025/59035,True,0
TXN-2025-01959,2025-05-21,14695.1,Chawla IT Services,09CCCCC3968F1Z2,HSN 7208,INV/2025/14338,True,0
TXN-2025-01960,2025-02-07,11563.46,Apex Packaging Solutions,09CCCCC2077B7Z6,HSN 2710,INV/2025/40763,True,0
TXN-2025-01961,2025-04-09,28774.7,Bharat Petroleum Dealer,33EEEEE8784B8Z9,SAC 9965,INV/2025/92575,True,0
TXN-2025-01962,2025-03-15,37146.61,Sharma Logistics & Freight,09CCCCC4166B2Z8,HSN 5208,INV/2025/36957,True,0
TXN-2025-01963,2025-01-14,48399.95,Sharma Logistics & Freight,09CCCCC4166B2Z8,SAC 9965,INV/2025/20825,True,0
TXN-2025-01964,2025-01-07,1559.76,Apex Packaging Solutions,09CCCCC2077B7Z6,HSN 4819,INV/2025/46868,True,0
TXN-2025-01965,2025-05-18,35508.44,Infosys Limited,19DDDDD4479C8Z2,HSN 4819,INV/2025/90321,True,0
TXN-2025-01966,2025-01-27,15808.59,Apex Packaging Solutions,09CCCCC2077B7Z6,HSN 5208,INV/2025/23354,True,0
TXN-2025-01967,2025-05-20,13371.36,Mehta Tech Solutions LLP,19DDDDD8663C4Z2,HSN 7208,INV/2025/43851,True,0
TXN-2025-01968,2025-05-22,66915.89,Verma Stationery Traders,27BBBBB7617P4Z2,HSN 5208,INV/2025/46143,True,0
TXN-2025-01969,2025-03-08,50447.09,Mehta Tech Solutions LLP,19DDDDD8663C4Z2,HSN 5208,INV/2025/19635,True,0
TXN-2025-01970,2025-06-02,53537.47,Kapur Electronics,09CCCCC1358C6Z1,HSN 5208,INV/2025/73827,True,0
TXN-2025-01971,2025-02-06,9963.29,Singhania Textiles Pvt Ltd,09CCCCC3512A7Z3,SAC 9965,INV/2025/14563,True,0
TXN-2025-01972,2025-01-01,30220.6,Tata Consultancy Services Ltd,33EEEEE4190F6Z8,SAC 9965,INV/2025/13011,True,0
TXN-2025-01973,2025-01-02,2954.99,Mehta Tech Solutions LLP,07INVALIDGSTIN12,HSN 5208,INV/2025/39210,True,1
TXN-2025-01974,2025-01-01,6863.41,Singhania Textiles Pvt Ltd,09CCCCC3512A7Z3,SAC 9965,INV/2025/52568,True,0
TXN-2025-01975,2025-02-23,10272.73,Kapur Electronics,09CCCCC1358C6Z1,HSN 8471,INV/2025/38965,True,0
TXN-2025-01976,2025-06-22,11903.35,Aggarwal Auto Components,33EEEEE6382C7Z7,HSN 7208,INV/2025/70590,True,0
TXN-2025-01977,2025-01-02,6430.32,Gupta Steel & Hardware Corp,33EEEEE7004B8Z6,HSN 7208,INV/2025/37916,True,0
TXN-2025-01978,2025-02-06,52517.85,Global Enterprises,07AAAAA8603B9Z2,HSN 2710,INV/2025/76733,True,0
TXN-2025-01979,2025-06-28,13810.87,Infosys Limited,19DDDDD4479C8Z2,HSN 8471,INV/2025/44169,True,0
TXN-2025-01980,2025-02-08,5909.32,Singhania Textiles Pvt Ltd,09CCCCC3512A7Z3,HSN 7208,INV/2025/42842,True,0
TXN-2025-01981,2025-05-11,5418.02,Reliance Industries Ltd,07AAAAA9249B4Z5,HSN 8471,INV/2025/71636,True,0
TXN-2025-01982,2025-05-24,16487.06,Tata Consultancy Services Ltd,33EEEEE4190F6Z8,HSN 8471,INV/2025/45531,True,0
TXN-2025-01983,2025-04-05,11010.65,Mehta Tech Solutions LLP,19DDDDD8663C4Z2,HSN 8471,INV/2025/18181,True,0
TXN-2025-01984,2025-02-22,21509.15,Global Enterprises,07AAAAA8603B9Z2,SAC 9983,INV/2025/39593,True,0
TXN-2025-01985,2025-04-10,9136.26,Kapur Electronics,09CCCCC1358C6Z1,HSN 2710,INV/2025/67791,True,0
TXN-2025-01986,2025-03-16,22632.68,Chawla IT Services,09CCCCC3968F1Z2,HSN 7208,INV/2025/75138,True,0
TXN-2025-01987,2025-03-17,36305.14,Kapur Electronics,09CCCCC1358C6Z1,SAC 9983,INV/2025/36276,True,0
TXN-2025-01988,2025-02-19,7594.0,Apex Packaging Solutions,09CCCCC2077B7Z6,SAC 9983,INV/2025/41250,True,0
TXN-2025-01989,2025-01-17,120000.0,Singhania Textiles Pvt Ltd,09CCCCC3512A7Z3,SAC 9983 (NO TDS),INV/2025/23029,False,1
TXN-2025-01990,2025-05-13,17821.58,Gupta Steel & Hardware Corp,33EEEEE7004B8Z6,HSN 5208,INV/2025/98945,True,0
TXN-2025-01991,2025-06-11,19421.13,Tata Consultancy Services Ltd,33EEEEE4190F6Z8,HSN 8471,INV/2025/42531,True,0
TXN-2025-01992,2025-03-13,5255.35,Singhania Textiles Pvt Ltd,09CCCCC3512A7Z3,HSN 8471,INV/2025/51194,True,0
TXN-2025-01993,2025-06-19,34282.66,Chawla IT Services,09CCCCC3968F1Z2,HSN 7208,INV/2025/43320,True,0
TXN-2025-01994,2025-05-23,37443.47,Delhi Distribution Network,27BBBBB7929A7Z7,HSN 7208,INV/2025/71127,True,0
TXN-2025-01995,2025-04-12,3939.72,Sharma Logistics & Freight,09CCCCC4166B2Z8,HSN 8471,INV/2025/47169,True,0
TXN-2025-01996,2025-06-16,25196.97,Mehta Tech Solutions LLP,19DDDDD8663C4Z2,HSN 5208,INV/2025/47576,True,0
TXN-2025-01997,2025-01-14,250000.0,Verma Stationery Traders,27BBBBB7617P4Z2,HSN 2710,INV/2025/41610,True,0
TXN-2025-01998,2025-04-30,13837.67,Chawla IT Services,09CCCCC3968F1Z2,HSN 8471,INV/2025/61956,True,0
TXN-2025-01999,2025-02-24,37425.84,Infosys Limited,19DDDDD4479C8Z2,HSN 8471,INV/2025/88946,True,0
TXN-2025-02000,2025-03-25,15814.36,Gupta Steel & Hardware Corp,33EEEEE7004B8Z6,HSN 5208,INV/2025/64214,True,0
